mesh,zones
303650,18
362257,16
362306,16
362324,16
362327,16
362335,16
362336,16
362337,16
362345,16
362346,16
362347,16
362350,16
362356,16
362420,16
362430,16
362431,16
362440,16
362441,16
362442,16
362450,16
362451,16
362452,16
362461,16
362462,16
362472,16
362475,16
363151,17
364123,14
365337,19
372405,16
372415,16
372501,16
372502,16
372503,16
372511,16
372512,16
372513,16
372521,16
372522,16
372531,16
372532,16
372541,16
374102,14
374112,14
374113,14
382343,16
382344,16
382353,16
382354,16
382375,16
382474,16
383151,17
383152,17
383161,17
383162,17
383172,17
384112,14
392635,15
392636,15
392645,15
392646,15
392647,15
392676,15
392705,15
392711,15
392712,15
392714,15
392715,15
392716,15
392717,15
392721,15
392722,15
392723,15
392724,15
392725,15
392726,15
392727,15
392732,15
392733,15
392734,15
392735,15
392736,15
392737,15
392740,15
392741,15
392745,15
392746,15
392747,15
392755,15
39275600,15
39275601,15
39275602,15
39275603,15
39275604,15
39275605,15
39275606,15
39275607,15
39275608,15
39275610,15
39275611,15
39275612,15
39275613,15
39275614,15
39275615,15
39275616,15
39275617,0|15
39275620,15
39275621,15
39275622,15
39275623,15
39275624,15
39275625,15
39275626,15
39275627,0|15
39275631,15
39275633,15
39275634,15
39275635,15
39275636,15
39275637,15
39275638,15
39275644,15
39275645,15
39275646,15
39275647,15
39275648,15
39275649,15
39275654,15
39275655,15
39275656,15
39275657,15
39275658,15
39275659,15
39275665,15
39275666,15
39275667,15
39275668,15
39275669,15
39275676,15
39275677,15
39275678,15
39275679,15
39275686,15
39275687,15
39275688,15
39275689,15
39275696,15
39275697,15
39275698,15
39275699,15
392757,15
392761,15
392766,15
392767,15
392771,15
392776,15
392777,15
392840,15
392850,15
392860,15
392861,15
392870,15
392871,15
392872,15
394261,14
394270,14
394271,14
402705,15
402706,15
402707,15
402727,15
402737,15
402747,15
402757,15
402800,15
402801,15
402802,15
402811,15
402812,15
402821,15
402822,15
402840,15
402843,1
402850,15
402874,1
404066,14
404067,14
404076,14
404077,14
404200,14
404201,14
404241,14
404251,14
404252,14
404261,14
412804,1
412805,1
412815,1
412837,1
412847,1
412857,1
412861,15
412867,1
412877,1
412940,1
412950,1
412972,1
414211,14
414221,14
414231,14
414240,14
414241,14
422901,1
422902,1
422911,1
422912,1
422913,1
422921,1
422922,1
422923,1
422931,1
422932,1
422933,1
422934,1
422937,1
422942,1
422943,1
422944,1
422945,1
422947,1
422954,1
422955,1
422965,1
423030,1
423040,1
432817,1
432827,1
432910,1
432916,1
432920,1
432951,1
432962,1
442914,1
442935,1
442944,1
442945,1
442956,1
442957,1
442964,1
442966,1
442967,1
442977,1
444052,0
452907,1
453000,2
453023,2
453024,2
453033,2
453034,2
453035,2
453043,2
453044,2
453045,2
453046,2
453047,2
453051,2
453052,2
453053,2
453054,2
453056,2
453057,2
453067,2
453077,2
453160,2
453170,2
454052,0
462913,1
462917,1
462923,1
462927,1
462953,1
462963,1
462975,0
463000,2
463002,2
463006,2
463007,2
463010,2
463012,2
463013,2
463016,2
463035,2
463045,2
463046,2
463054,2
463055,2
463056,2
463057,2
463061,2
463062,2
463063,2
463064,2
463065,2
463066,2
463067,2
463071,2
463072,2
463073,2
463074,2
463075,2
463076,2
463077,2
463100,2
463110,2
463120,2
463160,2
463170,2
463171,2
472872,1
472915,0
472935,1
472945,1
472946,1
472956,1
472957,1
472966,1
472967,1
473000,2
473001,2
473002,2
473003,2
473004,2
473006,2
473007,2
473010,2
473011,2
473012,2
473013,2
473014,2
473015,2
473016,2
473017,2
473021,2
473022,2
473023,2
473024,2
473025,2
473026,2
473027,2
473032,2
473033,2
473034,2
473035,2
473036,2
473037,2
473041,2
473042,2
473043,2
473044,2
473045,2
473046,2
473047,2
473051,2
473052,2
473053,2
473054,2
473055,2
473056,2
473057,2
473060,2
473061,2
473062,2
473063,2
473064,2
473065,2
473066,2
473067,2
473071,2
473072,2
473073,2
473074,2
473075,2
473076,2
473077,2
473100,2
473101,2
473102,2
473110,2
473111,2
473112,2
473113,2
473120,2
473121,2
473122,2
473123,2
473130,2
473131,2
473132,2
473133,2
473140,2
473141,2
473142,2
473143,2
473150,2
473151,2
473152,2
473153,2
473160,2
473161,2
473162,2
473163,2
473170,2
473171,2
473172,2
473173,2
473967,0
474010,0
482802,1
482803,1
482820,1
482865,1
482866,1
482867,1
482874,1
482875,1
482876,1
482877,1
482917,2
482927,2
482937,2
482947,2
482965,1
482966,1
482975,1
482976,1
482977,1
483001,2
483002,2
483003,2
483004,2
483005,2
483006,2
483007,2
483010,2
483011,2
483012,2
483013,2
483014,2
483015,2
483016,2
483017,2
483020,2
483021,2
483022,2
483023,2
483024,2
483025,2
483026,2
483027,2
483030,2
483031,2
483032,2
483033,2
483034,2
483035,2
483036,2
483037,2
483040,2
483041,2
483042,2
483043,2
483044,2
483045,2
483046,2
483047,2
483050,2
483051,2
483052,2
483053,2
483054,2
483055,2
483056,2
483057,2
483060,2
483061,2
483062,2
483063,2
483064,2
483065,2
483066,2
483067,2
483070,1
483071,1
48307209,2
48307216,2
48307217,2
48307226,2
48307227,2
48307250,1
48307260,1
48307270,1
48307271,1
48307272,1
48307273,1
48307280,1
48307281,1
48307282,1
48307283,1
48307284,1
48307285,1
48307290,1
48307291,1
48307292,1
48307293,1
48307294,1
48307295,1
48307296,1
483073,2
483074,2
483075,2
483076,2
483077,2
483100,2
483101,2
483102,2
483103,2
483104,2
483110,2
483111,2
483112,2
483113,2
483114,2
483120,2
483121,2
483122,2
483123,2
483124,2
483130,2
483131,2
483132,2
483133,2
483134,2
483135,2
483140,2
483141,2
483142,2
483143,2
483144,2
483145,2
483150,2
483151,2
483152,2
483153,2
483154,2
483155,2
483160,2
483161,2
483162,2
483163,2
483164,2
483165,2
483170,2
483171,2
483172,2
483173,2
483174,2
483175,2
483176,2
483956,9
492804,1
492805,1
492806,1
492807,1
492815,1
492816,1
492817,1
492826,1
492827,1
492837,1
492857,1
492866,1
492867,1
492900,1
492906,1
492907,1
492910,1
492915,1
492916,1
492917,1
492920,1
492924,1
492925,1
492926,1
492927,1
492930,1
492931,1
492932,1
492934,1
492935,1
492936,1
492937,1
492940,1
492941,1
492942,1
492943,1
492944,1
492945,1
492946,1
49294705,1
49294706,1
49294707,1
49294708,1
49294709,1
49294715,1
49294716,1
49294717,1
49294718,1
49294719,1
49294724,1
49294725,1
49294726,1
49294727,1
49294728,1
49294729,1
49294733,1
49294734,1
49294735,1
49294736,1
49294737,1
49294738,1
49294739,1|2
49294742,1
49294743,1
49294744,1
49294745,1
49294746,1
49294747,1
49294748,1
49294749,1|2
49294752,1
49294753,1
49294754,1
49294755,1
49294756,1
49294757,1
49294758,1
49294759,1|2
49294760,1
49294761,1
49294762,1
49294763,1
49294764,1
49294765,1
49294766,1
49294767,1
49294768,1|2
49294769,1|2
49294770,1
49294771,1
49294772,1
49294773,1
49294774,1
49294775,1
49294776,1|2
49294777,1|2
49294778,1|2
49294779,2
49294780,1
49294781,1
49294782,1
49294783,1
49294784,1
49294785,1|2
49294786,1|2
49294787,2
49294788,2
49294789,2
49294790,1
49294791,1
49294792,1
49294793,1
49294794,1|2
49294795,1|2
49294796,2
49294797,2
49294798,2
49294799,2
492950,1
492951,1
492953,1
492954,1
492955,1
49295600,1
49295601,1
49295602,1
49295603,1
49295604,1
49295605,1
49295606,1
49295607,1
49295608,1
49295609,1
49295610,1
49295611,1
49295612,1
49295613,1
49295614,1
49295615,1
49295616,1
49295617,1
49295618,1
49295619,1
49295620,1
49295621,1
49295622,1
49295623,1
49295624,1
49295625,1
49295626,1
49295627,1
49295628,1
49295629,1
49295630,1
49295631,1
49295632,1
49295633,1
49295634,1
49295635,1
49295636,1
49295637,1
49295638,1
49295639,1
49295640,1
49295641,1
49295642,1
49295643,1
49295644,1
49295645,1
49295646,1
49295647,1
49295648,1
49295649,1
49295650,1
49295651,1
49295652,1
49295653,1
49295654,1
49295655,1
49295656,1
49295657,1
49295658,1
49295659,1
49295660,1
49295661,1
49295662,1
49295663,1
49295664,1
49295665,1
49295666,1
49295667,1
49295668,1
49295669,1
49295670,1
49295671,1
49295672,1
49295673,1
49295674,1
49295675,1
49295676,1
49295677,1
49295678,1
49295679,1
49295680,1
49295681,1
49295682,1
49295683,1
49295684,1
49295685,1
49295686,1
49295687,1
49295688,1
49295689,1
49295690,1
49295691,1
49295692,1
49295693,1
49295694,1
49295695,1
49295696,1
49295697,1
49295698,1
49295699,1|2
49295700,1
49295701,1
49295702,1
49295703,1|2
49295704,1|2
49295705,2
49295706,2
49295707,2
49295708,2
49295709,2
49295710,1
49295711,1
49295712,1
49295713,1|2
49295714,1|2
49295715,2
49295716,2
49295717,2
49295718,2
49295719,2
49295720,1
49295721,1
49295722,1
49295723,1
49295724,1|2
49295725,2
49295726,2
49295727,2
49295728,2
49295729,2
49295730,1
49295731,1
49295732,1
49295733,1
49295734,1|2
49295735,1|2
49295736,1|2
49295737,2
49295738,2
49295739,2
49295740,1
49295741,1
49295742,1
49295743,1
49295744,1
49295745,1
49295746,1|2
49295747,2
49295748,2
49295749,2
49295750,1
49295751,1
49295752,1
49295753,1
49295754,1
49295755,1|2
49295756,1|2
49295757,2
49295758,2
49295759,2
49295760,1
49295761,1
49295762,1
49295763,1
49295764,1
49295765,1|2
49295766,2
49295767,2
49295768,2
49295769,2
49295770,1
49295771,1
49295772,1
49295773,1
49295774,1
49295775,1|2
49295776,2
49295777,2
49295778,2
49295779,2
49295780,1|2
49295781,1|2
49295782,1|2
49295783,1
49295784,1
49295785,1|2
49295786,2
49295787,2
49295788,2
49295789,2
49295790,1|2
49295791,1|2
49295792,1|2
49295793,1|2
49295794,1|2
49295795,1|2
49295796,2
49295797,2
49295798,2
49295799,2
492960,1
492961,1
492962,1
492963,1
492964,1
492965,1
49296600,1
49296601,1
49296602,1
49296603,1
49296604,1
49296605,1
49296606,1|2
49296607,1|2
49296608,1|2
49296609,1|2
49296610,1
49296611,1
49296612,1
49296613,1
49296614,1
49296615,1|2
49296616,1|2
49296617,1|2
49296618,1|2
49296619,2
49296620,1
49296621,1
49296622,1
49296623,1
49296624,1
49296625,1|2
49296626,2
49296627,2
49296628,2
49296629,2
49296630,1
49296631,1
49296632,1
49296633,1
49296634,1
49296635,1|2
49296636,2
49296637,2
49296638,2
49296639,2
49296640,1
49296641,1
49296642,1
49296643,1
49296644,1|2
49296645,1|2
49296646,2
49296647,2
49296648,2
49296649,2
49296650,1
49296651,1
49296652,1
49296653,1
49296654,1|2
49296655,2
49296656,2
49296657,2
49296658,2
49296659,2
49296660,1
49296661,1
49296662,1
49296663,1
49296664,1|2
49296665,1|2
49296666,2
49296667,2
49296668,2
49296669,2
49296670,1
49296671,1
49296672,1
49296673,1
49296674,1|2
49296675,1|2
49296676,2
49296677,2
49296678,2
49296679,2
49296680,1
49296681,1
49296682,1
49296683,1
49296684,1
49296685,1|2
49296686,2
49296687,2
49296688,2
49296689,2
49296690,1
49296691,1
49296692,1
49296693,1
49296694,1|2
49296695,1|2
49296696,2
49296697,2
49296698,2
49296699,2
492967,2
492970,1
492971,1
492972,1
492973,1
492974,1
492975,1
49297600,1
49297601,1
49297602,1
49297603,1|2
49297604,1|2
49297605,2
49297606,2
49297607,2
49297608,2
49297609,2
49297610,1
49297611,1
49297612,1|2
49297613,1|2
49297614,2
49297615,2
49297616,2
49297617,2
49297618,2
49297619,2
49297620,1
49297621,1
49297622,1|2
49297623,2
49297624,2
49297625,2
49297626,2
49297627,2
49297628,2
49297629,2
49297630,1
49297631,1|2
49297632,1|2
49297633,2
49297634,2
49297635,2
49297636,2
49297637,2
49297638,2
49297639,2
49297640,1|2
49297641,1|2
49297642,2
49297643,2
49297644,2
49297645,2
49297646,2
49297647,2
49297648,2
49297649,2
49297650,1|2
49297651,2
49297652,2
49297653,2
49297654,2
49297655,2
49297656,2
49297657,2
49297658,2
49297659,2
49297660,1|2
49297661,1|2
49297662,2
49297663,2
49297664,2
49297665,2
49297666,2
49297667,2
49297668,2
49297669,2
49297670,1
49297671,1|2
49297672,2
49297673,2
49297674,2
49297675,2
49297676,2
49297677,2
49297678,2
49297679,2
49297680,1
49297681,1|2
49297682,2
49297683,2
49297684,2
49297685,2
49297686,2
49297687,2
49297688,2
49297689,2
49297690,1
49297691,1|2
49297692,1|2
49297693,2
49297694,2
49297696,2
49297697,2
49297698,2
49297699,2
492977,2
493001,1
493002,1
493003,1
493004,2
493005,2
493006,2
493007,2
493010,1
493011,1
493012,1
493013,1
493014,2
493015,2
493016,2
493017,2
493020,1
493021,1
493022,1
493023,2
493024,2
493025,2
493026,2
493027,2
49303000,1
49303001,1
49303002,1
49303003,1
49303004,1
49303005,1
49303006,1
49303007,1
49303008,1
49303009,1
49303010,1
49303011,1
49303012,1
49303013,1
49303014,1
49303015,1
49303016,1
49303017,1
49303018,1
49303019,1
49303020,1
49303021,1
49303022,1
49303023,1
49303024,1
49303025,1
49303026,1
49303027,1
49303028,1
49303029,1
49303030,1
49303031,1
49303032,1
49303033,1
49303034,1
49303035,1
49303036,1
49303037,1
49303038,1
49303039,1
49303040,1
49303041,1
49303042,1
49303043,1
49303044,1
49303045,1
49303046,1
49303047,1
49303048,1
49303049,1
49303050,1
49303051,1
49303052,1
49303053,1
49303054,1
49303055,1
49303056,1
49303057,1
49303058,1
49303059,1
49303060,1
49303061,1
49303062,1
49303063,1
49303064,1
49303065,1
49303066,1|2
49303067,1|2
49303068,1|2
49303069,1|2
49303070,1
49303071,1
49303072,1
49303073,1
49303074,1
49303075,1
49303076,1|2
49303077,1|2
49303078,2
49303079,2
49303080,1
49303081,1
49303082,1
49303083,1
49303084,1|2
49303085,1|2
49303086,1|2
49303087,2
49303088,2
49303089,2
49303090,1
49303091,1
49303092,1
49303093,1|2
49303094,1|2
49303095,2
49303096,2
49303097,2
49303098,2
49303099,2
49303100,1
49303101,1
49303102,1
49303103,1
49303104,1
49303105,1
49303110,1
49303111,1
49303112,1
49303113,1
49303114,1
49303115,1
49303116,1
49303120,1
49303121,1
49303122,1
49303123,1
49303124,1
49303125,1
49303126,1
49303130,1
49303131,1
49303132,1
49303133,1
49303134,1
49303135,1
49303136,1
49303140,1
49303141,1
49303142,1
49303143,1
49303144,1
49303145,1
49303146,1|2
49303147,2
49303148,2
49303150,1
49303151,1|2
49303152,1|2
49303153,1|2
49303154,1|2
49303155,1|2
49303156,1|2
49303157,2
49303158,2
49303160,1|2
49303161,1|2
49303162,2
49303163,2
49303164,2
49303165,2
49303166,2
49303167,2
49303168,2
49303170,2
49303171,2
49303172,2
49303173,2
49303174,2
49303175,2
49303176,2
49303177,2
49303180,2
49303181,2
49303182,2
49303183,2
49303184,2
49303185,2
49303186,2
49303190,2
49303191,2
49303192,2
49303193,2
49303194,2
49303195,2
493033,2
493034,2
493035,2
493036,2
493037,2
49304000,1
49304001,1
49304002,1
49304003,1|2
49304004,2
49304005,2
49304006,2
49304007,2
49304008,2
49304009,2
49304010,1
49304011,1
49304012,1|2
49304013,1|2
49304014,2
49304015,2
49304016,2
49304017,2
49304018,2
49304019,2
49304020,1|2
49304021,1|2
49304022,1|2
49304023,2
49304024,2
49304025,2
49304026,2
49304027,2
49304028,2
49304029,2
49304030,1|2
49304031,2
49304032,2
49304033,2
49304034,2
49304035,2
49304036,2
49304037,2
49304038,2
49304039,2
49304040,2
49304041,2
49304042,2
49304043,2
49304044,2
49304045,2
49304046,2
49304047,2
49304048,2
49304049,2
49304050,2
49304051,2
49304052,2
49304053,2
49304054,2
49304055,2
49304056,2
49304057,2
49304058,2
49304059,2
49304060,2
49304061,2
49304062,2
49304063,2
49304064,2
49304065,2
49304066,2
49304067,2
49304068,2
49304069,2
49304070,2
49304071,2
49304072,2
49304073,2
49304074,2
49304075,2
49304076,2
49304077,2
49304078,2
49304079,2
49304080,2
49304081,2
49304082,2
49304083,2
49304084,2
49304085,2
49304086,2
49304087,2
49304088,2
49304089,2
49304090,2
49304091,2
49304092,2
49304093,2
49304094,2
49304095,2
49304096,2
49304097,2
49304098,2
49304099,2
493041,2
493042,2
493043,2
493044,2
493045,2
493046,2
493047,2
493050,2
493051,2
493052,2
493053,2
493054,2
493055,2
493056,2
493057,2
493060,2
493061,2
493062,2
493063,2
493064,2
493065,2
493066,2
493067,2
493070,2
493071,2
493072,2
493073,2
493074,2
493075,2
493076,2
493077,2
493100,2
493101,2
493102,2
493103,2
493104,2
493105,2
493106,2
493107,2
493110,2
493111,2
493112,2
493113,2
493114,2
493115,2
493116,2
493117,2
493120,2
493121,2
493122,2
493123,2
493124,2
493125,2
493126,2
493127,2
493130,2
493131,2
493132,2
493133,2
493134,2
493135,2
493136,2
493137,2
493140,2
493141,2
493142,2
493143,2
493144,2
493145,2
493146,2
493147,2
493150,2
493151,2
493152,2
493153,2
493154,2
493155,2
493156,2
493157,2
493160,2
493161,2
493162,2
493163,2
493164,2
493165,2
493166,2
493167,2
493170,2
493171,2
493172,2
493173,2
493174,2
493175,2
493176,2
493177,2
493203,4
493204,4
493206,4
493207,4
493210,2
493213,4
493214,4
493215,4
493216,4
493217,4
493220,2
493223,4
493224,4
493225,4
493226,4
493227,4
493230,2
493233,4
493234,4
493235,4
493236,4
493237,4
493240,2
493241,2
493243,4
493244,4
493245,4
493246,4
493247,4
493250,2
493252,4
493253,4
493254,4
493255,4
493256,4
493257,4
493262,4
493263,4
493264,4
493265,4
493266,4
493267,4
493272,4
493273,4
493274,4
493275,4
493276,4
493277,4
493300,4
493310,4
493320,4
493330,4
493340,4
493350,4
493351,4
493360,4
493361,4
493362,4
493370,4
493371,4
493372,4
493461,4
493470,4
493471,4
493946,9
493955,9
493956,9
502903,1
502904,1
502905,1
50290600,1
50290601,1
50290602,1|2
50290603,1|2
50290604,2
50290606,2
50290607,2
50290608,2
50290609,2
50290610,1
50290611,1
50290612,1
50290613,1
50290614,1
50290615,1
50290616,1
50290617,2
50290618,2
50290619,2
50290620,1
50290621,1
50290622,1
50290623,1
50290624,1
50290625,1
50290626,1
50290627,2
50290628,2
50290629,2
50290630,1
50290631,1
50290632,1
50290633,1
50290634,1
50290635,1
50290636,1
50290637,1|2
50290638,2
50290639,2
50290640,1
50290641,1
50290642,1
50290643,1
50290644,1
50290645,1
50290646,1
50290647,1
50290648,1|2
50290649,2
50290654,1
50290655,1
50290656,1
50290657,1
50290658,1
50290659,2
50290661,1
50290662,1
50290664,1
50290665,1
50290666,1
50290667,1
50290668,1
50290669,2
50290670,1
50290671,1
50290672,1
50290674,1
50290675,1
50290676,1
50290677,1
50290678,1|2
50290679,2
50290681,1
50290682,1
50290684,1
50290685,1
50290686,1
50290687,2
50290688,2
50290689,2
50290690,1
50290693,1
50290694,1
50290695,1|2
50290696,1|2
50290697,2
50290698,2
50290699,2
502907,2
502913,1
502914,1
502915,1
50291600,1
50291603,1
50291604,2
50291605,2
50291606,2
50291607,2
50291608,2
50291609,2
50291610,1
50291611,1
50291612,1
50291613,1
50291614,2
50291615,2
50291616,2
50291617,2
50291618,2
50291619,2
50291620,1
50291621,1
50291622,1
50291623,2
50291624,2
50291625,2
50291626,2
50291627,2
50291628,2
50291629,2
50291630,1
50291631,1
50291632,2
50291633,2
50291634,2
50291635,2
50291636,2
50291637,2
50291638,2
50291639,2
50291640,1
50291641,1
50291642,1|2
50291643,2
50291644,2
50291645,2
50291646,2
50291647,2
50291648,2
50291649,2
50291650,1
50291651,1
50291653,2
50291654,2
50291655,2
50291656,2
50291657,2
50291658,2
50291659,2
50291660,1
50291663,2
50291664,2
50291665,2
50291666,2
50291667,2
50291668,2
50291669,2
50291672,2
50291673,2
50291674,2
50291675,2
50291676,2
50291677,2
50291678,2
50291679,2
50291681,2
50291682,2
50291684,2
50291685,2
50291686,2
50291687,2
50291688,2
50291689,2
50291691,2
50291692,2
50291696,2
50291697,2
50291698,2
50291699,2
502917,2
502924,1
502925,2
502926,2
502927,2
502934,1
502936,2
502937,2
502944,1
502945,1
502946,1
50294728,2
50294772,1
50294773,1
502955,1
502956,1
502965,1
502966,1
503000,2
503001,2
503002,2
503003,2
503004,2
503005,2
503006,2
503007,2
503010,2
503011,2
503012,2
503013,2
503014,2
503015,2
503016,2
503017,2
503020,2
503021,2
503022,2
503023,2
503024,2
503025,2
503026,2
503027,2
503030,2
503031,2
503032,2
503033,2
503034,2
503035,2
503036,2
503037,2
503041,2
503042,2
503043,2
503044,2
503045,2
503046,2
503047,2
503052,2
503053,2
503054,2
503055,2
503056,2
503057,2
503060,2
503063,2
503064,2
503065,2
503066,2
50306700,2
50306701,2
50306702,2
50306703,2
50306704,2
50306705,2
50306706,2
50306707,2
50306708,2
50306710,2
50306711,2
50306712,2
50306713,2
50306714,2
50306715,2
50306716,2
50306717,2
50306718,2
50306719,2
50306720,2
50306721,2
50306722,2
50306723,2
50306724,2
50306725,2
50306726,2
50306727,2
50306728,2
50306729,2
50306730,2
50306731,2
50306732,2
50306733,2
50306734,2
50306735,2
50306736,2
50306737,2
50306738,2
50306739,2
50306740,2
50306741,2
50306742,2
50306743,2
50306744,2
50306745,2
50306746,2
50306747,2
50306748,2
50306749,2
50306750,2
50306751,2
50306752,2
50306753,2
50306754,2
50306755,2
50306756,2
50306757,2
50306758,2
50306759,2
50306760,2
50306761,2
50306762,2
50306763,2
50306764,2
50306765,2
50306766,2
50306767,2
50306768,2
50306769,2
50306770,2
50306771,2
50306772,2
50306773,2
50306774,2
50306775,2
50306776,2
50306777,2
50306778,2
50306779,2
50306780,2
50306781,2
50306783,2
50306784,2
50306785,2
50306786,2
50306787,2
50306788,2
50306789,2
50306790,2
50306792,3
50306793,3
50306794,2
50306795,2
50306796,2
50306797,2
50306798,2
50306799,2
503073,2
503075,2
50307600,2
50307601,2
50307602,2
50307603,2
50307604,2
50307605,2
50307606,2
50307607,2
50307608,2
50307609,2
50307610,2
50307611,2
50307612,2
50307613,2
50307614,2
50307615,2
50307616,2
50307617,2
50307618,2
50307620,2
50307621,2
50307622,2
50307623,2
50307624,2
50307625,2
50307626,2
50307627,2
50307628,2
50307630,2
50307631,2
50307632,2
50307633,2
50307634,2
50307635,2
50307636,2
50307637,2
50307639,3
50307640,2
50307641,2
50307642,2
50307644,2
50307645,2
50307646,2
50307649,3
50307658,2
50307667,2
50307668,2|3
50307669,3
50307673,2
50307678,3
50307679,3
50307683,2
50307685,2
50307686,2
50307694,2
50307695,2
50307701,3
50307702,3
50307703,3
50307704,2|3
50307705,2
50307706,2
50307707,2
50307708,2
50307709,2
50307711,3
50307712,3
50307713,3
50307714,3
50307715,2
50307716,2
50307717,2
50307718,2
50307719,2
50307720,3
50307721,3
50307722,3
50307723,3
50307724,3
50307725,2
50307726,2
50307727,2
50307728,2
50307729,2
50307730,3
50307731,3
50307732,3
50307733,3
50307734,3
50307735,3
50307736,2
50307737,2
50307738,2
50307739,2
50307740,3
50307741,3
50307742,3
50307743,3
50307744,3
50307745,3
50307746,2
50307747,2
50307748,2
50307749,2
50307752,3
50307753,3
50307754,3
50307755,3
50307756,2|3
50307757,2
50307758,2
50307759,2
50307762,3
50307763,3
50307764,3
50307765,3
50307766,3
50307767,3
50307769,2
50307771,3
50307773,3
50307774,3
50307775,3
50307776,3
50307777,3
50307778,3
50307781,3
50307782,3
50307783,3
50307784,3
50307785,3
50307786,3
50307787,3
50307788,3
50307789,3
50307791,3
50307792,3
50307793,3
50307794,3
50307795,3
50307796,3
50307797,3
50307798,3
50307799,3
503100,2
503101,2
503102,2
503103,2
503104,2
503105,2
503110,2
503111,2
503112,2
503113,2
503114,2
503115,2
503120,2
503121,2
503122,2
503123,2
503124,2
503125,2
503130,2
503131,2
503132,2
503133,2
503134,2
503135,2
503140,2
503143,2
503144,2
503145,2
50315000,2
50315001,2
50315010,2
50315011,2
50315020,2
50315021,2
50315030,2
50315031,2
50315040,2
50315041,2
50315050,2
50315051,2
50315060,2
50315061,2
50315070,2
50315071,2
50315080,2
50315081,2
50315082,2
50315083,2
50315090,0
50315092,2
50315093,2
503157,3
503160,2
503167,3
50317000,2
50317001,2
50317010,2
50317020,2
50317021,2
50317030,2
50317031,2
50317040,2
50317041,2
50317050,2
50317051,2
50317060,2
50317090,3
50317091,3
50317092,3
503171,3
503172,3
503173,3
503174,3
503175,3
503176,3
503177,3
503200,4
503201,4
503202,4
503203,4
503204,4
503205,4
503206,4
503207,4
503210,4
503211,4
503212,4
503213,4
503214,4
503215,4
503216,4
503217,4
503222,4
503223,4
503224,4
503225,4
503226,4
503227,4
503233,4
503234,4
503235,4
503236,4
503237,4
503240,3
503241,3
503244,4
503245,4
503246,4
503247,4
503250,3
503251,3
503252,3
503253,3
503255,4
503256,4
503257,4
503260,3
503261,3
503262,3
503263,3
503264,4
503265,4
503266,4
503267,4
503270,3
503271,3
503272,3
50327300,3
50327301,3
50327302,3
50327303,3
50327306,3
50327307,3
50327310,3
50327311,3
50327312,3
50327313,3
50327314,3
50327315,3
50327316,3
50327322,3
50327323,3
50327324,3
50327325,3
50327326,3
50327332,3
50327333,3
50327334,3
50327335,3
50327336,3
50327337,3
50327341,3
50327343,3
50327344,3
50327345,3
50327347,3
50327348,3
50327349,3
50327356,3
50327357,3
50327358,3
50327359,3|4
50327367,3
50327369,4
50327374,3
50327379,4
50327384,3
50327394,3
503274,4
503275,4
503276,4
503277,4
503300,4
503301,4
503302,4
503303,4
503310,4
503311,4
503312,4
503313,4
503314,4
503317,4
503320,4
503321,4
503322,4
503323,4
503324,4
503325,4
503326,4
503327,4
503330,4
503331,4
503332,4
503333,4
503334,4
503335,4
503336,4
503337,4
503340,4
503341,4
503342,4
503343,4
503344,4
503345,4
503346,4
503347,4
503350,4
503351,4
503352,4
503353,4
503354,4
503355,4
503356,4
503357,4
503360,4
503361,4
503362,4
503363,4
503364,4
503365,4
503366,4
503367,4
503370,4
503371,4
503372,4
503373,4
503374,4
503375,4
503376,4
503377,4
503400,4
503401,4
503410,4
503411,4
503412,4
503420,4
503421,4
503422,4
503430,4
503431,4
503432,4
503433,4
503434,4
503440,4
503441,4
503442,4
503443,4
503444,4
503450,4
503451,4
503452,4
503453,4
503454,4
503455,4
503456,4
503460,4
503461,4
503462,4
503463,4
503464,4
503465,4
503466,4
503470,4
503471,4
503472,4
503473,4
503474,4
503475,4
503514,6
503515,6
503516,6
503523,6
503524,6
503525,6
503526,6
503527,6
503532,6
503533,6
503534,6
503535,6
503536,6
50353700,6
50353701,6
50353702,6
50353703,6
50353704,6
50353705,6
50353706,6
50353710,6
50353711,6
50353712,6
50353713,6
50353714,6
50353715,6
50353716,6
50353717,6
50353720,6
50353721,6
50353722,6
50353723,6
50353724,6
50353725,6
50353726,0|6
50353730,6
50353731,6
50353732,6
50353733,6
50353734,6
50353735,6
50353736,6
50353740,6
50353741,6
50353742,6
50353743,6
50353744,6
50353745,6
50353746,6
50353747,6
50353750,6
50353751,6
50353752,6
50353753,6
50353754,6
50353755,6
50353756,6
50353760,6
50353761,6
50353762,6
50353763,6
50353764,6
50353765,6
50353766,6
50353768,6
50353770,6
50353771,6
50353772,6
50353773,6
50353774,6
50353775,6
50353776,6
50353777,6
50353778,6
50353780,6
50353781,6
50353782,6
50353783,6
50353784,6
50353785,6
50353786,6
50353787,6
50353788,6
50353789,6
50353790,6
50353791,6
50353792,6
50353793,6
50353794,6
50353795,6
50353796,6
50353797,6
50353798,6
50353799,6
503542,6
503543,6
503544,6
503545,6
503546,6
503547,6
503551,6
503552,6
503553,6
503554,6
503555,6
503556,6
503557,6
503560,6
503561,6
503562,6
503563,6
503564,6
503565,6
503566,6
503567,6
503570,6
503571,6
503572,6
503573,6
503574,6
503575,6
503576,6
503577,6
503640,6
503650,6
503660,6
503661,6
503670,6
503671,6
503672,6
503876,9
503932,9
503964,9
503965,9
512911,1
512912,1
512921,1
512922,1
512931,1
512932,1
512933,1
512941,1
512942,1
512943,1
512952,1
512953,1
512962,1
512963,1
512972,1
512973,1
513005,2
513006,2
513007,3
513016,3
513017,3
513020,2
513027,3
513030,2
513036,3
513037,3
513046,3
513047,3
513057,3
513100,3
513101,3
513102,3
513103,3
513104,3
513105,3
513106,3
513107,3
513110,3
513111,3
513112,3
513113,3
513114,3
513115,3
513116,3
513117,3
513120,3
513121,3
513122,3
513123,3
513124,3
513125,3
513126,3
513127,3
513130,3
513131,3
513132,3
513133,3
513134,3
513135,3
513136,3
513137,3
513140,3
513141,3
513142,3
513143,3
513144,3
513145,3
513146,3
513147,3
513150,3
513151,3
513152,3
513153,3
513154,3
513155,3
513156,3
513157,3
513162,3
513163,3
513164,3
513165,3
513166,3
513167,3
513174,3
513175,3
513176,3
513177,3
513200,3
513201,3
513202,3
513203,3
51320427,4
51320434,3
51320436,4
51320437,4
51320441,3
51320442,3
51320447,4
51320448,4
51320451,3
51320452,3
51320461,3
51320462,3
51320472,3
51320473,3
51320482,3
51320483,3
51320484,3
51320485,3
51320493,3
51320494,3
513205,4
513206,4
513207,4
513210,3
513211,3
513212,3
513213,3
513214,3
513215,3
513216,3
513217,4
513220,3
513221,3
513222,3
513223,3
513224,3
513225,3
51322600,3
51322601,3
51322602,3
51322603,3
51322604,3
51322605,3
51322606,3
51322607,3
51322608,3
51322609,3
51322610,3
51322611,3
51322612,3
51322613,3
51322614,3
51322615,3
51322616,3
51322617,3
51322618,3
51322619,3|4
51322620,3
51322621,3
51322622,3
51322623,3
51322624,3
51322625,3
51322626,3
51322627,3
51322628,3|4
51322629,3|4
51322630,3
51322634,3
51322635,3
51322636,3
51322637,3
51322638,3|4
51322639,4
51322648,3
51322649,3
51322657,3
51322658,3
51322659,3
51322667,3
51322668,3
51322669,3
51322673,3
51322674,3
51322677,3
51322678,3
51322679,3
51322680,3
51322687,3
51322688,3
51322689,3
51322690,3
51322691,3
51322697,3
51322698,3
51322699,3
51322700,4
51322710,4
51322711,4
51322714,4
51322720,4
51322721,4
51322722,4
51322723,4
51322724,4
51322725,4
51322726,4
51322727,4
51322730,4
51322731,4
51322732,4
51322733,4
51322734,4
51322735,4
51322736,4
51322737,4
51322738,4
51322740,3
51322743,4
51322744,4
51322745,4
51322746,4
51322747,4
51322748,4
51322749,4
51322750,3
51322751,3
51322752,3
51322753,3
51322755,4
51322756,4
51322757,4
51322758,4
51322759,4
51322760,3
51322761,3
51322762,3
51322763,3
51322764,4
51322765,4
51322766,4
51322767,4
51322768,4
51322769,4
51322770,3
51322771,3
51322772,3
51322773,3
51322777,4
51322778,4
51322779,4
51322780,3
51322781,3
51322782,3
51322783,3
51322785,4
51322789,4
51322790,3
51322791,3
51322792,3
51322793,3
51322794,3
51322795,4
51322796,4
51322798,4
51322799,4
513230,3
513231,3
513232,3
513233,3
513234,3
513235,3
513236,3
51323700,3
51323701,3
51323702,3
51323703,3
51323704,3
51323706,4
51323707,4
51323709,4
51323710,3
51323711,3
51323712,3
51323713,3
51323714,3
51323717,4
51323718,4
51323719,4
51323720,3
51323721,3
51323722,3
51323723,3
51323724,3
51323725,3
51323727,4
51323728,4
51323729,4
51323730,3
51323731,3
51323732,3
51323733,3
51323734,3
51323735,3
51323736,4
51323737,4
51323738,4
51323739,4
51323740,3
51323741,3
51323742,3
51323743,3
51323744,3
51323745,3
51323748,4
51323749,4
51323750,3
51323752,3
51323753,3
51323754,3
51323755,3
51323757,4
51323758,4
51323760,3
51323763,3
51323768,3
51323769,3
51323770,3
51323775,3
51323778,3
51323779,3
51323780,3
51323781,3
51323783,3
51323784,3
51323785,3
51323790,3
51323791,3
51323792,3
51323793,3
51323794,3
51323795,3
51323798,3
51323799,3
513240,3
513241,3
513242,3
513243,3
513244,3
513245,3
513246,3
513247,3
513250,3
513251,3
513252,3
513253,3
513254,3
513255,3
513256,3
513257,3
513260,3
513261,3
513262,3
513263,3
513264,3
513265,3
513266,3
513267,3
513270,3
513271,3
513272,3
513273,3
513274,3
513275,3
513276,3
513277,3
513300,4
513302,4
513304,4
513305,4
513306,4
513307,4
513310,4
513311,4
513312,4
513313,4
513314,4
513315,4
513316,4
513317,4
513320,4
513321,4
513322,4
513324,4
513325,4
513326,4
513327,4
51333000,4
51333001,4
51333002,4
51333003,4
51333004,4
51333006,3
51333007,3
51333010,4
51333011,4
51333012,4
51333013,4
51333014,4
51333015,3
51333016,3
51333017,3
51333018,3
51333020,4
51333021,4
51333022,4
51333023,4
51333025,3
51333026,3
51333027,3
51333028,3
51333029,3
51333030,4
51333031,4
51333032,4
51333033,4
51333035,3
51333036,3
51333037,3
51333038,3
51333039,3
51333040,4
51333041,4
51333042,4
51333043,3|4
51333044,3|4
51333045,3
51333046,3
51333047,3
51333048,3
51333049,3
51333050,4
51333051,4
51333052,4
51333056,3
51333057,3
51333058,3
51333059,3
51333065,3
51333066,3
51333067,3
51333068,3
51333069,3
51333074,3
51333075,3
51333076,3
51333077,3
51333078,3
51333079,3
51333085,3
51333086,3
51333087,3
51333088,3
51333089,3
51333090,3
51333091,3
51333092,3
51333093,3
51333095,3
51333096,3
51333097,3
51333098,3
51333099,3
51333100,4
51333101,4
51333102,4
51333103,4
51333104,4
51333105,4
51333106,4
51333107,4
51333110,4
51333111,4
51333112,4
51333113,4
51333114,4
51333115,4
51333116,4
51333117,4
51333118,4
51333120,4
51333121,4
51333122,4
51333123,4
51333124,4
51333125,3|4
51333126,4
51333127,4
51333128,4
51333130,3
51333131,3|4
51333132,4
51333133,4
51333134,3|4
51333135,3
51333136,4
51333137,4
51333138,4
51333139,4
51333140,3
51333141,3
51333142,4
51333143,3|4
51333144,3|4
51333145,3
51333146,3|4
51333147,4
51333148,4
51333150,3
51333151,3
51333152,3
51333153,3|4
51333154,3
51333155,3
51333156,3
51333158,4
51333160,3
51333161,3
51333162,3
51333163,3
51333164,3
51333165,3
51333166,3
51333170,3
51333171,3
51333172,3
51333173,3
51333174,3
51333175,3
51333176,3
51333180,3
51333181,3
51333182,3
51333183,3
51333184,3
51333185,3
51333186,3
51333190,3
51333191,3
51333192,3
51333193,3
51333194,3
51333195,3
51333196,3
51333252,4
51333261,4
51333262,4
51333290,3
51333291,3
513333,3
51333405,4
51333406,4
51333407,4
51333408,4
51333409,4
51333414,4
51333415,4
51333416,4
51333417,4
51333419,4
51333429,4
51333439,4
51333449,4
51333452,5
51333462,5
51333463,5
51333469,4
51333472,5
51333473,5
51333481,5
51333499,4
513335,4
513336,4
513337,4
513340,3
513341,3
513342,3
51334304,3
51334305,3
51334306,3
51334309,5
51334314,3
51334315,3
51334316,3
51334319,5
51334324,3
51334325,3
51334327,3
51334329,5
51334334,3
51334340,3
51334350,3
51334351,3
51334352,3
51334359,5
51334360,3
51334361,3
51334362,3
51334369,5
51334370,3
51334379,5
51334380,3
51334390,3
51334400,5
51334409,4
51334410,5
51334411,5
51334415,5
51334416,5
51334419,4
51334420,5
51334421,5
51334424,5
51334425,5
51334426,5
51334427,5
51334429,4
51334433,5
51334435,5
51334436,5
51334437,5
51334442,5
51334443,5
51334444,5
51334446,5
51334447,5
51334450,5
51334451,5
51334452,5
51334453,5
51334454,5
51334456,5
51334457,5
51334460,5
51334461,5
51334462,5
51334463,5
51334464,5
51334470,5
51334471,5
51334472,5
51334473,5
51334474,5
51334480,5
51334481,5
51334482,5
51334483,5
51334490,5
51334491,5
51334492,5
513345,4
513346,4
513347,4
513350,3
513351,3
513352,3
51335300,3
51335301,3
51335304,3
51335309,5
51335310,3
51335311,3
51335312,3
51335313,3
51335314,3
51335315,3
51335319,5
51335320,3
51335321,3
51335322,3
51335323,3
51335324,3
51335325,3
51335327,5
51335328,5
51335329,5
51335330,3
51335331,3
51335332,3
51335333,3
51335334,3
51335335,3
51335337,5
51335338,5
51335339,5
51335340,3
51335341,3
51335342,3
51335343,3
51335344,3
51335345,3
51335346,5
51335347,5
51335348,5
51335349,5
51335350,3
51335351,3
51335352,3
51335353,3
51335354,3
51335355,3
51335356,5
51335357,5
51335358,5
51335359,5
51335360,3
51335361,3
51335362,3
51335363,3
51335364,3
51335365,3
51335366,5
51335367,5
51335368,5
51335369,5
51335370,3
51335371,3
51335372,3
51335373,3
51335374,3
51335375,3|5
51335376,5
51335377,5
51335378,5
51335379,5
51335380,3
51335381,3
51335382,3
51335383,3
51335384,3
51335385,3|5
51335386,3|5
51335387,5
51335388,5
51335389,5
51335390,3
51335391,3
51335392,3
51335393,3
51335394,3
51335395,3
51335396,3|5
51335397,5
51335398,5
51335399,5
513354,5
513355,5
51335600,5
51335601,5
51335602,5
51335603,4
51335604,4
51335605,4|5
51335606,5
51335607,5
51335610,5
51335611,5
51335612,5
51335613,4
51335614,4|5
51335615,5
51335616,5
51335622,5
51335623,5
51335624,5
51335625,5
51335630,5
51335632,5
51335633,5
51335634,5
51335635,5
51335638,5
51335641,5
51335642,5
51335643,5
51335644,5
51335648,5
51335649,5
51335650,5
51335651,5
51335652,5
51335653,5
51335654,5
51335655,5
51335658,5
51335659,5
51335660,5
51335661,5
51335662,5
51335663,5
51335664,5
51335665,5
51335666,5
51335667,5
51335668,5
51335669,5
51335670,5
51335671,5
51335672,5
51335673,5
51335674,5
51335675,5
51335676,5
51335677,5
51335678,5
51335679,5
51335680,5
51335681,5
51335682,5
51335683,5
51335684,5
51335685,5
51335686,5
51335687,5
51335688,5
51335689,5
51335690,5
51335691,5
51335692,5
51335693,5
51335694,5
51335695,5
51335696,5
51335697,5
51335698,5
51335699,5
51335703,4|5
51335704,4|5
51335733,5
51335737,4
51335738,4
51335739,4
51335740,5
51335741,5
51335742,5
51335743,5
51335744,5
51335745,5
51335746,4
51335747,4
51335748,4
51335749,4
51335750,5
51335751,5
51335752,5
51335753,5
51335754,5
51335755,5
51335756,4
51335757,4
51335758,4
51335759,4
51335760,5
51335761,5
51335762,5
51335763,5
51335764,5
51335765,4|5
51335766,4
51335767,4
51335768,4
51335769,4
51335770,5
51335771,5
51335772,5
51335773,5
51335774,5
51335775,5
51335776,4
51335777,4
51335778,4
51335779,4
51335780,5
51335781,5
51335782,5
51335783,5
51335784,5
51335785,5
51335786,5
51335787,4
51335788,4
51335789,4
51335790,5
51335791,5
51335792,5
51335793,5
51335794,5
51335795,5
51335796,5
51335797,4|5
51335798,4
513360,3
513361,3
513362,3
51336300,3
51336301,3
51336302,3
51336303,3
51336304,3
51336305,3|5
51336306,3|5
51336307,5
51336308,5
51336309,5
51336310,3
51336311,3
51336312,3
51336313,3
51336314,3
51336315,3|5
51336316,5
51336317,5
51336318,5
51336319,5
51336320,3
51336321,3
51336322,3
51336323,3
51336324,3
51336325,3|5
51336326,5
51336327,5
51336328,5
51336329,5
51336330,3
51336331,3
51336332,3
51336333,3
51336334,3
51336335,3|5
51336336,3|5
51336337,5
51336338,5
51336339,5
51336340,3
51336341,3
51336342,3
51336343,3
51336344,3
51336345,3|5
51336346,3|5
51336347,5
51336348,5
51336349,5
51336350,3
51336351,3
51336352,3
51336353,3
51336354,3
51336355,3|5
51336356,5
51336357,5
51336358,5
51336359,5
51336360,3
51336361,3
51336362,3
51336363,3
51336364,3
51336365,3|5
51336366,5
51336367,5
51336368,5
51336369,5
51336370,3
51336371,3
51336372,3
51336373,3
51336374,3|5
51336375,3|5
51336376,5
51336377,5
51336378,5
51336379,5
51336380,3
51336381,3
51336382,3
51336383,3
51336384,3|5
51336385,5
51336386,5
51336387,5
51336388,5
51336389,5
51336390,3
51336391,3
51336392,3
51336393,3|5
51336394,3|5
51336395,5
51336396,5
51336397,5
51336398,5
51336399,5
513364,5
513365,5
513366,5
51336700,5
51336701,5
51336702,5
51336703,5
51336704,5
51336705,5
51336706,5
51336707,4|5
51336708,4
51336710,5
51336711,5
51336712,5
51336713,5
51336714,5
51336715,5
51336716,5
51336717,4
51336718,4
51336719,5
51336720,5
51336721,5
51336722,5
51336723,5
51336724,5
51336725,5
51336726,5
51336729,5
51336730,5
51336731,5
51336732,5
51336733,5
51336734,5
51336735,5
51336736,5
51336737,5
51336738,5
51336739,5
51336740,5
51336741,5
51336742,5
51336743,5
51336744,5
51336745,5
51336746,5
51336747,5
51336748,5
51336749,5
51336750,5
51336751,5
51336752,5
51336753,5
51336754,5
51336755,5
51336756,5
51336757,5
51336758,5
51336759,5
51336760,5
51336761,5
51336762,5
51336763,5
51336764,5
51336765,5
51336766,5
51336767,5
51336768,5
51336769,5
51336770,5
51336771,5
51336772,5
51336773,5
51336774,5
51336775,5
51336776,5
51336777,5
51336778,5
51336779,5
51336780,5
51336781,5
51336782,5
51336783,5
51336784,5
51336785,5
51336786,5
51336787,5
51336788,5
51336789,5
51336790,5
51336791,5
51336792,5
51336793,5
51336794,5
51336795,5
51336796,5
51336797,5
51336798,5
51336799,5
513370,3
513371,3
513372,3
51337300,3
51337301,3
51337302,3|5
51337303,3|5
51337304,5
51337305,5
51337306,5
51337307,5
51337308,5
51337309,5
51337310,3
51337311,3|5
51337312,3|5
51337313,5
51337314,5
51337315,5
51337316,5
51337317,5
51337318,5
51337319,5
51337320,3
51337321,3|5
51337322,5
51337323,5
51337324,5
51337325,5
51337326,5
51337327,5
51337328,5
51337329,5
51337330,3|5
51337331,3|5
51337332,5
51337333,5
51337334,5
51337335,5
51337336,5
51337337,5
51337338,5
51337339,5
51337340,3|5
51337341,5
51337342,5
51337343,5
51337344,5
51337345,5
51337346,5
51337347,5
51337348,5
51337349,5
51337350,3|5
51337351,3|5
51337352,5
51337353,5
51337354,5
51337355,5
51337356,5
51337357,5
51337358,5
51337359,5
51337360,3|5
51337361,3|5
51337362,5
51337363,5
51337364,5
51337365,5
51337366,5
51337367,5
51337368,5
51337369,5
51337370,3
51337371,3|5
51337372,5
51337373,5
51337374,5
51337375,5
51337376,5
51337377,5
51337378,5
51337379,5
51337380,3
51337381,3|5
51337382,5
51337383,5
51337384,5
51337385,5
51337386,5
51337387,5
51337388,5
51337389,5
51337390,3
51337391,3|5
51337392,3|5
51337393,5
51337394,5
51337395,5
51337396,5
51337397,5
51337398,5
51337399,5
513374,5
513375,5
513376,5
513377,5
513400,4
513401,4
513402,4
513403,4
513404,4
513405,4
513410,4
513411,4
513412,4
513413,4
513414,4
513415,4
513416,5
513420,4
513421,4
513422,4
513423,4
513424,4
51342500,4
51342501,4
51342510,4
51342511,4
51342520,4
51342528,5
51342529,5
51342530,4
51342538,5
51342539,5
51342540,4
51342548,5
51342549,5
51342550,4
51342556,5
51342557,5
51342558,5
51342559,5
51342560,4
51342561,4
51342565,5
51342566,5
51342567,5
51342568,5
51342569,5
51342570,4
51342571,4
51342576,5
51342577,5
51342578,5
51342579,5
51342580,4
51342581,4
51342582,5
51342585,5
51342586,5
51342587,5
51342588,5
51342589,5
51342592,5
51342593,5
51342594,5
51342595,5
51342596,5
51342597,5
51342598,5
51342599,5
513426,5
513427,5
513430,4
513431,4
513432,4
513433,4
513434,4
513435,5
513436,5
51343700,5
51343701,5
51343702,5
51343703,5
51343710,5
51343711,5
51343712,5
51343713,5
51343714,5
51343715,5
51343716,5
51343720,5
51343721,5
51343722,5
51343723,5
51343724,5
51343725,5
51343726,5
51343730,5
51343731,5
51343732,5
51343733,5
51343734,5
51343735,5
51343736,5
51343739,6
51343740,5
51343741,5
51343742,5
51343743,5
51343744,5
51343745,5
51343746,5
51343750,5
51343751,5
51343752,5
51343753,5
51343754,5
51343755,5
51343756,5
51343760,5
51343761,5
51343762,5
51343763,5
51343764,5
51343765,5
51343770,5
51343771,5
51343772,5
51343773,5
51343780,5
51343781,5
51343782,5
51343783,5
51343790,5
51343791,5
51343792,5
51343793,5
513440,4
513441,4
513442,4
513445,5
513446,5
513447,5
51345004,4
51345005,4
51345009,4
51345014,4
51345015,4
51345020,4
51345021,4
51345024,4
51345025,4
51345030,4
51345031,4
51345040,4
51345041,4
51345050,4
51345055,4
51345056,4
51345057,4
51345058,4
51345060,4
51345063,4
51345064,4
51345065,4
51345066,4
51345067,4
51345068,4
51345069,4
51345070,4
51345071,4
51345072,4
51345073,4
51345074,4
51345075,4
51345076,4
51345077,4
51345078,4
51345079,4
51345080,4
51345081,4
51345083,4
51345084,4
51345085,4
51345086,4
51345087,4
51345088,4
51345090,4|5
51345091,4|5
51345094,4
51345095,4
51345096,4
51345097,4
51345098,4
513451,4
513452,4
513453,4
513456,5
513457,5
51346000,5
51346001,4|5
51346006,4
51346010,5
51346011,5
51346020,5
51346030,5
51346050,5
51346051,5
51346060,5
51346061,5
51346062,5
51346067,5
51346070,5
51346071,5
51346072,5
51346077,5
51346078,5
51346079,5
51346080,5
51346081,5
51346082,5
51346083,5
51346087,5
51346088,5
51346090,5
51346091,5
51346092,5
51346093,5
51346096,5
51346097,5
513461,4
513462,4
513463,4
513466,5
513467,5
513470,5
513471,5
513473,5
513474,5
513477,5
513500,6
513501,6
513502,6
513503,6
513504,6
513505,6
513506,6
513507,6
513510,6
513511,6
513512,6
513513,6
513514,6
513515,6
513516,6
513517,6
513520,6
513521,6
513522,6
513523,6
513524,6
513525,6
513526,6
513527,6
513530,6
513531,6
513532,6
513533,6
513534,6
513535,6
513536,6
513537,6
513541,6
513542,6
513543,6
513544,6
513545,6
513546,6
513547,6
513551,6
513552,6
513553,6
513554,6
513555,6
513556,6
513557,6
513560,5
513562,6
513563,6
513564,6
513565,6
513566,6
513567,6
513570,5
513571,5
51357247,6
51357248,6
51357257,6
51357258,6
51357270,5
51357279,6
51357280,5
51357282,5
51357289,6
51357290,5
51357291,5
51357292,5
513573,6
513574,6
513575,6
513576,6
513577,6
513600,6
513601,6
513602,6
513610,6
513611,6
513612,6
513620,6
513621,6
513622,6
513623,6
513624,6
513626,6
513630,6
513631,6
513632,6
513633,6
513634,6
513635,6
513636,6
513637,6
513640,6
513641,6
513642,6
513643,6
513644,6
513645,6
513646,6
513647,6
513650,6
513651,6
513652,6
513653,6
513654,6
513655,6
513656,6
513657,6
513660,6
513661,6
513662,6
513663,6
513664,6
513665,6
513666,6
513667,6
513670,6
513671,6
513672,6
513673,6
513674,6
513675,6
513677,7
513760,7
513770,7
513771,7
513772,7
513773,7
513775,8
513776,8
513777,8
513867,8
513870,8
513871,8
513876,8
513877,8
513903,9
513904,9
513913,9
513914,9
513920,9
513921,9
513931,9
513932,9
513941,9
513942,9
513952,9
513962,9
522903,1
522904,1
523104,3
523105,3
523106,3
523107,3
523111,3
523116,3
523117,3
523126,3
523127,3
523200,3
523201,3
523202,3
523203,3
523204,3
523205,3
523206,3
523207,3
523210,3
523211,3
523212,3
523213,3
523214,3
523215,3
523216,3
523217,3
523220,3
523221,3
523222,3
523223,3
523224,3
523225,3
523226,3
523227,3
523230,3
523231,3
523232,3
523233,3
523234,3
523235,3
523236,3
523237,3
523241,3
523242,3
523243,3
523244,3
523245,3
523246,3
523247,3
523252,3
523253,3
523254,3
523255,3
523256,3
523257,3
523263,3
523264,3
523265,3
523266,3
523267,3
523274,3
523275,3
523276,3
523277,3
523300,3
523301,3
52330200,3
52330201,3
52330202,3
52330203,3
52330204,3
52330205,3
52330206,3
52330207,3
52330208,3
52330209,3
52330210,3
52330211,3
52330212,3
52330213,3
52330214,3
52330215,3
52330216,3
52330217,3
52330218,3
52330219,3
52330220,3
52330221,3
52330222,3
52330223,3
52330224,3
52330225,3
52330226,3
52330227,3
52330228,3
52330229,3
52330230,3
52330231,3
52330232,3
52330233,3
52330234,3
52330235,3
52330236,3
52330237,3
52330238,3
52330239,3|5
52330240,3
52330241,3
52330242,3
52330243,3
52330244,3
52330245,3
52330246,3
52330247,3
52330248,3
52330249,3|5
52330250,3
52330251,3
52330252,3
52330253,3
52330254,3
52330255,3
52330256,3
52330257,3
52330258,3
52330259,3|5
52330260,3
52330261,3
52330262,3
52330263,3
52330264,3
52330265,3
52330266,3
52330267,3
52330268,3
52330269,3|5
52330270,3
52330271,3
52330272,3
52330273,3
52330274,3
52330275,3
52330276,3
52330277,3
52330278,3|5
52330279,3|5
52330280,3
52330281,3
52330282,3
52330283,3
52330284,3
52330285,3
52330286,3
52330287,3
52330288,3|5
52330289,3|5
52330290,3
52330291,3
52330292,3
52330293,3
52330294,3
52330295,3
52330296,3
52330297,3
52330298,3
52330299,3|5
52330300,3
52330301,3|5
52330302,3|5
52330303,5
52330304,5
52330305,5
52330306,5
52330307,5
52330308,5
52330309,5
52330310,3|5
52330311,3|5
52330312,5
52330313,5
52330314,5
52330315,5
52330316,5
52330317,5
52330318,5
52330319,5
52330320,3|5
52330321,5
52330322,5
52330323,5
52330324,5
52330325,5
52330326,5
52330327,5
52330328,5
52330329,5
52330330,3|5
52330331,5
52330332,5
52330333,5
52330334,5
52330335,5
52330336,5
52330337,5
52330338,5
52330339,5
52330340,5
52330341,5
52330342,5
52330343,5
52330344,5
52330345,5
52330346,5
52330347,5
52330348,5
52330349,5
52330350,5
52330351,5
52330352,5
52330353,5
52330354,5
52330355,5
52330356,5
52330357,5
52330358,5
52330359,5
52330360,5
52330361,5
52330362,5
52330363,5
52330364,5
52330365,5
52330366,5
52330367,5
52330368,5
52330369,5
52330370,5
52330371,5
52330372,5
52330373,5
52330374,5
52330375,5
52330376,5
52330377,5
52330378,5
52330379,5
52330380,5
52330381,5
52330382,5
52330383,5
52330384,5
52330385,5
52330386,5
52330387,5
52330388,5
52330389,5
52330390,5
52330391,5
52330392,5
52330393,5
52330394,5
52330395,5
52330396,5
52330397,5
52330398,5
52330399,5
523304,5
523305,5
523306,5
523307,5
523310,3
523311,3
52331200,3
52331201,3
52331202,3
52331203,3
52331204,3
52331205,3
52331206,3
52331207,3
52331208,3|5
52331209,3|5
52331210,3
52331211,3
52331212,3
52331213,3
52331214,3
52331215,3
52331216,3
52331217,3
52331218,3
52331219,3|5
52331220,3
52331221,3
52331222,3
52331223,3
52331224,3
52331225,3
52331226,3
52331227,3
52331228,3
52331229,3|5
52331230,3
52331231,3
52331232,3
52331233,3
52331234,3
52331235,3
52331236,3
52331237,3
52331238,3
52331239,3|5
52331240,3
52331241,3
52331242,3
52331243,3
52331244,3
52331245,3
52331246,3
52331247,3
52331248,3
52331249,3|5
52331250,3
52331251,3
52331252,3
52331253,3
52331254,3
52331255,3
52331256,3
52331257,3
52331258,3
52331259,3|5
52331260,3
52331261,3
52331262,3
52331263,3
52331264,3
52331265,3
52331266,3
52331267,3
52331268,3
52331269,3
52331270,3
52331271,3
52331272,3
52331273,3
52331274,3
52331275,3
52331276,3
52331277,3
52331278,3
52331279,3|5
52331280,3
52331281,3
52331282,3
52331283,3
52331284,3
52331285,3
52331286,3
52331287,3
52331288,3|5
52331289,3|5
52331290,3
52331291,3
52331292,3
52331293,3
52331294,3
52331295,3
52331296,3
52331297,3|5
52331298,3|5
52331299,5
52331300,5
52331301,5
52331302,5
52331303,5
52331304,5
52331305,5
52331306,5
52331307,5
52331308,5
52331309,5
52331310,5
52331311,5
52331312,5
52331313,5
52331314,5
52331315,5
52331316,5
52331317,5
52331318,5
52331319,5
52331320,5
52331321,5
52331322,5
52331323,5
52331324,5
52331325,5
52331326,5
52331327,5
52331328,5
52331329,5
52331330,3|5
52331331,5
52331332,5
52331333,5
52331334,5
52331335,5
52331336,5
52331337,5
52331338,5
52331339,5
52331340,5
52331341,5
52331342,5
52331343,5
52331344,5
52331345,5
52331346,5
52331347,5
52331348,5
52331349,5
52331350,3|5
52331351,5
52331352,5
52331353,5
52331354,5
52331355,5
52331356,5
52331357,5
52331358,5
52331359,5
52331360,3|5
52331361,5
52331362,5
52331363,5
52331364,5
52331365,5
52331366,5
52331367,5
52331368,5
52331369,5
52331370,3|5
52331371,5
52331372,5
52331373,5
52331374,5
52331375,5
52331376,5
52331377,5
52331378,5
52331379,5
52331380,5
52331381,5
52331382,5
52331383,5
52331384,5
52331385,5
52331386,5
52331387,5
52331388,5
52331389,5
52331390,5
52331391,5
52331392,5
52331393,5
52331394,5
52331395,5
52331396,5
52331397,5
52331398,5
52331399,5
523314,5
523315,5
523316,5
523317,5
523320,3
523321,3
52332200,3
52332201,3
52332202,3
52332203,3
52332204,3
52332205,3
52332206,3|5
52332207,3|5
52332208,5
52332209,5
52332210,3
52332211,3
52332212,3
52332213,3
52332214,3
52332215,3
52332216,3|5
52332217,5
52332218,5
52332219,5
52332220,3
52332221,3
52332222,3
52332223,3
52332224,3
52332225,3|5
52332226,3|5
52332227,5
52332228,5
52332229,5
52332230,3
52332231,3
52332232,3
52332233,3
52332234,3
52332235,3|5
52332236,5
52332237,5
52332238,5
52332239,5
52332240,3
52332241,3
52332242,3
52332243,3
52332244,3|5
52332245,3|5
52332246,5
52332247,5
52332248,5
52332249,5
52332250,3
52332251,3
52332252,3
52332253,3
52332254,3|5
52332255,5
52332256,5
52332257,5
52332258,5
52332259,5
52332260,3
52332261,3
52332262,3
52332263,3|5
52332264,3|5
52332265,5
52332266,5
52332267,5
52332268,5
52332269,5
52332270,3
52332271,3
52332272,3
52332273,3|5
52332274,5
52332275,5
52332276,5
52332277,5
52332278,5
52332279,5
52332280,3
52332281,3
52332282,3
52332283,3|5
52332284,5
52332285,5
52332286,5
52332287,5
52332288,5
52332289,5
52332290,3
52332291,3
52332292,3
52332293,3|5
52332294,3|5
52332295,5
52332296,5
52332297,5
52332298,5
52332299,5
523323,5
523324,5
523325,5
523326,5
523327,5
523330,3
523331,3
52333200,3
52333201,3
52333202,3
52333203,3
52333204,3|5
52333205,5
52333206,5
52333207,5
52333208,5
52333209,5
52333210,3
52333211,3
52333212,3
52333213,3
52333214,3|5
52333215,5
52333216,5
52333217,5
52333218,5
52333219,5
52333220,3
52333221,3
52333222,3
52333223,3
52333224,3|5
52333225,5
52333226,5
52333227,5
52333228,5
52333229,5
52333230,3
52333231,3
52333232,3
52333233,3
52333234,3|5
52333235,5
52333236,5
52333237,5
52333238,5
52333239,5
52333240,3
52333241,3
52333242,3
52333243,3|5
52333244,3|5
52333245,5
52333246,5
52333247,5
52333248,5
52333249,5
52333250,3
52333251,3
52333252,3
52333253,3|5
52333254,3|5
52333255,5
52333256,5
52333257,5
52333258,5
52333259,5
52333260,3
52333261,3
52333262,3
52333263,3
52333264,3|5
52333265,5
52333266,5
52333267,5
52333268,5
52333269,5
52333270,3
52333271,3
52333272,3
52333273,3
52333274,3|5
52333275,3|5
52333276,5
52333277,5
52333278,5
52333279,5
52333280,3
52333281,3
52333282,3
52333283,3
52333284,3
52333285,3|5
52333286,5
52333287,5
52333288,5
52333289,5
52333290,3
52333291,3
52333292,3
52333293,3
52333294,3
52333295,3|5
52333296,5
52333297,5
52333298,5
52333299,5
523333,5
523334,5
523335,5
523336,5
523337,5
523340,3
52334100,3
52334101,3
52334102,3
52334103,3
52334104,3
52334105,3
52334106,3
52334107,3
52334108,3
52334109,3
52334110,3
52334111,3
52334112,3
52334113,3
52334114,3
52334115,3
52334116,3
52334117,3
52334118,3
52334119,3
52334120,3
52334121,3
52334122,3
52334123,3
52334124,3
52334125,3
52334126,3
52334127,3
52334128,3
52334129,3
52334130,3
52334131,3
52334132,3
52334133,3
52334134,3
52334135,3
52334136,3
52334137,3
52334138,3
52334139,3
52334140,3
52334141,3
52334142,3
52334143,3
52334144,3
52334145,3
52334146,3
52334147,3
52334148,3
52334149,3
52334150,3
52334151,3
52334152,3
52334153,3
52334154,3
52334155,3
52334156,3
52334157,3
52334158,3
52334159,3
52334160,3
52334161,3
52334162,3
52334163,3
52334164,3
52334165,3
52334166,3
52334167,3
52334168,3
52334169,3
52334170,3
52334171,3|5
52334172,3
52334173,3
52334174,3
52334175,3
52334176,3
52334177,3
52334178,3
52334179,3
52334180,3|5
52334181,3|5
52334182,3|5
52334183,3|5
52334184,3|5
52334185,3|5
52334186,3|5
52334187,3|5
52334188,3|5
52334189,3
52334190,3
52334191,3|5
52334192,5
52334193,5
52334194,5
52334195,5
52334196,5
52334197,5
52334198,3|5
52334199,3|5
52334200,3
52334201,3
52334202,3
52334203,3
52334204,3
52334205,3|5
52334206,5
52334207,5
52334208,5
52334209,5
52334210,3
52334211,3
52334212,3
52334213,3
52334214,3|5
52334215,3|5
52334216,5
52334217,5
52334218,5
52334219,5
52334220,3
52334221,3
52334222,3
52334223,3|5
52334224,3|5
52334225,5
52334226,5
52334227,5
52334228,5
52334229,5
52334230,3
52334231,3
52334232,3
52334233,3|5
52334234,5
52334235,5
52334236,5
52334237,5
52334238,5
52334239,5
52334240,3
52334241,3
52334242,3|5
52334243,3|5
52334244,5
52334245,5
52334246,5
52334247,5
52334248,5
52334249,5
52334250,3
52334251,3|5
52334252,3|5
52334253,5
52334254,5
52334255,5
52334256,5
52334257,5
52334258,5
52334259,5
52334260,3
52334261,3|5
52334262,5
52334263,5
52334264,5
52334265,5
52334266,5
52334267,5
52334268,5
52334269,5
52334270,3|5
52334271,3|5
52334272,5
52334273,5
52334274,5
52334275,5
52334276,5
52334277,5
52334278,5
52334279,5
52334280,3|5
52334281,5
52334282,5
52334283,5
52334284,5
52334285,5
52334286,5
52334287,5
52334288,5
52334289,5
52334290,3|5
52334291,5
52334292,5
52334293,5
52334294,5
52334295,5
52334296,5
52334297,5
52334298,5
52334299,5
523343,5
523344,5
523345,5
523346,5
523347,5
523350,3
52335100,3|5
52335101,3|5
52335102,5
52335103,5
52335104,5
52335105,5
52335106,5
52335107,5
52335108,5
52335109,5
52335110,3
52335111,3|5
52335112,5
52335113,5
52335114,5
52335115,5
52335116,5
52335117,5
52335118,5
52335119,5
52335120,3
52335121,3|5
52335122,5
52335123,5
52335124,5
52335125,5
52335126,5
52335127,5
52335128,5
52335129,5
52335130,3
52335131,3|5
52335132,5
52335133,5
52335134,5
52335135,5
52335136,5
52335137,5
52335138,5
52335139,5
52335140,3
52335141,3|5
52335142,5
52335143,5
52335144,5
52335145,5
52335146,5
52335147,5
52335148,5
52335149,5
52335150,3
52335151,3|5
52335152,5
52335153,5
52335154,5
52335155,5
52335156,5
52335157,5
52335158,5
52335159,5
52335160,3
52335161,3|5
52335162,3|5
52335163,5
52335164,5
52335165,5
52335166,5
52335167,5
52335168,5
52335169,5
52335170,3
52335171,3
52335172,3|5
52335173,3|5
52335174,5
52335175,5
52335176,5
52335177,5
52335178,5
52335179,5
52335180,3
52335181,3
52335182,3
52335183,3|5
52335184,3|5
52335185,5
52335186,5
52335187,5
52335188,5
52335189,5
52335190,3
52335191,3
52335192,3
52335193,3
52335194,3|5
52335195,3|5
52335196,5
52335197,5
52335198,5
52335199,5
523352,5
523353,5
523354,5
523355,5
523356,5
523357,5
523360,3
52336100,3
52336101,3
52336102,3
52336103,3
52336104,3
52336105,3|5
52336106,5
52336107,5
52336108,5
52336109,5
52336110,3
52336111,3
52336112,3
52336113,3
52336114,3
52336115,3|5
52336116,5
52336117,5
52336118,5
52336119,5
52336120,3
52336121,3
52336122,3
52336123,3
52336124,3|5
52336125,3|5
52336126,5
52336127,5
52336128,5
52336129,5
52336130,3
52336131,3
52336132,3
52336133,3
52336134,3|5
52336135,5
52336136,5
52336137,5
52336138,5
52336139,5
52336140,3
52336141,3
52336142,3|5
52336143,3|5
52336144,3|5
52336145,5
52336146,5
52336147,5
52336148,5
52336149,5
52336150,3
52336151,3
52336152,3|5
52336153,3|5
52336154,5
52336155,5
52336156,5
52336157,5
52336158,5
52336159,5
52336160,3
52336161,3
52336162,3|5
52336163,3|5
52336164,5
52336165,5
52336166,5
52336167,5
52336168,5
52336169,5
52336170,3
52336171,3
52336172,3
52336173,3|5
52336174,3|5
52336175,5
52336176,5
52336177,5
52336178,5
52336179,5
52336180,3
52336181,3
52336182,3
52336183,3
52336184,3|5
52336185,3|5
52336186,3|5
52336187,5
52336188,5
52336189,5
52336190,3
52336191,3
52336192,3
52336193,3
52336194,3
52336195,3
52336196,3|5
52336197,3|5
52336198,3|5
52336199,3|5
523362,5
523363,5
523364,5
523365,5
523366,5
523367,5
523370,3
52337100,3
52337101,3
52337102,3
52337103,3
52337104,3
52337105,3
52337106,3
52337107,3
52337108,3
52337109,3|5
52337110,3
52337111,3
52337112,3
52337113,3
52337114,3
52337115,3
52337116,3
52337117,3
52337118,3
52337119,3
52337120,3
52337121,3
52337122,3
52337123,3
52337124,3
52337125,3
52337126,3
52337127,3
52337128,3
52337129,3
52337130,3
52337131,3
52337132,3
52337133,3
52337134,3
52337135,3
52337136,3
52337137,3
52337138,3
52337139,3
52337140,3
52337141,3
52337142,3
52337143,3
52337144,3
52337145,3
52337146,3
52337147,3
52337148,3
52337149,3
52337150,3
52337151,3
52337152,3
52337153,3
52337154,3
52337155,3
52337156,3
52337157,3
52337158,3
52337159,3
52337160,3
52337161,3
52337162,3
52337163,3
52337164,3
52337165,3
52337166,3
52337167,3
52337168,3
52337169,3
52337170,3
52337171,3
52337172,3
52337173,3
52337174,3
52337175,3
52337176,3
52337177,3
52337178,3
52337179,3
52337180,3
52337181,3
52337182,3
52337183,3
52337184,3
52337185,3
52337186,3
52337187,3
52337188,3
52337189,3
52337190,3
52337191,3
52337192,3
52337193,3
52337194,3
52337195,3
52337196,3
52337197,3
52337198,3
52337199,3
52337200,3|5
52337201,3|5
52337202,3|5
52337203,5
52337204,5
52337205,5
52337206,5
52337207,5
52337208,5
52337209,5
52337210,3|5
52337211,3|5
52337212,3|5
52337213,3|5
52337214,3|5
52337215,5
52337216,5
52337217,5
52337218,5
52337219,5
52337220,3
52337221,3
52337222,3
52337223,3
52337224,3|5
52337225,5
52337226,5
52337227,5
52337228,5
52337229,5
52337230,3
52337231,3
52337232,3
52337233,3
52337234,3|5
52337235,5
52337236,5
52337237,5
52337238,5
52337239,5
52337240,3
52337241,3
52337242,3
52337243,3|5
52337244,3|5
52337245,5
52337246,5
52337247,5
52337248,5
52337249,5
52337250,3
52337251,3
52337252,3
52337253,3|5
52337254,3|5
52337255,5
52337256,5
52337257,5
52337258,5
52337259,5
52337260,3
52337261,3
52337262,3
52337263,3
52337264,3|5
52337265,5
52337266,5
52337267,5
52337268,5
52337269,5
52337270,3
52337271,3
52337272,3
52337273,3|5
52337274,3|5
52337275,5
52337276,5
52337277,5
52337278,5
52337279,5
52337280,3
52337281,3
52337282,3
52337283,3|5
52337284,5
52337285,5
52337286,5
52337287,5
52337288,5
52337289,5
52337290,3
52337291,3
52337292,3
52337293,3|5
52337294,5
52337295,5
52337296,5
52337297,5
52337298,5
52337299,5
523373,5
523374,5
523375,5
523376,5
523377,5
523400,5
523401,5
523402,5
523403,5
523404,5
523405,5
523406,5
523407,5
523410,5
523411,5
523412,5
523413,5
523414,5
523415,5
523416,5
523417,5
523420,5
523421,5
523422,5
523423,5
523424,5
523425,5
523426,5
523427,5
523430,5
523431,5
523432,5
523433,5
523434,5
523435,5
523436,5
523437,5
523440,5
523441,5
523442,5
523443,5
523444,5
523445,5
523446,5
523447,5
523450,5
523451,5
523452,5
523453,5
523454,5
523455,5
523456,5
523457,5
523460,5
523461,5
523462,5
523463,5
523464,5
523465,5
523466,5
523467,5
523470,5
523471,5
523472,5
523473,5
523474,5
523475,5
523476,5
52347700,5
52347701,5
52347702,5
52347703,5
52347704,5
52347705,5
52347706,5
52347707,5
52347708,5
52347709,5
52347710,5
52347711,5
52347712,5
52347713,5
52347714,5
52347715,5
52347716,5
52347717,5
52347718,5
52347719,5
52347720,5
52347721,5
52347722,5
52347723,5
52347724,5
52347725,5
52347726,5
52347727,5
52347728,5
52347729,5
52347730,5
52347731,5
52347732,5
52347733,5
52347734,5
52347735,5
52347736,5
52347737,5
52347738,5
52347739,5
52347740,5
52347741,5
52347742,5
52347743,5
52347744,5
52347745,5
52347746,5
52347747,5
52347748,5
52347749,5|6
52347750,5
52347751,5
52347752,5
52347753,5
52347754,5
52347755,5
52347756,5|6
52347757,5|6
52347758,5|6
52347759,5|6
52347760,5
52347761,5
52347762,5
52347763,5
52347764,5|6
52347765,5|6
52347766,5|6
52347767,6
52347768,6
52347769,6
52347770,5
52347771,5
52347772,5
52347773,5|6
52347774,5|6
52347775,5|6
52347776,6
52347777,6
52347778,6
52347779,6
52347780,5
52347781,5
52347782,5
52347783,5|6
52347784,5|6
52347785,6
52347786,6
52347787,6
52347788,6
52347789,6
52347790,5
52347791,5
52347792,5
52347793,5|6
52347794,5|6
52347795,6
52347796,6
52347797,6
52347798,6
52347799,6
523500,5
523501,5
523502,5
52350301,6
52350302,6
52350303,6
52350304,6
52350305,6
52350306,6
52350307,6
52350308,6
52350309,6
52350310,5
52350311,5
52350312,6
52350313,6
52350314,6
52350315,6
52350316,6
52350317,6
52350318,6
52350319,6
52350320,5
52350321,5
52350322,5|6
52350323,6
52350324,6
52350325,6
52350326,6
52350327,6
52350328,6
52350329,6
52350330,5
52350331,5
52350332,5|6
52350333,6
52350334,6
52350335,6
52350336,6
52350337,6
52350338,6
52350339,6
52350340,5
52350341,5
52350342,5|6
52350343,5|6
52350344,5|6
52350345,6
52350346,6
52350347,6
52350348,6
52350349,6
52350350,5
52350351,5
52350352,5
52350353,5
52350354,5|6
52350355,5|6
52350356,6
52350357,6
52350358,6
52350359,6
52350360,5
52350361,5
52350362,5
52350363,5
52350364,5
52350365,5|6
52350366,6
52350367,6
52350368,6
52350369,6
52350370,5
52350371,5
52350372,5
52350373,5
52350374,5
52350375,5|6
52350376,5|6
52350377,6
52350378,6
52350379,6
52350380,5
52350381,5
52350382,5
52350383,5
52350384,5
52350385,5|6
52350386,5|6
52350387,6
52350388,6
52350389,6
52350390,5
52350391,5
52350392,5
52350393,5
52350394,5
52350395,5
52350396,5|6
52350397,6
52350398,6
52350399,6
523504,6
523505,6
523506,6
523507,6
523510,5
523511,5
523512,5
52351300,5
52351301,5
52351302,5
52351303,5
52351304,5
52351305,5
52351306,5|6
52351307,6
52351308,6
52351309,6
52351310,5
52351311,5
52351312,5
52351313,5
52351314,5
52351315,5|6
52351316,5|6
52351317,6
52351318,6
52351319,6
52351320,5
52351321,5
52351322,5
52351323,5
52351324,5
52351325,5|6
52351326,5|6
52351327,6
52351328,6
52351329,6
52351330,5
52351331,5
52351332,5
52351333,5
52351334,5
52351335,5|6
52351336,6
52351337,6
52351338,6
52351339,6
52351340,5
52351341,5
52351342,5
52351343,5
52351344,5
52351345,5|6
52351346,6
52351347,6
52351348,6
52351349,6
52351350,5
52351351,5
52351352,5
52351353,5
52351354,5|6
52351355,5|6
52351356,6
52351357,6
52351358,6
52351359,6
52351360,5
52351361,5
52351362,5
52351363,5|6
52351364,5|6
52351365,6
52351366,6
52351367,6
52351368,6
52351369,6
52351370,5
52351371,5
52351372,5
52351373,5|6
52351374,6
52351375,6
52351376,6
52351377,6
52351378,6
52351379,6
52351380,5
52351381,5
52351382,5
52351383,5|6
52351384,6
52351385,6
52351386,6
52351387,6
52351388,6
52351389,6
52351390,5
52351391,5
52351392,5
52351393,5|6
52351394,6
52351395,6
52351396,6
52351397,6
52351398,6
52351399,6
523514,6
523515,6
523516,6
523517,6
523520,5
523521,5
523522,5
52352300,5
52352301,5
52352302,5
52352303,5|6
52352304,6
52352305,6
52352306,6
52352307,6
52352308,6
52352309,6
52352310,5
52352311,5
52352312,5
52352313,5|6
52352314,6
52352315,6
52352316,6
52352317,6
52352318,6
52352319,6
52352320,5
52352321,5
52352322,5
52352323,5|6
52352324,5|6
52352325,6
52352326,6
52352327,6
52352328,6
52352329,6
52352330,5
52352331,5
52352332,5
52352333,5
52352334,5|6
52352335,6
52352336,6
52352337,6
52352338,6
52352339,6
52352340,5
52352341,5
52352342,5
52352343,5
52352344,5|6
52352345,6
52352346,6
52352347,6
52352348,6
52352349,6
52352350,5
52352351,5
52352352,5
52352353,5
52352354,5|6
52352355,5|6
52352356,6
52352357,6
52352358,6
52352359,6
52352360,5
52352361,5
52352362,5
52352363,5
52352364,5
52352365,5|6
52352366,6
52352367,6
52352368,6
52352369,6
52352370,5
52352371,5
52352372,5
52352373,5
52352374,5|6
52352375,5|6
52352376,6
52352377,6
52352378,6
52352379,6
52352380,5
52352381,5
52352382,5
52352383,5|6
52352384,5|6
52352385,6
52352386,6
52352387,6
52352388,6
52352389,6
52352390,5
52352391,5
52352392,5
52352393,5|6
52352394,5|6
52352395,6
52352396,6
52352397,6
52352398,6
52352399,6
523524,6
523525,6
523526,6
523527,6
523530,5
523531,5
52353200,5
52353201,5
52353202,5
52353203,5
52353204,5
52353205,5
52353206,5
52353207,5
52353208,5
52353209,5
52353210,5
52353211,5
52353212,5
52353213,5
52353214,5
52353215,5
52353216,5
52353217,5
52353218,5
52353219,5
52353220,5
52353221,5
52353222,5
52353223,5
52353224,5
52353225,5
52353226,5
52353227,5
52353228,5
52353229,5
52353230,5
52353231,5
52353232,5
52353233,5
52353234,5
52353235,5
52353236,5
52353237,5
52353238,5
52353239,5
52353240,5
52353241,5
52353242,5
52353243,5
52353244,5
52353245,5
52353246,5
52353247,5
52353248,5|6
52353249,5|6
52353250,5
52353251,5
52353252,5
52353253,5
52353254,5
52353255,5
52353256,5
52353257,5|6
52353258,5|6
52353259,6
52353260,5
52353261,5
52353262,5
52353263,5
52353264,5
52353265,5
52353266,5
52353267,5|6
52353268,6
52353269,6
52353270,5
52353271,5
52353272,5
52353273,5
52353274,5
52353275,5
52353276,5
52353277,5|6
52353278,5|6
52353279,6
52353280,5
52353281,5
52353282,5
52353283,5
52353284,5
52353285,5
52353286,5
52353287,5
52353288,5|6
52353289,6
52353290,5
52353291,5
52353292,5
52353293,5
52353294,5
52353295,5
52353296,5
52353297,5
52353298,5|6
52353299,6
52353300,5
52353301,5
52353302,5
52353303,5
52353304,5|6
52353305,5|6
52353306,5|6
52353307,5|6
52353308,6
52353309,6
52353310,5
52353311,5
52353312,5
52353313,5
52353314,5
52353315,5|6
52353316,5|6
52353317,5|6
52353318,6
52353319,6
52353320,5
52353321,5|6
52353322,5|6
52353323,5|6
52353324,5|6
52353325,5|6
52353326,6
52353327,6
52353328,6
52353329,6
52353330,5|6
52353331,5|6
52353332,5|6
52353333,5|6
52353334,6
52353335,6
52353336,6
52353337,6
52353338,6
52353339,6
52353340,5|6
52353341,5|6
52353342,6
52353343,6
52353344,6
52353345,6
52353346,6
52353347,6
52353348,6
52353349,6
52353350,6
52353351,6
52353352,6
52353353,6
52353354,6
52353355,6
52353356,6
52353357,6
52353358,6
52353359,6
52353360,6
52353361,6
52353362,6
52353363,6
52353364,6
52353365,6
52353366,6
52353367,6
52353368,6
52353369,6
52353370,6
52353371,6
52353372,6
52353373,6
52353374,6
52353375,6
52353376,6
52353377,6
52353378,6
52353379,6
52353380,6
52353381,6
52353382,6
52353383,6
52353384,6
52353385,6
52353386,6
52353387,6
52353388,6
52353389,6
52353390,6
52353391,6
52353392,6
52353393,6
52353394,6
52353395,6
52353396,6
52353397,6
52353398,6
52353399,6
523534,6
523535,6
523536,6
523537,6
523540,5
523541,5
52354200,5
52354201,5
52354202,5
52354203,5
52354204,5
52354205,5
52354206,5
52354207,5
52354208,5|6
52354209,6
52354210,5
52354211,5
52354212,5
52354213,5
52354214,5
52354215,5
52354216,5
52354217,5
52354218,5|6
52354219,6
52354220,5
52354221,5
52354222,5
52354223,5
52354224,5
52354225,5
52354226,5
52354227,5
52354228,5|6
52354229,6
52354230,5
52354231,5
52354232,5
52354233,5
52354234,5
52354235,5
52354236,5|6
52354237,5|6
52354238,5|6
52354239,6
52354240,5
52354241,5
52354242,5
52354243,5
52354244,5
52354245,5
52354246,5|6
52354247,6
52354248,6
52354249,6
52354250,5
52354251,5
52354252,5
52354253,5
52354254,5
52354255,5
52354256,5|6
52354257,5|6
52354258,5|6
52354259,5|6
52354260,5
52354261,5
52354262,5
52354263,5
52354264,5
52354265,5
52354266,5
52354267,5|6
52354268,5|6
52354269,5|6
52354270,5
52354271,5
52354272,5
52354273,5
52354274,5
52354275,5
52354276,5
52354277,5
52354278,5
52354279,5|6
52354280,5
52354281,5
52354282,5
52354283,5
52354284,5
52354285,5
52354286,5
52354287,5
52354288,5
52354289,5
52354290,5
52354291,5
52354292,5
52354293,5
52354294,5
52354295,5
52354296,5
52354297,5
52354298,5
52354299,5
52354300,6
52354301,6
52354302,6
52354303,6
52354304,6
52354305,6
52354306,6
52354307,6
52354308,6
52354309,6
52354310,6
52354311,6
52354312,6
52354313,6
52354314,6
52354315,6
52354316,6
52354317,6
52354318,6
52354319,6
52354320,6
52354321,6
52354322,6
52354323,6
52354324,6
52354325,6
52354326,6
52354327,6
52354328,6
52354329,6
52354330,6
52354331,6
52354332,6
52354333,6
52354334,6
52354335,6
52354336,6
52354337,6
52354338,6
52354339,6
52354340,6
52354341,6
52354342,6
52354343,6
52354344,6
52354345,6
52354346,6
52354347,6
52354348,6
52354349,6
52354350,6
52354351,6
52354352,6
52354353,6
52354354,6
52354355,6
52354356,6
52354357,6
52354358,6
52354359,6
52354360,6
52354361,6
52354362,6
52354363,6
52354364,6
52354365,6
52354366,6
52354367,6
52354368,6
52354369,6
52354370,5|6
52354371,6
52354372,6
52354373,6
52354374,6
52354375,6
52354376,6
52354377,6
52354378,6
52354379,6
52354380,5|6
52354381,5|6
52354382,6
52354383,6
52354384,6
52354385,6
52354386,6
52354387,6
52354388,6
52354389,6
52354390,5
52354391,5|6
52354392,5|6
52354393,6
52354394,6
52354395,6
52354396,6
52354397,6
52354398,6
52354399,6
523544,6
523545,6
523546,6
523547,6
523550,5
52355100,5
52355101,5
52355102,5
52355103,5
52355104,5
52355105,5
52355106,5
52355107,5
52355108,5
52355109,5
52355110,5
52355111,5
52355112,5
52355113,5
52355114,5
52355115,5
52355116,5
52355117,5
52355118,5
52355119,5
52355120,5
52355121,5
52355122,5
52355123,5
52355124,5
52355125,5
52355126,5
52355127,5
52355128,5
52355129,5
52355130,5
52355131,5
52355132,5
52355133,5
52355134,5
52355135,5
52355136,5
52355137,5
52355138,5
52355139,5
52355140,5
52355141,5
52355142,5
52355143,5
52355144,5
52355145,5
52355146,5
52355147,5
52355148,5
52355149,5
52355150,5
52355151,5
52355152,5
52355153,5
52355154,5
52355155,5
52355156,5
52355157,5
52355158,5
52355159,5
52355160,5
52355161,5
52355162,5
52355163,5
52355164,5
52355165,5
52355166,5
52355167,5
52355168,5
52355169,5
52355170,5
52355171,5
52355172,5
52355173,5
52355174,5
52355175,5
52355176,5
52355177,5
52355178,5
52355179,5
52355180,5
52355181,5
52355182,5
52355183,5
52355184,5
52355185,5
52355186,5
52355187,5
52355188,5
52355189,5
52355190,5
52355191,5
52355192,5
52355193,5
52355194,5
52355195,5|6
52355196,5|6
52355197,5|6
52355198,5|6
52355199,5
52355200,5
52355201,5
52355202,5
52355203,5
52355204,5
52355205,5
52355206,5
52355207,5
52355208,5
52355209,5
52355210,5
52355211,5
52355212,5
52355213,5
52355214,5
52355215,5
52355216,5
52355217,5
52355218,5
52355219,5
52355220,5
52355221,5
52355222,5
52355223,5
52355224,5
52355225,5
52355226,5
52355227,5
52355228,5
52355229,5
52355230,5
52355231,5
52355232,5
52355233,5
52355234,5
52355235,5
52355236,5
52355237,5
52355238,5
52355239,5
52355240,5
52355241,5
52355242,5
52355243,5
52355244,5
52355245,5
52355246,5
52355247,5
52355248,5
52355249,5
52355250,5
52355251,5
52355252,5
52355253,5
52355254,5
52355255,5
52355256,5
52355257,5
52355258,5|6
52355259,5|6
52355260,5
52355261,5
52355262,5
52355263,5|6
52355264,5
52355265,5
52355266,5
52355267,5|6
52355268,5|6
52355269,6
52355270,5
52355271,5
52355272,5|6
52355273,5|6
52355274,5|6
52355275,5|6
52355276,5|6
52355277,5|6
52355278,6
52355279,6
52355280,5
52355281,5
52355282,5|6
52355283,5|6
52355284,6
52355285,6
52355286,6
52355287,5|6
52355288,6
52355289,6
52355290,5
52355291,5
52355292,5
52355293,5|6
52355294,6
52355295,6
52355296,6
52355297,6
52355298,6
52355299,6
52355300,5
52355301,5|6
52355302,5|6
52355303,6
52355304,6
52355305,6
52355306,6
52355307,6
52355308,6
52355309,6
52355310,5
52355311,5|6
52355312,5|6
52355313,6
52355314,6
52355315,6
52355316,6
52355317,6
52355318,6
52355319,6
52355320,5
52355321,5|6
52355322,6
52355323,6
52355324,6
52355325,6
52355326,6
52355327,6
52355328,6
52355329,6
52355330,5|6
52355331,5|6
52355332,6
52355333,6
52355334,6
52355335,6
52355336,6
52355337,6
52355338,6
52355339,6
52355340,5|6
52355341,5|6
52355342,6
52355343,6
52355344,6
52355345,6
52355346,6
52355347,6
52355348,6
52355349,6
52355350,5|6
52355351,5|6
52355352,6
52355353,6
52355354,6
52355355,6
52355356,6
52355357,6
52355358,6
52355359,6
52355360,6
52355361,6
52355362,6
52355363,6
52355364,6
52355365,6
52355366,6
52355367,6
52355368,6
52355369,6
52355370,6
52355371,6
52355372,6
52355373,6
52355374,6
52355375,6
52355376,6
52355377,6
52355378,6
52355379,6
52355380,6
52355381,6
52355382,6
52355383,6
52355384,6
52355385,6
52355386,6
52355387,6
52355388,6
52355389,6
52355390,6
52355391,6
52355392,6
52355393,6
52355394,6
52355395,6
52355396,6
52355397,6
52355398,6
52355399,6
523554,6
523555,6
523556,6
523557,6
52356000,5
52356001,5
52356002,5
52356003,5
52356004,5
52356005,5
52356006,5
52356007,5
52356008,5
52356009,5
52356010,5
52356011,5
52356012,5
52356013,5
52356014,5
52356015,5
52356016,5
52356017,5
52356018,5
52356019,5
52356020,5
52356021,5
52356022,5
52356023,5
52356024,5
52356025,5
52356026,5
52356027,5
52356028,5
52356029,5
52356030,5
52356031,5
52356032,5
52356033,5
52356034,5
52356035,5
52356036,5
52356037,5
52356038,5
52356039,5
52356040,5
52356041,5
52356042,5
52356043,5
52356044,5
52356045,5
52356046,5
52356047,5
52356048,5
52356049,5
52356050,5
52356051,5
52356052,5
52356053,5
52356054,5
52356055,5
52356056,5
52356057,5
52356058,5
52356059,5
52356060,5
52356061,5
52356062,5
52356063,5
52356064,5
52356065,5
52356066,5
52356067,5
52356068,5
52356069,5
52356070,5
52356071,5
52356072,5
52356073,5
52356074,5
52356075,5
52356076,5
52356077,5
52356078,5
52356079,5
52356080,5
52356081,5
52356082,5
52356083,5
52356084,5
52356085,5|6
52356086,5
52356087,5
52356088,5
52356089,5
52356090,5
52356091,5
52356092,5
52356093,5
52356094,5|6
52356095,5|6
52356096,5|6
52356097,5
52356098,5
52356099,5
52356100,5
52356101,5
52356102,5
52356103,5
52356104,5|6
52356105,5|6
52356106,6
52356107,6
52356108,5|6
52356109,5
52356110,5
52356111,5
52356112,5
52356113,5
52356114,5|6
52356115,5|6
52356116,6
52356117,6
52356118,5|6
52356119,5|6
52356120,5
52356121,5
52356122,5
52356123,5
52356124,5|6
52356125,5|6
52356126,6
52356127,6
52356128,6
52356129,6
52356130,5
52356131,5
52356132,5
52356133,5
52356134,5
52356135,5|6
52356136,5|6
52356137,6
52356138,6
52356139,6
52356140,5
52356141,5
52356142,5
52356143,5
52356144,5
52356145,5|6
52356146,6
52356147,6
52356148,6
52356149,6
52356150,5
52356151,5
52356152,5
52356153,5|6
52356154,5|6
52356155,5|6
52356156,6
52356157,6
52356158,6
52356159,6
52356160,5
52356161,5
52356162,5|6
52356163,5|6
52356164,6
52356165,6
52356166,6
52356167,6
52356168,6
52356169,6
52356170,5
52356171,5
52356172,5|6
52356173,6
52356174,6
52356175,6
52356176,6
52356177,6
52356178,6
52356179,6
52356180,5
52356181,5
52356182,5|6
52356183,5|6
52356184,6
52356185,6
52356186,6
52356187,6
52356188,6
52356189,6
52356190,5
52356191,5
52356192,5
52356193,5|6
52356194,6
52356195,6
52356196,6
52356197,6
52356198,6
52356199,6
52356200,5
52356201,5
52356202,5|6
52356203,5|6
52356204,6
52356205,6
52356206,6
52356207,6
52356208,6
52356209,6
52356210,5|6
52356211,5|6
52356212,5|6
52356213,6
52356214,6
52356215,6
52356216,6
52356217,6
52356218,6
52356219,6
52356220,6
52356221,6
52356222,6
52356223,6
52356224,6
52356225,6
52356226,6
52356227,6
52356228,6
52356229,6
52356230,6
52356231,6
52356232,6
52356233,6
52356234,6
52356235,6
52356236,6
52356237,6
52356238,6
52356239,6
52356240,6
52356241,6
52356242,6
52356243,6
52356244,6
52356245,6
52356246,6
52356247,6
52356248,6
52356249,6
52356250,6
52356251,6
52356252,6
52356253,6
52356254,6
52356255,6
52356256,6
52356257,6
52356258,6
52356259,6
52356260,6
52356261,6
52356262,6
52356263,6
52356264,6
52356265,6
52356266,6
52356267,6
52356268,6
52356269,6
52356270,6
52356271,6
52356272,6
52356273,6
52356274,6
52356275,6
52356276,6
52356277,6
52356278,6
52356279,6
52356280,6
52356281,6
52356282,6
52356283,6
52356284,6
52356285,6
52356286,6
52356287,6
52356288,6
52356289,6
52356290,6
52356291,6
52356292,6
52356293,6
52356294,6
52356295,6
52356296,6
52356297,6
52356298,6
52356299,6
523563,6
523564,6
523565,6
523566,6
523567,6
52357000,5
52357001,5
52357002,5
52357003,5
52357004,5|6
52357005,6
52357006,5|6
52357007,5|6
52357008,5
52357009,5
52357010,5
52357011,5|6
52357012,5|6
52357013,5|6
52357014,5|6
52357015,6
52357016,6
52357017,5|6
52357018,5|6
52357019,5|6
52357020,5|6
52357021,5|6
52357022,6
52357023,6
52357024,6
52357025,6
52357026,6
52357027,6
52357028,6
52357029,6
52357030,5|6
52357031,6
52357032,6
52357033,6
52357034,6
52357035,6
52357036,6
52357037,6
52357038,6
52357039,6
52357040,5|6
52357041,6
52357042,6
52357043,6
52357044,6
52357045,6
52357046,6
52357047,6
52357048,6
52357049,6
52357050,6
52357051,6
52357052,6
52357053,6
52357054,6
52357055,6
52357056,6
52357057,6
52357058,6
52357059,6
52357060,6
52357061,6
52357062,6
52357063,6
52357064,6
52357065,6
52357066,6
52357067,6
52357068,6
52357069,6
52357070,6
52357071,6
52357072,6
52357073,6
52357074,6
52357075,6
52357076,6
52357077,6
52357078,6
52357079,6
52357080,6
52357081,6
52357082,6
52357083,6
52357084,6
52357085,6
52357086,6
52357087,6
52357088,6
52357089,6
52357090,6
52357091,6
52357092,6
52357093,6
52357094,6
52357095,6
52357096,6
52357097,6
52357098,6
52357099,6
52357100,5
52357101,5
52357102,5|6
52357103,5|6
52357104,6
52357105,6
52357106,6
52357107,6
52357108,6
52357109,6
52357110,5|6
52357111,5|6
52357112,5|6
52357113,6
52357114,6
52357115,6
52357116,6
52357117,6
52357118,6
52357119,6
52357120,6
52357121,6
52357122,6
52357123,6
52357124,6
52357125,6
52357126,6
52357127,6
52357128,6
52357129,6
52357130,6
52357131,6
52357132,6
52357133,6
52357134,6
52357135,6
52357136,6
52357137,6
52357138,6
52357139,6
52357140,6
52357141,6
52357142,6
52357143,6
52357144,6
52357145,6
52357146,6
52357147,6
52357148,6
52357149,6
52357150,6
52357151,6
52357152,6
52357153,6
52357154,6
52357155,6
52357156,6
52357157,6
52357158,6
52357159,6
52357160,6
52357161,6
52357162,6
52357163,6
52357164,6
52357165,6
52357166,6
52357167,6
52357168,6
52357169,6
52357170,6
52357171,6
52357172,6
52357173,6
52357174,6
52357175,6
52357176,6
52357177,6
52357178,6
52357179,6
52357180,6
52357181,6
52357182,6
52357183,6
52357184,6
52357185,6
52357186,6
52357187,6
52357188,6
52357189,6
52357190,6
52357191,6
52357192,6
52357193,6
52357194,6
52357195,6
52357196,6
52357197,6
52357198,6
52357199,6
523572,6
523573,6
523574,6
523575,6
523576,6
523577,6
523600,6
523601,6
523602,6
523603,6
523604,6
523606,7
523607,7
523610,6
523611,6
523612,6
523613,6
523614,6
523616,7
523617,7
523620,6
523621,6
523622,6
523623,6
523624,6
523625,6
523626,7
523627,7
523630,6
523631,6
523632,6
523633,6
523634,6
523635,6
52363605,7
52363606,7
52363607,7
52363608,7
52363609,7
52363615,7
52363616,7
52363617,7
52363618,7
52363619,7
52363625,7
52363626,7
52363627,7
52363628,7
52363629,7
52363635,7
52363636,7
52363637,7
52363638,7
52363639,7
52363644,7
52363645,7
52363646,7
52363647,7
52363648,7
52363649,7
52363655,7
52363656,7
52363657,7
52363658,7
52363659,7
52363665,7
52363666,7
52363667,7
52363668,7
52363669,7
52363676,7
52363677,7
52363678,7
52363679,7
52363686,7
52363687,7
52363688,7
52363689,7
52363694,0
52363695,0
52363696,7
52363697,7
52363698,7
52363699,7
523637,7
523640,6
523641,6
523642,6
523643,6
523644,6
52364500,6
52364501,6
52364502,6
52364503,6
52364504,6
52364505,6
52364506,6
52364507,6
52364510,6
52364511,6
52364512,6
52364513,6
52364514,6
52364515,6
52364517,6
52364520,6
52364521,6
52364522,6
52364523,6
52364524,6
52364525,6
52364526,6
52364527,6
52364529,6
52364530,6
52364531,6
52364532,6
52364533,6
52364534,6
52364535,6
52364536,6
52364537,6
52364538,6
52364539,6
52364540,6
52364541,6
52364542,6
52364543,6
52364544,6
52364545,6
52364546,6
52364547,6
52364548,6
52364549,6
52364550,6
52364551,6
52364552,6
52364553,6
52364554,6
52364555,6
52364556,6
52364557,6
52364558,6
52364559,6
52364560,6
52364561,6
52364562,6
52364563,6
52364564,6
52364565,6
52364566,6
52364567,6
52364568,6
52364569,6
52364570,6
52364571,6
52364572,6
52364573,6
52364574,6
52364575,6
52364576,6
52364577,6
52364578,6
52364579,6
52364580,6
52364581,6
52364582,6
52364583,6
52364584,6
52364585,6
52364586,6
52364587,6
52364588,6
52364589,6
52364590,6
52364591,6
52364592,6
52364593,6
52364594,6
52364595,6
52364596,6
52364597,6
52364598,6
52364599,6|7
52364604,0
52364605,0
52364607,7
52364608,7
52364609,7
52364610,6
52364613,7
52364614,0
52364615,0
52364617,7
52364618,7
52364619,7
52364620,6
52364621,6|7
52364622,7
52364623,7
52364625,0
52364628,7
52364629,7
52364630,6
52364631,6|7
52364632,7
52364633,7
52364634,7
52364635,7
52364636,7
52364637,7
52364638,7
52364639,7
52364640,6|7
52364641,6|7
52364642,7
52364643,7
52364644,7
52364645,7
52364646,7
52364647,7
52364648,7
52364649,7
52364650,6|7
52364651,7
52364652,7
52364653,7
52364654,7
52364655,7
52364656,7
52364657,7
52364658,7
52364659,7
52364660,6|7
52364661,7
52364662,7
52364663,7
52364664,7
52364665,7
52364666,7
52364667,7
52364668,7
52364669,7
52364670,6|7
52364671,7
52364672,7
52364673,7
52364674,7
52364675,7
52364676,7
52364677,7
52364678,7
52364679,7
52364680,6|7
52364681,7
52364682,7
52364683,7
52364684,7
52364685,7
52364686,7
52364687,7
52364688,7
52364689,7
52364690,6|7
52364691,7
52364692,7
52364693,7
52364694,7
52364695,7
52364696,7
52364697,7
52364698,7
52364699,7
523647,7
523650,6
523651,6
523652,6
523653,6
52365400,6
52365401,6
52365402,6
52365403,6
52365404,6
52365405,6
52365406,6
52365407,6
52365408,6
52365409,6
52365410,6
52365411,6
52365412,6
52365413,6
52365414,6
52365415,6
52365416,6
52365417,6
52365418,6
52365419,6
52365420,6
52365421,6
52365422,6
52365423,6
52365424,6
52365425,6
52365426,6
52365427,6
52365428,6
52365429,6
52365430,6
52365431,6
52365432,6
52365433,6
52365434,6
52365435,6
52365436,6
52365437,6
52365438,6
52365439,6
52365440,6
52365441,6
52365442,6
52365443,6
52365444,6
52365445,6
52365446,6
52365447,6
52365448,6
52365449,6
52365450,6
52365451,6
52365452,6
52365453,6
52365454,6
52365455,6
52365456,6
52365457,6
52365458,6
52365459,6
52365460,6
52365461,6
52365462,6
52365463,6
52365464,6
52365465,6
52365466,6
52365467,6
52365468,6
52365469,6
52365470,6
52365471,6
52365472,6
52365473,6
52365474,6
52365475,6
52365476,6
52365477,6
52365478,6
52365479,6|7
52365480,6
52365481,6
52365482,6
52365483,6
52365484,6
52365485,6
52365486,6
52365487,6
52365488,6|7
52365489,6|7
52365490,6
52365491,6
52365492,6
52365493,6
52365494,6
52365495,6
52365496,6
52365497,6
52365498,6|7
52365499,6|7
52365500,6
52365501,6
52365502,6
52365503,6
52365504,6
52365505,6
52365506,6
52365507,6
52365508,6|7
52365509,6|7
52365510,6
52365511,6
52365512,6
52365513,6
52365514,6
52365515,6
52365516,6
52365517,6
52365518,6|7
52365519,7
52365520,6
52365521,6
52365522,6
52365523,6
52365524,6
52365525,6
52365526,6|7
52365527,6|7
52365528,6|7
52365529,7
52365530,6
52365531,6
52365532,6
52365533,6
52365534,6
52365535,6
52365536,6|7
52365537,7
52365538,7
52365539,7
52365540,6
52365541,6
52365542,6
52365543,6
52365544,6
52365545,6|7
52365546,6|7
52365547,7
52365548,7
52365549,7
52365550,6
52365551,6
52365552,6
52365553,6|7
52365554,6|7
52365555,6|7
52365556,7
52365557,7
52365558,7
52365559,7
52365560,6
52365561,6
52365562,6
52365563,6|7
52365564,7
52365565,7
52365566,7
52365567,7
52365568,7
52365569,7
52365570,6|7
52365571,6|7
52365572,6|7
52365573,6|7
52365574,7
52365575,7
52365576,7
52365577,7
52365578,7
52365579,7
52365580,6|7
52365581,6|7
52365582,6|7
52365583,7
52365584,7
52365585,7
52365586,7
52365587,7
52365588,7
52365589,7
52365590,7
52365591,6|7
52365592,6|7
52365593,7
52365594,7
52365595,7
52365596,7
52365597,7
52365598,7
52365599,7
523656,7
523657,7
523660,6
523661,6
523662,6
52366300,6
52366301,6
52366302,6
52366303,6
52366304,6
52366305,6
52366306,6
52366307,6
52366308,6
52366309,6
52366310,6
52366311,6
52366312,6
52366313,6
52366314,6
52366315,6
52366316,6
52366317,6
52366318,6
52366319,6
52366320,6
52366321,6
52366322,6
52366323,6
52366324,6
52366325,6
52366326,6
52366327,6
52366328,6
52366329,6
52366330,6
52366331,6
52366332,6
52366333,6
52366334,6
52366335,6
52366336,6
52366337,6
52366338,6
52366339,6
52366340,6
52366341,6
52366342,6
52366343,6
52366344,6
52366345,6
52366346,6
52366347,6
52366348,6
52366349,6
52366350,6
52366351,6
52366352,6
52366353,6
52366354,6
52366355,6
52366356,6
52366357,6
52366358,6
52366359,6
52366360,6
52366361,6
52366362,6|7
52366363,6|7
52366364,6|7
52366365,6|7
52366366,6|7
52366367,6
52366368,6
52366369,6
52366370,6
52366371,6|7
52366372,6|7
52366373,6|7
52366374,6|7
52366375,7
52366376,6|7
52366377,6|7
52366378,6
52366379,6
52366380,6|7
52366381,6|7
52366382,7
52366383,7
52366384,7
52366385,7
52366386,6|7
52366387,6|7
52366388,6|7
52366389,6|7
52366390,6|7
52366391,6|7
52366392,7
52366393,7
52366394,7
52366395,7
52366396,7
52366397,7
52366398,7
52366399,7
52366400,6
52366401,6
52366402,6
52366403,6
52366404,6
52366405,6
52366406,6
52366407,6
52366408,6|7
52366409,7
52366410,6
52366411,6
52366412,6
52366413,6
52366414,6
52366415,6
52366416,6
52366417,6|7
52366418,6|7
52366419,7
52366420,6
52366421,6
52366422,6
52366423,6
52366424,6
52366425,6
52366426,6|7
52366427,6|7
52366428,7
52366429,7
52366430,6
52366431,6
52366432,6
52366433,6
52366434,6
52366435,6
52366436,6|7
52366437,7
52366438,7
52366439,7
52366440,6
52366441,6
52366442,6
52366443,6
52366444,6|7
52366445,6|7
52366446,6|7
52366447,7
52366448,7
52366449,7
52366450,6
52366451,6
52366452,6
52366453,6
52366454,6|7
52366455,7
52366456,7
52366457,7
52366458,7
52366459,7
52366460,6
52366461,6
52366462,6
52366463,6|7
52366464,6|7
52366465,7
52366466,7
52366467,7
52366468,7
52366469,7
52366470,6
52366471,6
52366472,6
52366473,6|7
52366474,6|7
52366475,7
52366476,7
52366477,7
52366478,7
52366479,7
52366480,6|7
52366481,6
52366482,6
52366483,6|7
52366484,6|7
52366485,7
52366486,7
52366487,7
52366488,7
52366489,7
52366490,6|7
52366491,6|7
52366492,6|7
52366493,6|7
52366494,7
52366495,7
52366496,7
52366497,7
52366498,7
52366499,7
523665,7
523666,7
523667,7
523670,6
523671,6
523672,6
52367300,6
52367301,6|7
52367302,7
52367303,7
52367304,7
52367305,7
52367306,7
52367307,7
52367308,7
52367309,7
52367310,6
52367311,6|7
52367312,7
52367313,7
52367314,7
52367315,7
52367316,7
52367317,7
52367318,7
52367319,7
52367320,6
52367321,6|7
52367322,7
52367323,7
52367324,7
52367325,7
52367326,7
52367327,7
52367328,7
52367329,7
52367330,6
52367331,6|7
52367332,7
52367333,7
52367334,7
52367335,7
52367336,7
52367337,7
52367338,7
52367339,7
52367340,6
52367341,6|7
52367342,7
52367343,7
52367344,7
52367345,7
52367346,7
52367347,7
52367348,7
52367349,7
52367350,6
52367351,6|7
52367352,6|7
52367353,7
52367354,7
52367355,7
52367356,7
52367357,7
52367358,7
52367359,7
52367360,6
52367361,6
52367362,6|7
52367363,7
52367364,7
52367365,7
52367366,7
52367367,7
52367368,7
52367369,7
52367370,6
52367371,6
52367372,6|7
52367373,7
52367374,7
52367375,7
52367376,7
52367377,7
52367378,7
52367379,7
52367380,6
52367381,6
52367382,6|7
52367383,6|7
52367384,7
52367385,7
52367386,7
52367387,7
52367388,7
52367389,7
52367390,6
52367391,6
52367392,6|7
52367393,6|7
52367394,7
52367395,7
52367396,7
52367397,7
52367398,7
52367399,7
52367400,7
52367401,6|7
52367402,6|7
52367403,7
52367404,7
52367405,7
52367406,7
52367407,7
52367408,7
52367409,7
52367410,7
52367411,7
52367412,7
52367413,7
52367414,7
52367415,7
52367416,7
52367417,7
52367418,7
52367419,7
52367420,7
52367421,7
52367422,7
52367423,7
52367424,7
52367425,7
52367426,7
52367427,7
52367428,7
52367429,7
52367430,7
52367431,7
52367432,7
52367433,7
52367434,7
52367435,7
52367436,7
52367437,7
52367438,7
52367439,7
52367440,7
52367441,7
52367442,7
52367443,7
52367444,7
52367445,7
52367446,7
52367447,7
52367448,7
52367449,7
52367450,7
52367451,7
52367452,7
52367453,7
52367454,7
52367455,7
52367456,7
52367457,7
52367458,7
52367459,7
52367460,7
52367461,7
52367462,7
52367463,7
52367464,7
52367465,7
52367466,7
52367467,7
52367468,7
52367469,7
52367470,7
52367471,7
52367472,7
52367473,7
52367474,7
52367475,7
52367476,7
52367477,7
52367478,7
52367479,7
52367480,7
52367481,7
52367482,7
52367483,7
52367484,7
52367485,7
52367486,7
52367487,7
52367488,7
52367489,7
52367490,7
52367491,7
52367492,7
52367493,7
52367494,7
52367495,7
52367496,7
52367497,7
52367498,7
52367499,7
523675,7
523676,7
523677,7
523700,7
523701,7
523702,7
52370300,7
52370301,7
52370302,7
52370303,7
52370304,7
52370305,7
52370306,7
52370307,7
52370308,7|8
52370309,8
52370310,7
52370311,7
52370312,7
52370313,7
52370314,7
52370315,7
52370316,7
52370317,7
52370318,7|8
52370319,8
52370320,7
52370321,7
52370322,7
52370323,7
52370324,7
52370325,7
52370326,7
52370327,7
52370328,7|8
52370329,7|8
52370330,7
52370331,7
52370332,7
52370333,7
52370334,7
52370335,7
52370336,7
52370337,7
52370338,7
52370339,7|8
52370340,7
52370341,7
52370342,7
52370343,7
52370344,7
52370345,7
52370346,7
52370347,7
52370348,7
52370349,7|8
52370350,7
52370351,7
52370352,7
52370353,7
52370354,7
52370355,7
52370356,7
52370357,7
52370358,7
52370359,7|8
52370360,7
52370361,7
52370362,7
52370363,7
52370364,7
52370365,7
52370366,7
52370367,7
52370368,7|8
52370369,7|8
52370370,7
52370371,7
52370372,7
52370373,7
52370374,7
52370375,7
52370376,7
52370377,7
52370378,7|8
52370379,8
52370380,7
52370381,7
52370382,7
52370383,7
52370384,7
52370385,7
52370386,7
52370387,7
52370388,7|8
52370389,8
52370390,7
52370391,7
52370392,7
52370393,7
52370394,7
52370395,7
52370396,7
52370397,7|8
52370398,7|8
52370399,8
523704,8
523705,8
523706,8
523707,8
523710,7
523711,7
523712,7
52371300,7
52371301,7
52371302,7
52371303,7
52371304,7
52371305,7
52371306,7
52371307,7|8
52371308,7|8
52371309,8
52371310,7
52371311,7
52371312,7
52371313,7
52371314,7
52371315,7
52371316,7
52371317,7
52371318,7|8
52371319,8
52371320,7
52371321,7
52371322,7
52371323,7
52371324,7
52371325,7
52371326,7
52371327,7
52371328,7|8
52371329,8
52371330,7
52371331,7
52371332,7
52371333,7
52371334,7
52371335,7
52371336,7
52371337,7
52371338,7|8
52371339,8
52371340,7
52371341,7
52371342,7
52371343,7
52371344,7
52371345,7
52371346,7
52371347,7
52371348,7|8
52371349,7|8
52371350,7
52371351,7
52371352,7
52371353,7
52371354,7
52371355,7
52371356,7
52371357,7
52371358,7
52371359,7|8
52371360,7
52371361,7
52371362,7
52371363,7
52371364,7
52371365,7
52371366,7
52371367,7
52371368,7
52371369,7|8
52371370,7
52371371,7
52371372,7
52371373,7
52371374,7
52371375,7
52371376,7
52371377,7
52371378,7|8
52371379,7|8
52371380,7
52371381,7
52371382,7
52371383,7
52371384,7
52371385,7
52371386,7
52371387,7
52371388,7
52371389,7|8
52371390,7
52371391,7
52371392,7
52371393,7
52371394,7
52371395,7
52371396,7
52371397,7
52371398,7
52371399,7|8
52371400,8
52371401,8
52371402,8
52371403,8
52371404,8
52371405,8
52371406,8
52371407,8
52371408,8
52371409,8
52371410,8
52371411,8
52371412,8
52371413,8
52371414,8
52371415,8
52371416,8
52371417,8
52371418,8
52371419,8
52371420,8
52371421,8
52371422,8
52371423,8
52371424,8
52371425,8
52371426,8
52371427,8
52371428,8
52371429,8
52371430,8
52371431,8
52371432,8
52371433,8
52371434,8
52371435,8
52371436,8
52371437,8
52371438,8
52371439,8
52371440,8
52371441,8
52371442,8
52371443,8
52371444,8
52371445,8
52371446,8
52371447,8
52371448,8
52371449,8
52371450,8
52371451,8
52371452,8
52371453,8
52371454,8
52371455,8
52371456,8
52371457,8
52371458,8
52371459,8
52371460,8
52371461,8
52371462,8
52371463,8
52371464,8
52371465,8
52371466,8
52371467,8
52371468,8
52371469,8
52371470,8
52371471,8
52371472,8
52371473,8
52371474,8
52371475,8
52371476,8
52371477,8
52371478,8
52371479,8
52371480,7|8
52371481,8
52371482,8
52371483,8
52371484,8
52371485,8
52371486,8
52371487,8
52371488,8
52371489,8
52371490,7|8
52371491,8
52371492,8
52371493,8
52371494,8
52371495,8
52371496,8
52371497,8
52371498,8
52371499,8
523715,8
523716,8
523717,8
523720,7
523721,7
523722,7
523723,7
52372400,7|8
52372401,7|8
52372402,7|8
52372403,8
52372404,8
52372405,8
52372406,8
52372407,8
52372408,8
52372409,8
52372410,7
52372411,7
52372412,7|8
52372413,7|8
52372414,7|8
52372415,8
52372416,7|8
52372417,8
52372418,8
52372419,8
52372420,7
52372421,7
52372422,7
52372423,7
52372424,7|8
52372425,7|8
52372426,7|8
52372427,7|8
52372428,8
52372429,8
52372430,7
52372431,7
52372432,7
52372433,7
52372434,7
52372435,7
52372436,7
52372437,7|8
52372438,8
52372439,8
52372440,7
52372441,7
52372442,7
52372443,7
52372444,7
52372445,7
52372446,7
52372447,7|8
52372448,7|8
52372449,7|8
52372450,7
52372451,7
52372452,7
52372453,7
52372454,7
52372455,7
52372456,7
52372457,7
52372458,7|8
52372459,7|8
52372460,7
52372461,7
52372462,7
52372463,7
52372464,7
52372465,7
52372466,7
52372467,7
52372468,7
52372469,7
52372470,7
52372471,7
52372472,7
52372473,7
52372474,7
52372475,7
52372476,7
52372477,7
52372478,7
52372479,7
52372480,7
52372481,7
52372482,7
52372483,7
52372484,7
52372485,7
52372486,7
52372487,7
52372488,7
52372489,7
52372490,7
52372491,7
52372492,7
52372493,7
52372494,7
52372495,7
52372496,7
52372497,7
52372498,7
52372499,7
52372500,8
52372501,8
52372502,8
52372503,8
52372504,8
52372505,8
52372506,8
52372507,8
52372508,8
52372509,8
52372510,8
52372511,8
52372512,8
52372513,8
52372514,8
52372515,8
52372516,8
52372517,8
52372518,8
52372519,8
52372520,8
52372521,8
52372522,8
52372523,8
52372524,8
52372525,8
52372526,8
52372527,8
52372528,8
52372529,8
52372530,8
52372531,8
52372532,8
52372533,8
52372534,8
52372535,8
52372536,8
52372537,8
52372538,8
52372539,8
52372540,8
52372541,8
52372542,8
52372543,8
52372544,8
52372545,8
52372546,8
52372547,8
52372548,8
52372549,8
52372550,7|8
52372551,8
52372552,8
52372553,8
52372554,8
52372555,8
52372556,8
52372557,8
52372558,8
52372559,8
52372560,7|8
52372561,7|8
52372562,8
52372563,8
52372564,8
52372565,8
52372566,8
52372567,8
52372568,8
52372569,8
52372570,7
52372571,7|8
52372572,8
52372573,8
52372574,8
52372575,8
52372576,8
52372577,8
52372578,8
52372579,8
52372580,7
52372581,7|8
52372582,8
52372583,8
52372584,8
52372585,8
52372586,8
52372587,8
52372588,8
52372589,8
52372590,7
52372591,7|8
52372592,8
52372593,8
52372594,8
52372595,8
52372596,8
52372597,8
52372598,8
52372599,8
523726,8
523727,8
523730,7
523731,7
523732,7
523733,7
523734,7
52373500,7
52373501,7|8
52373502,7|8
52373503,8
52373504,8
52373505,8
52373506,8
52373507,8
52373508,8
52373509,8
52373510,7
52373511,7
52373512,7|8
52373513,8
52373514,8
52373515,8
52373516,8
52373517,8
52373518,8
52373519,8
52373520,7
52373521,7
52373522,7|8
52373523,8
52373524,8
52373525,8
52373526,8
52373527,8
52373528,8
52373529,8
52373530,7
52373531,7
52373532,7|8
52373533,7|8
52373534,7|8
52373535,8
52373536,8
52373537,8
52373538,8
52373539,8
52373540,7
52373541,7
52373542,7
52373543,7
52373544,7|8
52373545,7|8
52373546,8
52373547,8
52373548,8
52373549,8
52373550,7
52373551,7
52373552,7
52373553,7
52373554,7
52373555,7|8
52373556,8
52373557,8
52373558,8
52373559,8
52373560,7
52373561,7
52373562,7
52373563,7
52373564,7
52373565,7|8
52373566,7|8
52373567,8
52373568,8
52373569,8
52373570,7
52373571,7
52373572,7
52373573,7
52373574,7
52373575,7
52373576,7|8
52373577,8
52373578,8
52373579,8
52373580,7
52373581,7
52373582,7
52373583,7
52373584,7
52373585,7|8
52373586,7|8
52373587,8
52373588,8
52373589,8
52373590,7
52373591,7
52373592,7
52373593,7
52373594,7
52373595,7
52373596,7|8
52373597,8
52373598,8
52373599,8
523736,8
523737,8
523740,7
523741,7
523742,7
523743,7
523744,7
52374500,7
52374501,7
52374502,7
52374503,7
52374504,7
52374505,7
52374506,7|8
52374507,8
52374508,8
52374509,8
52374510,7
52374511,7
52374512,7
52374513,7
52374514,7
52374515,7
52374516,7|8
52374517,8
52374518,8
52374519,8
52374520,7
52374521,7
52374522,7
52374523,7
52374524,7
52374525,7
52374526,7|8
52374527,7|8
52374528,8
52374529,8
52374530,7
52374531,7
52374532,7
52374533,7
52374534,7
52374535,7
52374536,7
52374537,7|8
52374538,8
52374539,8
52374540,7
52374541,7
52374542,7
52374543,7
52374544,7
52374545,7
52374546,7
52374547,7|8
52374548,7|8
52374549,8
52374550,7
52374551,7
52374552,7
52374553,7
52374554,7
52374555,7
52374556,7
52374557,7
52374558,7|8
52374559,8
52374560,7
52374561,7
52374562,7
52374563,7
52374564,7
52374565,7
52374566,7
52374567,7
52374568,7|8
52374569,7|8
52374570,7
52374571,7
52374572,7
52374573,7
52374574,7
52374575,7
52374576,7
52374577,7
52374578,7
52374579,7|8
52374580,7
52374581,7
52374582,7
52374583,7
52374584,7
52374585,7
52374586,7
52374587,7
52374588,7
52374589,7
52374590,7
52374591,7
52374592,7
52374593,7
52374594,7
52374595,7
52374596,7
52374597,7
52374598,7
52374599,7
52374600,8
52374601,8
52374602,8
52374603,8
52374604,8
52374605,8
52374606,8
52374607,8
52374608,8
52374609,8
52374610,8
52374611,8
52374612,8
52374613,8
52374614,8
52374615,8
52374616,8
52374617,8
52374618,8
52374619,8
52374620,8
52374621,8
52374622,8
52374623,8
52374624,8
52374625,8
52374626,8
52374627,8
52374628,8
52374629,8
52374630,8
52374631,8
52374632,8
52374633,8
52374634,8
52374635,8
52374636,8
52374637,8
52374638,8
52374639,8
52374640,8
52374641,8
52374642,8
52374643,8
52374644,8
52374645,8
52374646,8
52374647,8
52374648,8
52374649,8
52374650,8
52374651,8
52374652,8
52374653,8
52374654,8
52374655,8
52374656,8
52374657,8
52374658,8
52374659,8
52374660,8
52374661,8
52374662,8
52374663,8
52374664,8
52374665,8
52374666,8
52374667,8
52374668,8
52374669,8
52374670,7|8
52374671,8
52374672,8
52374673,8
52374674,8
52374675,8
52374676,8
52374677,8
52374678,8
52374679,8
52374680,7|8
52374681,7|8
52374682,8
52374683,8
52374684,8
52374685,8
52374686,8
52374687,8
52374688,8
52374689,8
52374690,7
52374691,7|8
52374692,7|8
52374693,8
52374694,8
52374695,8
52374696,8
52374697,8
52374698,8
52374699,8
523747,8
523750,7
523751,7
523752,7
523753,7
523754,7
523755,7
52375600,7
52375601,7|8
52375602,8
52375603,8
52375604,8
52375605,8
52375606,8
52375607,8
52375608,8
52375609,8
52375610,7
52375611,7|8
52375612,7|8
52375613,7|8
52375614,8
52375615,8
52375616,8
52375617,8
52375618,8
52375619,8
52375620,7
52375621,7
52375622,7
52375623,7|8
52375624,7|8
52375625,8
52375626,8
52375627,8
52375628,8
52375629,8
52375630,7
52375631,7
52375632,7
52375633,7|8
52375634,7|8
52375635,8
52375636,8
52375637,8
52375638,8
52375639,8
52375640,7
52375641,7
52375642,7
52375643,7|8
52375644,8
52375645,8
52375646,8
52375647,8
52375648,8
52375649,8
52375650,7
52375651,7
52375652,7
52375653,7|8
52375654,7|8
52375655,8
52375656,8
52375657,8
52375658,8
52375659,8
52375660,7
52375661,7
52375662,7
52375663,7|8
52375664,7|8
52375665,7|8
52375666,8
52375667,8
52375668,8
52375669,8
52375670,7
52375671,7
52375672,7
52375673,7
52375674,7|8
52375675,7|8
52375676,7|8
52375677,8
52375678,8
52375679,8
52375680,7
52375681,7
52375682,7
52375683,7
52375684,7
52375685,7|8
52375686,7|8
52375687,8
52375688,8
52375689,8
52375690,7
52375691,7
52375692,7
52375693,7
52375694,7
52375695,7|8
52375696,7|8
52375697,8
52375698,8
52375699,8
523757,8
523760,7
523761,7
523762,7
523763,7
52376400,7
52376401,7
52376402,7
52376403,7
52376404,7
52376405,7
52376406,7
52376407,7
52376408,7
52376409,7
52376410,7
52376411,7
52376412,7
52376413,7
52376414,7
52376415,7
52376416,7
52376417,7
52376418,7
52376419,7
52376420,7
52376421,7
52376422,7
52376423,7
52376424,7
52376425,7
52376426,7
52376427,7
52376428,7
52376429,7
52376430,7
52376431,7
52376432,7
52376433,7
52376434,7
52376435,7
52376436,7|8
52376437,7|8
52376438,7
52376439,7
52376440,7
52376441,7
52376442,7
52376443,7
52376444,7
52376445,7
52376446,7|8
52376447,7|8
52376448,7|8
52376449,7
52376450,7
52376451,7
52376452,7
52376453,7
52376454,7
52376455,7
52376456,7|8
52376457,8
52376458,7|8
52376459,7|8
52376460,7
52376461,7
52376462,7
52376463,7
52376464,7
52376465,7|8
52376466,7|8
52376467,8
52376468,8
52376469,8
52376470,7
52376471,7
52376472,7
52376473,7
52376474,7
52376475,7|8
52376476,8
52376477,8
52376478,8
52376479,8
52376480,7
52376481,7
52376482,7
52376483,7
52376484,7|8
52376485,7|8
52376486,8
52376487,8
52376488,8
52376489,8
52376490,7
52376491,7
52376492,7
52376493,7|8
52376494,7|8
52376495,8
52376496,8
52376497,8
52376498,8
52376499,8
52376500,7
52376501,7
52376502,7
52376503,7
52376504,7
52376505,7
52376506,7
52376507,7
52376508,7
52376509,7
52376510,7
52376511,7
52376512,7
52376513,7
52376514,7
52376515,7
52376516,7
52376517,7
52376518,7
52376519,7
52376520,7
52376521,7
52376522,7
52376523,7
52376524,7
52376525,7
52376526,7
52376527,7
52376528,7
52376529,7
52376530,7
52376531,7
52376532,7
52376533,7
52376534,7
52376535,7
52376536,7
52376537,7
52376538,7
52376539,7
52376540,7
52376541,7
52376542,7
52376543,7
52376544,7
52376545,7
52376546,7
52376547,7
52376548,7
52376549,7
52376550,7|8
52376551,7|8
52376552,7|8
52376553,7
52376554,7
52376555,7
52376556,7
52376557,7
52376558,7
52376559,7
52376560,8
52376561,8
52376562,7|8
52376563,7
52376564,7
52376565,7
52376566,7
52376567,7|8
52376568,7|8
52376569,7|8
52376570,8
52376571,8
52376572,7|8
52376573,7|8
52376574,7|8
52376575,7|8
52376576,7|8
52376577,7|8
52376578,8
52376579,8
52376580,8
52376581,8
52376582,8
52376583,8
52376584,7|8
52376585,7|8
52376586,7|8
52376587,8
52376588,8
52376589,8
52376590,8
52376591,8
52376592,8
52376593,8
52376594,8
52376595,8
52376596,8
52376597,8
52376598,8
52376599,8
52376600,7
52376601,7
52376602,7
52376603,7
52376604,7|8
52376605,7|8
52376606,7|8
52376607,8
52376608,8
52376609,8
52376610,7
52376611,7
52376612,7
52376613,7
52376614,7|8
52376615,7|8
52376616,8
52376617,8
52376618,8
52376619,8
52376620,7
52376621,7
52376622,7
52376623,7
52376624,7|8
52376625,7|8
52376626,8
52376627,8
52376628,8
52376629,8
52376630,7
52376631,7
52376632,7
52376633,7
52376634,7
52376635,7|8
52376636,8
52376637,8
52376638,8
52376639,8
52376640,7
52376641,7|8
52376642,7|8
52376643,7|8
52376644,7|8
52376645,7|8
52376646,7|8
52376647,8
52376648,8
52376649,8
52376650,7
52376651,7|8
52376652,8
52376653,8
52376654,7|8
52376655,7|8
52376656,7|8
52376657,7|8
52376658,8
52376659,8
52376660,7|8
52376661,7|8
52376662,8
52376663,8
52376664,8
52376665,8
52376666,8
52376667,8
52376668,8
52376669,8
52376670,8
52376671,8
52376672,8
52376673,8
52376674,8
52376675,8
52376676,8
52376677,8
52376678,8
52376679,8
52376680,8
52376681,8
52376682,8
52376683,8
52376684,8
52376685,8
52376686,8
52376687,8
52376688,8
52376689,8
52376690,8
52376691,8
52376692,8
52376693,8
52376694,8
52376695,8
52376696,8
52376697,8
52376698,8
52376699,8
523767,8
523770,7
523771,7
523772,7
523773,7
52377400,7
52377401,7
52377402,7
52377403,7|8
52377404,8
52377405,8
52377406,8
52377407,8
52377408,8
52377409,8
52377410,7
52377411,7
52377412,7
52377413,7|8
52377414,7|8
52377415,8
52377416,8
52377417,8
52377418,8
52377419,8
52377420,7
52377421,7
52377422,7
52377423,7
52377424,7|8
52377425,8
52377426,8
52377427,8
52377428,8
52377429,8
52377430,7
52377431,7
52377432,7
52377433,7
52377434,7|8
52377435,7|8
52377436,8
52377437,8
52377438,8
52377439,8
52377440,7
52377441,7
52377442,7
52377443,7
52377444,7|8
52377445,7|8
52377446,8
52377447,8
52377448,8
52377449,8
52377450,7
52377451,7
52377452,7
52377453,7
52377454,7|8
52377455,8
52377456,8
52377457,8
52377458,8
52377459,8
52377460,7
52377461,7
52377462,7
52377463,7
52377464,7|8
52377465,8
52377466,8
52377467,8
52377468,8
52377469,8
52377470,7
52377471,7
52377472,7
52377473,7
52377474,7|8
52377475,7|8
52377476,8
52377477,8
52377478,8
52377479,8
52377480,7
52377481,7
52377482,7
52377483,7
52377484,7
52377485,7|8
52377486,7|8
52377487,7|8
52377488,8
52377489,8
52377490,7
52377491,7
52377492,7
52377493,7
52377494,7
52377495,7
52377496,7
52377497,7|8
52377498,7|8
52377499,8
523775,8
523776,8
523777,8
523800,8
523801,8
523802,8
523805,8
523806,8
523807,8
523810,8
523811,8
523812,8
523815,8
523816,8
523817,8
523820,8
523821,8
523822,8
523826,8
523827,8
523830,8
523831,8
523832,8
523833,8
523834,8
523836,8
523837,8
523840,8
523841,8
523842,8
523843,8
523844,8
523846,8
523847,8
523850,8
523851,8
523852,8
523853,8
523854,8
523855,8
523856,8
523857,8
523860,8
523861,8
523862,8
523863,8
523864,8
523865,8
523866,8
52386700,8
52386701,8
52386702,8
52386703,8
52386704,8
52386705,8
52386706,8
52386707,8
52386708,8
52386709,8
52386710,8
52386711,8
52386712,8
52386713,8
52386714,8
52386715,8
52386716,8
52386717,8
52386718,8
52386719,8
52386720,8
52386721,8
52386722,8
52386723,8
52386724,8
52386725,8
52386726,8
52386727,8
52386728,8
52386729,8|9
52386730,8
52386731,8
52386732,8
52386733,8
52386734,8
52386735,8
52386736,8
52386737,8
52386738,8
52386739,8|9
52386740,8
52386741,8
52386742,8
52386743,8
52386744,8
52386745,8
52386746,8
52386747,8
52386748,8|9
52386749,8|9
52386750,8
52386751,8
52386752,8
52386753,8
52386754,8
52386755,8
52386756,8
52386757,8
52386758,8|9
52386759,8|9
52386760,8
52386761,8
52386762,8
52386763,8
52386764,8
52386765,8
52386766,8
52386767,8
52386768,8|9
52386769,9
52386770,8
52386771,8
52386772,8
52386773,8
52386774,8
52386775,8
52386776,8
52386777,8
52386778,8|9
52386779,9
52386780,8
52386781,8
52386782,8
52386783,8
52386784,8
52386785,8
52386786,8
52386787,8
52386788,8|9
52386789,9
52386790,8
52386791,8
52386792,8
52386793,8
52386794,8
52386795,8
52386796,8
52386797,8|9
52386798,8|9
52386799,9
523870,8
523871,8
523872,8
523873,8
523874,8
523875,8
523876,8
52387700,8
52387701,8
52387702,8
52387703,8
52387704,8
52387705,8
52387706,8
52387707,8|9
52387708,8|9
52387709,9
52387710,8
52387711,8
52387712,8
52387713,8
52387714,8
52387715,8
52387716,8
52387717,8|9
52387718,8|9
52387719,9
52387720,8
52387721,8
52387722,8
52387723,8
52387724,8
52387725,8
52387726,8
52387727,8
52387728,8|9
52387729,9
52387730,8
52387731,8
52387732,8
52387733,8
52387734,8
52387735,8
52387736,8
52387737,8
52387738,8|9
52387739,8|9
52387740,8
52387741,8
52387742,8
52387743,8
52387744,8
52387745,8
52387746,8
52387747,8
52387748,8
52387749,8|9
52387750,8
52387751,8
52387752,8
52387753,8
52387754,8
52387755,8
52387756,8
52387757,8
52387758,8
52387759,8
52387760,8
52387761,8
52387762,8
52387763,8
52387764,8
52387765,8
52387766,8
52387767,8
52387768,8
52387769,8
52387770,8
52387771,8
52387772,8
52387773,8
52387774,8
52387775,8
52387776,8
52387777,8
52387778,8
52387779,8
52387780,8
52387781,8
52387782,8
52387783,8
52387784,8
52387785,8
52387786,8
52387787,8
52387788,8
52387789,8
52387790,8
52387791,8
52387792,8
52387793,8
52387794,8
52387795,8
52387796,8
52387797,8
52387798,8
52387799,8
523900,8
523902,9
523903,9
523910,8
523912,9
523913,9
523920,8
523921,8
523926,9
523927,9
523930,8
523931,8
523936,9
523937,9
523940,8
523941,8
523946,9
523947,9
52395000,8
52395001,8
52395002,8
52395003,8
52395004,8
52395005,8
52395006,8
52395010,8
52395011,8
52395012,8
52395013,8
52395014,8
52395015,8
52395016,8
52395020,8
52395021,8
52395022,8
52395023,8
52395024,8
52395025,8
52395026,8
52395027,8
52395030,8
52395031,8
52395032,8
52395033,8
52395034,8
52395035,8
52395036,8
52395037,8
52395040,8
52395041,8
52395042,8
52395043,8
52395044,8
52395045,8
52395046,8
52395047,8
52395048,8
52395050,8
52395051,8
52395052,8
52395053,8
52395054,8
52395055,8
52395056,8
52395057,8
52395058,8
52395060,8
52395061,8
52395062,8
52395063,8
52395064,8
52395065,8
52395066,8|9
52395067,8|9
52395068,8|9
52395070,8
52395071,8
52395072,8|9
52395073,8|9
52395074,8|9
52395075,8|9
52395076,8|9
52395077,9
52395078,8|9
52395079,9
52395080,8
52395081,8
52395082,8|9
52395083,8|9
52395084,9
52395085,9
52395086,9
52395087,9
52395088,9
52395089,9
52395090,8
52395091,8
52395092,8|9
52395093,9
52395094,9
52395095,9
52395096,9
52395097,9
52395098,9
52395099,9
523951,9
523954,9
523955,9
523956,9
523957,9
52396000,8
52396001,8
52396002,8|9
52396003,9
52396004,9
52396005,9
52396006,9
52396007,9
52396008,9
52396009,9
52396010,8|9
52396011,8|9
52396012,8|9
52396013,9
52396014,9
52396015,9
52396016,9
52396017,9
52396018,9
52396019,9
52396020,8|9
52396021,9
52396022,9
52396023,9
52396024,9
52396025,9
52396026,9
52396027,9
52396028,9
52396029,9
52396030,9
52396031,9
52396032,9
52396033,9
52396034,9
52396035,9
52396036,9
52396037,9
52396038,9
52396039,9
52396040,9
52396041,9
52396042,9
52396043,9
52396044,9
52396045,9
52396046,9
52396047,9
52396048,9
52396049,9
52396050,9
52396051,9
52396052,9
52396053,9
52396054,9
52396055,9
52396056,9
52396057,9
52396058,9
52396059,9
52396060,9
52396061,9
52396062,9
52396063,9
52396064,9
52396065,9
52396066,9
52396067,9
52396068,9
52396069,9
52396070,9
52396071,9
52396072,9
52396073,9
52396074,9
52396075,9
52396076,9
52396077,9
52396078,9
52396079,9
52396080,9
52396081,9
52396082,9
52396083,9
52396084,9
52396085,9
52396086,9
52396087,9
52396088,9
52396089,9
52396090,9
52396091,9
52396092,9
52396093,9
52396094,9
52396095,9
52396096,9
52396097,9
52396098,9
52396099,9
523961,9
523964,9
523965,9
523966,9
523967,9
52397000,9
52397001,9
52397002,9
52397003,9
52397004,9
52397005,9
52397006,9
52397007,9
52397008,9
52397009,9
52397010,9
52397011,9
52397012,9
52397013,9
52397014,9
52397015,9
52397016,9
52397017,9
52397018,9
52397019,9
52397020,9
52397021,9
52397022,9
52397023,9
52397024,9
52397025,9
52397026,9
52397027,9
52397028,9
52397029,9
52397030,9
52397031,9
52397032,9
52397033,9
52397034,9
52397035,9
52397036,9
52397037,9
52397038,9
52397039,9
52397040,8|9
52397041,9
52397042,9
52397043,9
52397044,9
52397045,9
52397046,9
52397047,9
52397048,9
52397049,9
52397050,8|9
52397051,9
52397052,9
52397053,9
52397054,9
52397055,9
52397056,9
52397057,9
52397058,9
52397059,9
52397060,8|9
52397061,9
52397062,9
52397063,9
52397064,9
52397065,9
52397066,9
52397067,9
52397068,9
52397069,9
52397070,8|9
52397071,9
52397072,9
52397073,9
52397074,9
52397075,9
52397076,9
52397077,9
52397078,9
52397079,9
52397080,8|9
52397081,8|9
52397082,9
52397083,9
52397084,9
52397085,9
52397086,9
52397087,9
52397088,9
52397089,9
52397090,8
52397091,8|9
52397092,9
52397093,9
52397094,9
52397095,9
52397096,9
52397097,9
52397098,9
52397099,9
523971,9
523972,9
523973,9
523974,9
523975,9
523976,9
523977,9
524040,9
524050,9
524051,9
524052,9
524060,9
524061,9
524062,9
524063,9
524070,9
524071,9
524072,9
524073,9
533205,3
533206,3
533207,3
533214,3
533215,3
533216,3
533217,3
533226,3
533227,3
533300,3
533301,3
53330200,3
53330201,3
53330202,3
53330203,3|5
53330204,5
53330205,5
53330206,5
53330207,5
53330208,5
53330209,5
53330210,3
53330211,3
53330212,3
53330213,3|5
53330214,5
53330215,5
53330216,5
53330217,5
53330218,5
53330219,5
53330220,3
53330221,3
53330222,3
53330223,3|5
53330224,3|5
53330225,5
53330226,5
53330227,5
53330228,5
53330229,5
53330230,3
53330231,3
53330232,3
53330233,3
53330234,3|5
53330235,3|5
53330236,5
53330237,5
53330238,5
53330239,5
53330240,3
53330241,3
53330242,3
53330243,3
53330244,3
53330245,3|5
53330246,5
53330247,5
53330248,5
53330249,5
53330250,3
53330251,3
53330252,3
53330253,3
53330254,3
53330255,3|5
53330256,5
53330257,5
53330258,5
53330259,5
53330260,3
53330261,3
53330262,3
53330263,3
53330264,3
53330265,3|5
53330266,5
53330267,5
53330268,5
53330269,5
53330270,3
53330271,3
53330272,3
53330273,3
53330274,3
53330275,3|5
53330276,5
53330277,5
53330278,5
53330279,5
53330280,3
53330281,3
53330282,3
53330283,3
53330284,3
53330285,3|5
53330286,5
53330287,5
53330288,5
53330289,5
53330290,3
53330291,3
53330292,3
53330293,3
53330294,3
53330295,3|5
53330296,5
53330297,5
53330298,5
53330299,5
533303,5
533304,5
533305,5
533306,5
533307,5
533310,3
53331100,3
53331101,3
53331102,3
53331103,3
53331104,3
53331105,3
53331106,3
53331107,3
53331108,3
53331109,3
53331110,3
53331111,3
53331112,3
53331113,3
53331114,3
53331115,3
53331116,3
53331117,3
53331118,3
53331119,3
53331120,3
53331121,3
53331122,3
53331123,3
53331124,3
53331125,3
53331126,3
53331127,3
53331128,3
53331129,3
53331130,3
53331131,3
53331132,3
53331133,3
53331134,3
53331135,3
53331136,3
53331137,3
53331138,3
53331139,3
53331140,3
53331141,3
53331142,3
53331143,3
53331144,3
53331145,3
53331146,3
53331147,3
53331148,3
53331149,3
53331150,3
53331151,3
53331152,3
53331153,3
53331154,3
53331155,3
53331156,3
53331157,3
53331158,3
53331159,3|5
53331160,3
53331161,3
53331162,3
53331163,3
53331164,3
53331165,3
53331166,3
53331167,3
53331168,3|5
53331169,3|5
53331170,3
53331171,3
53331172,3
53331173,3
53331174,3
53331175,3
53331176,3
53331177,3|5
53331178,3|5
53331179,5
53331180,3
53331181,3
53331182,3
53331183,3
53331184,3
53331185,3
53331186,3
53331187,3|5
53331188,5
53331189,5
53331190,3
53331191,3
53331192,3
53331193,3
53331194,3
53331195,3
53331196,3
53331197,3|5
53331198,5
53331199,5
53331200,3
53331201,3
53331202,3
53331203,3
53331204,3|5
53331205,3|5
53331206,5
53331207,5
53331208,5
53331209,5
53331210,3
53331211,3
53331212,3
53331213,3
53331214,3|5
53331215,5
53331216,5
53331217,5
53331218,5
53331219,5
53331220,3
53331221,3
53331222,3|5
53331223,3|5
53331224,3|5
53331225,5
53331226,5
53331227,5
53331228,5
53331229,5
53331230,3
53331231,3|5
53331232,3|5
53331233,5
53331234,5
53331235,5
53331236,5
53331237,5
53331238,5
53331239,5
53331240,3|5
53331241,3|5
53331242,5
53331243,5
53331244,5
53331245,5
53331246,5
53331247,5
53331248,5
53331249,5
53331250,3|5
53331251,5
53331252,5
53331253,5
53331254,5
53331255,5
53331256,5
53331257,5
53331258,5
53331259,5
53331260,5
53331261,5
53331262,5
53331263,5
53331264,5
53331265,5
53331270,5
53331271,5
53331272,5
53331273,5
53331274,5
53331280,5
53331281,5
53331282,5
53331290,5
53331291,5
533313,5
533314,5
533315,5
533316,5
533317,5
533320,3
53332100,3
53332101,3
53332102,3
53332103,3
53332104,3
53332105,3
53332106,3|5
53332107,3|5
53332108,5
53332109,5
53332110,3
53332111,3
53332112,3
53332113,3
53332114,3
53332115,3
53332116,3|5
53332117,5
53332118,5
53332119,5
53332120,3
53332121,3
53332122,3
53332123,3
53332124,3
53332125,3|5
53332126,3|5
53332127,5
53332128,5
53332129,5
53332130,3
53332131,3
53332132,3
53332133,3
53332134,3
53332135,3|5
53332136,3|5
53332137,5
53332138,5
53332139,5
53332140,3
53332141,3
53332142,3
53332143,3
53332144,3
53332145,3
53332146,3|5
53332147,5
53332148,5
53332149,5
53332150,3
53332151,3
53332152,3
53332153,3
53332154,3
53332155,3
53332156,3|5
53332157,3|5
53332158,3|5
53332159,3|5
53332160,3
53332161,3
53332162,3
53332163,3
53332164,3
53332165,3
53332166,3
53332167,3
53332168,3
53332169,3
53332170,3
53332171,3
53332172,3
53332173,3
53332174,3
53332175,3
53332176,3
53332177,3
53332178,3
53332179,3
53332180,3
53332181,3
53332182,3
53332183,3
53332184,3
53332185,3
53332186,3
53332187,3
53332188,3
53332189,3
53332190,3
53332191,3
53332193,3
53332194,3
53332195,3
53332196,3
53332197,3
53332198,3
53332199,3
53332200,5
53332201,5
53332210,5
53332220,5
53332221,5
53332230,5
53332231,5
53332240,5
53332241,5
53332250,5
53332251,5
53332260,3|5
53332261,3|5
53332262,3
53332263,3
53332264,3
53332270,3
53332271,3
53332272,3
53332273,3
53332274,3
53332275,3
53332276,3
53332280,3
53332281,3
53332282,3
53332283,3
53332284,3
53332285,3
53332286,3
53332290,3
53332291,3
53332292,3
53332293,3
53332294,3
533323,5
533324,5
533325,5
533326,5
533327,5
533330,3
533331,3
533332,3
533370,3
533400,5
533401,5
533402,5
533403,5
533404,5
533405,5
533406,5
53340700,5
53340701,5
53340702,5
53340703,5|6
53340704,5|6
53340705,6
53340706,6
53340707,6
53340708,6
53340709,6
53340710,5
53340711,5
53340712,5
53340713,5|6
53340714,6
53340715,6
53340716,6
53340717,6
53340718,6
53340719,6
53340720,5
53340721,5
53340722,5
53340723,5|6
53340724,6
53340725,6
53340726,6
53340727,6
53340728,6
53340729,6
53340730,5
53340731,5
53340732,5
53340733,5|6
53340734,6
53340735,6
53340736,6
53340737,6
53340738,6
53340739,6
53340740,5
53340741,5
53340742,5
53340743,5|6
53340744,6
53340745,6
53340746,6
53340747,6
53340748,6
53340749,6
53340750,5
53340751,5
53340752,5
53340753,5|6
53340754,5|6
53340755,6
53340756,6
53340757,6
53340758,6
53340759,6
53340760,5
53340761,5
53340762,5
53340763,5|6
53340764,5|6
53340765,6
53340766,6
53340767,6
53340768,5|6
53340769,5|6
53340770,5
53340771,5
53340772,5
53340773,5|6
53340774,5|6
53340775,6
53340776,6
53340777,5|6
53340778,5|6
53340779,5|6
53340780,5
53340781,5
53340782,5
53340783,5
53340784,5|6
53340785,5|6
53340786,5|6
53340787,5|6
53340788,5
53340789,5
53340790,5
53340791,5
53340792,5
53340793,5
53340794,5
53340795,5|6
53340796,5|6
53340797,5
53340798,5
53340799,5
533410,5
533411,5
533412,5
533413,5
533414,5
533415,5
533416,5
533417,5
533420,5
533421,5
533422,5
533423,5
533424,5
533425,5
53342600,5
53342601,5
53342602,5
53342603,5
53342604,5
53342605,5
53342606,5
53342607,5
53342608,5
53342609,5
53342610,5
53342611,5
53342612,5
53342613,5
53342614,5
53342615,5
53342616,5
53342617,5
53342618,5
53342619,5
53342620,5
53342621,5
53342622,5
53342623,5
53342624,5
53342625,5
53342626,5
53342627,5
53342628,5
53342629,5
53342630,5
53342631,5
53342632,5
53342633,5
53342634,5
53342635,5
53342636,5
53342637,5
53342638,5
53342639,5
53342640,5
53342641,5
53342642,5
53342643,5
53342644,5
53342645,5
53342646,5
53342647,5
53342648,5
53342649,5
53342650,5
53342651,5
53342652,5
53342653,5
53342654,5
53342655,5
53342656,5
53342657,5
53342658,5
53342659,5
53342660,5
53342661,5
53342662,5
53342663,5
53342664,5
53342665,5
53342666,5
53342667,5
53342668,5
53342669,5
53342670,5
53342671,5
53342672,5
53342673,5
53342674,5
53342675,5
53342676,5
53342677,5
53342678,5
53342679,5
53342680,5
53342681,5
53342682,5
53342683,5
53342684,5
53342685,5
53342686,5
53342687,5
53342688,5
53342689,5|6
53342690,5
53342691,5
53342692,5
53342693,5
53342694,5
53342695,5
53342696,5
53342697,5
53342698,5
53342699,5|6
53342700,5
53342701,5
53342702,5
53342703,5
53342704,5
53342705,5
53342706,5
53342707,5
53342708,5
53342709,5
53342710,5
53342711,5
53342712,5
53342713,5|6
53342714,5|6
53342715,5|6
53342716,5|6
53342717,5|6
53342718,5
53342719,5
53342720,5
53342721,5
53342722,5
53342723,5|6
53342724,6
53342725,6
53342726,6
53342727,5|6
53342728,5|6
53342729,5
53342730,5
53342731,5
53342732,5
53342733,5|6
53342734,6
53342735,6
53342736,6
53342737,5|6
53342738,5|6
53342739,5|6
53342740,5
53342741,5
53342742,5
53342743,5|6
53342744,6
53342745,6
53342746,6
53342747,6
53342748,6
53342749,5|6
53342750,5
53342751,5
53342752,5|6
53342753,5|6
53342754,6
53342755,6
53342756,6
53342757,6
53342758,6
53342759,6
53342760,5
53342761,5|6
53342762,5|6
53342763,6
53342764,6
53342765,6
53342766,6
53342767,6
53342768,6
53342769,6
53342770,5|6
53342771,5|6
53342772,6
53342773,6
53342774,6
53342775,6
53342776,6
53342777,6
53342778,6
53342779,6
53342780,5|6
53342781,6
53342782,6
53342783,6
53342784,6
53342785,6
53342786,6
53342787,6
53342788,6
53342789,6
53342790,6
53342791,6
53342792,6
53342793,6
53342794,6
53342795,6
53342796,6
53342797,6
53342798,6
53342799,6
533432,5
533433,5
533434,5
533435,5
53343600,5
53343601,5
53343602,5
53343603,5
53343604,5
53343605,5
53343606,5
53343607,5
53343608,5|6
53343609,5|6
53343610,5
53343611,5
53343612,5
53343613,5
53343614,5
53343615,5
53343616,5
53343617,5
53343618,5|6
53343619,5|6
53343620,5
53343621,5
53343622,5
53343623,5
53343624,5
53343625,5
53343626,5
53343627,5
53343628,5
53343629,5|6
53343630,5
53343631,5
53343632,5
53343633,5
53343634,5
53343635,5
53343636,5
53343637,5
53343638,5
53343639,5|6
53343640,5
53343641,5
53343642,5
53343643,5
53343644,5
53343645,5
53343646,5
53343647,5
53343648,5
53343649,5|6
53343650,5
53343651,5
53343652,5
53343653,5
53343654,5
53343655,5
53343656,5
53343657,5
53343658,5
53343659,5|6
53343660,5
53343661,5
53343662,5
53343663,5
53343664,5
53343665,5
53343666,5
53343667,5
53343668,5
53343669,5|6
53343670,5
53343671,5
53343672,5
53343673,5
53343674,5
53343675,5
53343676,5
53343677,5
53343678,5
53343679,5|6
53343680,5
53343681,5
53343682,5
53343683,5
53343684,5
53343685,5
53343686,5
53343687,5
53343688,5
53343689,5|6
53343690,5
53343691,5
53343692,5
53343693,5
53343694,5
53343695,5
53343696,5
53343698,5
53343699,5|6
533437,6
533444,5
533445,5
533446,5
533447,6
53350000,6
53350001,6
53350002,6
53350003,6
53350004,6
53350005,6
53350006,6
53350007,6
53350008,6
53350009,6
53350010,6
53350011,6
53350012,6
53350013,6
53350014,6
53350015,6
53350016,6
53350017,6
53350018,6
53350019,6
53350020,6
53350021,6
53350022,6
53350023,6
53350024,6
53350025,6
53350026,6
53350027,6
53350028,6
53350029,6
53350030,6
53350031,6
53350032,6
53350033,6
53350034,6
53350035,6
53350036,6
53350037,6
53350038,6
53350039,6
53350040,6
53350041,6
53350042,6
53350043,6
53350044,6
53350045,6
53350046,6
53350047,6
53350048,6
53350049,6
53350050,6
53350051,6
53350052,6
53350053,6
53350054,6
53350055,6
53350056,6
53350057,6
53350058,6
53350059,6
53350060,5|6
53350061,6
53350062,6
53350063,6
53350064,6
53350065,6
53350066,6
53350067,6
53350068,6
53350069,6
53350070,5|6
53350071,5|6
53350072,6
53350073,6
53350074,6
53350075,6
53350076,6
53350077,6
53350078,6
53350079,6
53350080,5
53350081,5|6
53350082,5|6
53350083,5|6
53350084,6
53350085,6
53350086,6
53350087,6
53350088,6
53350089,6
53350090,5
53350091,5
53350092,5|6
53350093,5|6
53350094,5|6
53350095,6
53350096,6
53350097,6
53350098,6
53350099,6
533501,6
533502,6
533503,6
533504,6
533505,6
533506,6
533507,6
53351000,5
53351001,5
53351002,5
53351003,5|6
53351004,5|6
53351005,6
53351006,6
53351007,6
53351008,6
53351009,6
53351010,5
53351011,5
53351012,5
53351013,5|6
53351014,6
53351015,6
53351016,6
53351017,6
53351018,6
53351019,6
53351020,5
53351021,5
53351022,5
53351023,5|6
53351024,5|6
53351025,6
53351026,6
53351027,6
53351028,6
53351029,6
53351030,5
53351031,5
53351032,5
53351033,5
53351034,5|6
53351035,6
53351036,6
53351037,6
53351038,6
53351039,6
53351040,5
53351041,5
53351042,5
53351043,5|6
53351044,5|6
53351045,6
53351046,6
53351047,6
53351048,6
53351049,6
53351050,5
53351051,5
53351052,5
53351053,5|6
53351054,6
53351055,6
53351056,6
53351057,6
53351058,6
53351059,6
53351060,5
53351061,5
53351062,5|6
53351063,5|6
53351064,6
53351065,6
53351066,6
53351067,6
53351068,6
53351069,6
53351070,5
53351071,5
53351072,5|6
53351073,5|6
53351074,6
53351075,6
53351076,6
53351077,6
53351078,6
53351079,6
53351080,5
53351081,5
53351082,5
53351083,5|6
53351084,6
53351085,6
53351086,6
53351087,6
53351088,6
53351089,6
53351090,5
53351091,5
53351092,5|6
53351093,5|6
53351094,6
53351095,6
53351096,6
53351097,6
53351098,6
53351099,6
533511,6
533512,6
533513,6
533514,6
533515,6
533516,6
533517,6
53352000,5
53352001,5
53352002,5|6
53352003,5|6
53352004,6
53352005,6
53352006,6
53352007,6
53352008,6
53352009,6
53352010,5
53352011,5
53352012,5
53352013,5|6
53352014,6
53352015,6
53352016,6
53352017,6
53352018,6
53352019,6
53352020,5
53352021,5
53352022,5
53352023,5|6
53352024,6
53352025,6
53352026,6
53352027,6
53352028,6
53352029,6
53352030,5
53352031,5
53352032,5|6
53352033,5|6
53352034,6
53352035,6
53352036,6
53352037,6
53352038,6
53352039,6
53352040,5|6
53352041,5|6
53352042,5|6
53352043,6
53352044,6
53352045,6
53352046,6
53352047,6
53352048,6
53352049,6
53352050,6
53352051,6
53352052,6
53352053,6
53352054,6
53352055,6
53352056,6
53352057,6
53352058,6
53352059,6
53352060,6
53352061,6
53352062,6
53352063,6
53352064,6
53352065,6
53352066,6
53352067,6
53352068,6
53352069,6
53352070,6
53352071,6
53352072,6
53352073,6
53352074,6
53352075,6
53352076,6
53352077,6
53352078,6
53352079,6
53352080,6
53352081,6
53352082,6
53352083,6
53352084,6
53352085,6
53352086,6
53352087,6
53352088,6
53352089,6
53352090,6
53352091,6
53352092,6
53352093,6
53352094,6
53352095,6
53352096,6
53352097,6
53352098,6
53352099,6
533521,6
533522,6
533523,6
533524,6
533525,6
533526,6
533527,6
533530,6
533531,6
533532,6
533533,6
533536,6
533537,6
533540,6
533541,6
533542,6
533543,6
533547,6
533551,6
533552,6
533557,6
533567,6
533577,6
533600,6
533601,6
533602,6
53360300,6
53360301,6
53360302,6
53360303,6|7
53360304,7
53360305,7
53360306,7
53360307,7
53360308,7
53360309,7
53360310,6
53360311,6
53360312,6
53360313,6|7
53360314,7
53360315,7
53360316,7
53360317,7
53360318,7
53360319,7
53360320,6
53360321,6
53360322,6|7
53360323,6|7
53360324,7
53360325,7
53360326,7
53360327,7
53360328,7
53360329,7
53360330,6
53360331,6
53360332,6|7
53360333,6|7
53360334,7
53360335,7
53360336,7
53360337,7
53360338,7
53360339,7
53360340,6
53360341,6
53360342,6|7
53360343,6|7
53360344,6|7
53360345,7
53360346,7
53360347,7
53360348,7
53360349,7
53360350,6
53360351,6
53360352,6
53360353,6
53360354,6|7
53360355,6|7
53360356,7
53360357,7
53360358,7
53360359,7
53360360,6
53360361,6
53360362,6
53360363,6
53360364,6
53360365,6|7
53360366,7
53360367,7
53360368,7
53360369,7
53360370,6
53360371,6
53360372,6
53360373,6
53360374,6|7
53360375,6|7
53360376,7
53360377,7
53360378,7
53360379,7
53360380,6
53360381,6
53360382,6
53360383,6|7
53360384,6|7
53360385,7
53360386,7
53360387,7
53360388,7
53360389,7
53360390,6
53360391,6
53360392,6
53360393,6|7
53360394,7
53360395,7
53360396,7
53360397,7
53360398,7
53360399,7
533604,7
533605,7
533606,7
533607,7
533610,6
533611,6
533612,6
53361300,6
53361301,6
53361302,6|7
53361303,6|7
53361304,7
53361305,7
53361306,7
53361307,7
53361308,7
53361309,7
53361310,6
53361311,6
53361312,6
53361313,6|7
53361314,7
53361315,7
53361316,7
53361317,7
53361318,7
53361319,7
53361320,6
53361321,6
53361322,6
53361323,6|7
53361324,7
53361325,7
53361326,7
53361327,7
53361328,7
53361329,7
53361330,6
53361331,6
53361332,6
53361333,6|7
53361334,6|7
53361335,7
53361336,7
53361337,7
53361338,7
53361339,7
53361340,6
53361341,6
53361342,6
53361343,6|7
53361344,6|7
53361345,7
53361346,7
53361347,7
53361348,7
53361349,7
53361350,6
53361351,6
53361352,6
53361353,6|7
53361354,7
53361355,7
53361356,7
53361357,7
53361358,7
53361359,7
53361360,6
53361361,6
53361362,6|7
53361363,6|7
53361364,7
53361365,7
53361366,7
53361367,7
53361368,7
53361369,7
53361370,6
53361371,6|7
53361372,6|7
53361373,7
53361374,7
53361375,7
53361376,7
53361377,7
53361378,7
53361379,7
53361380,6|7
53361381,6|7
53361382,7
53361383,7
53361384,7
53361385,7
53361386,7
53361387,7
53361388,7
53361389,7
53361390,6|7
53361391,6|7
53361392,7
53361393,7
53361394,7
53361395,7
53361396,7
53361397,7
53361398,7
53361399,7
533614,7
533615,7
533616,7
533617,7
533620,6
533621,6
53362200,6
53362201,6
53362202,6
53362203,6
53362204,6
53362205,6
53362206,6
53362207,6
53362208,6
53362209,6
53362210,6
53362211,6
53362212,6
53362213,6
53362214,6
53362215,6
53362216,6
53362217,6
53362218,6
53362219,6
53362220,6
53362221,6
53362222,6
53362223,6
53362224,6
53362225,6
53362226,6
53362227,6
53362228,6
53362229,6
53362230,6
53362231,6
53362232,6
53362233,6
53362234,6
53362235,6
53362236,6
53362237,6
53362238,6
53362239,6
53362240,6
53362241,6
53362242,6
53362243,6
53362244,6
53362245,6
53362246,6
53362247,6|7
53362248,6|7
53362249,6
53362250,6
53362251,6
53362252,6
53362253,6
53362254,6
53362255,6|7
53362256,6|7
53362257,6|7
53362258,6|7
53362259,6
53362260,6
53362261,6
53362262,6
53362263,6
53362264,6
53362265,6|7
53362266,6|7
53362267,6|7
53362268,6|7
53362269,6|7
53362270,6
53362271,6
53362272,6
53362273,6
53362274,6
53362275,6|7
53362276,7
53362277,7
53362278,7
53362279,6|7
53362280,6
53362281,6
53362282,6
53362283,6
53362284,6
53362285,6|7
53362286,7
53362287,7
53362288,7
53362289,7
53362290,6
53362291,6
53362292,6
53362293,6
53362294,6
53362295,6|7
53362296,7
53362297,7
53362298,7
53362299,7
53362300,6
53362301,6|7
53362302,7
53362303,7
53362304,7
53362305,7
53362306,7
53362307,7
53362308,7
53362309,7
53362310,6
53362311,6|7
53362312,6|7
53362313,7
53362314,7
53362315,7
53362316,7
53362317,7
53362318,7
53362319,7
53362320,6
53362321,6|7
53362322,6|7
53362323,7
53362324,7
53362325,7
53362326,7
53362327,7
53362328,7
53362329,7
53362330,6|7
53362331,6|7
53362332,6|7
53362333,7
53362334,7
53362335,7
53362336,7
53362337,7
53362338,7
53362339,7
53362340,6|7
53362341,7
53362342,7
53362343,7
53362344,7
53362345,7
53362346,7
53362347,7
53362348,7
53362349,7
53362350,6|7
53362351,7
53362352,7
53362353,7
53362354,7
53362355,7
53362356,7
53362357,7
53362358,7
53362359,7
53362360,6|7
53362361,7
53362362,7
53362363,7
53362364,7
53362365,7
53362366,7
53362367,7
53362368,7
53362369,7
53362370,7
53362371,7
53362372,7
53362373,7
53362374,7
53362375,7
53362376,7
53362377,7
53362378,7
53362379,7
53362380,7
53362381,7
53362382,7
53362383,7
53362384,7
53362385,7
53362386,7
53362387,7
53362388,7
53362389,7
53362390,7
53362391,7
53362392,7
53362393,7
53362394,7
53362395,7
53362396,7
53362397,7
53362398,7
53362399,7
533624,7
533625,7
533626,7
533627,7
533630,6
533631,6
53363200,6
53363201,6
53363202,6
53363203,6
53363204,6
53363205,6|7
53363206,7
53363207,7
53363208,7
53363209,7
53363210,6
53363211,6
53363212,6
53363213,6
53363214,6
53363215,6|7
53363216,7
53363217,7
53363218,7
53363219,7
53363220,6
53363221,6
53363222,6
53363223,6
53363224,6
53363225,6|7
53363226,7
53363227,7
53363228,7
53363229,7
53363230,6
53363231,6
53363232,6
53363233,6
53363234,6
53363235,6|7
53363236,7
53363237,7
53363238,7
53363239,7
53363240,6
53363241,6
53363242,6|7
53363243,6|7
53363244,6|7
53363245,6|7
53363246,7
53363247,7
53363248,7
53363249,7
53363250,6
53363251,6
53363252,6|7
53363253,7
53363254,7
53363255,7
53363256,7
53363257,7
53363258,7
53363259,7
53363260,6
53363261,6
53363262,6|7
53363263,7
53363264,7
53363265,7
53363266,7
53363267,7
53363268,7
53363269,7
53363270,6
53363271,6
53363272,6|7
53363273,7
53363274,7
53363275,7
53363276,7
53363277,7
53363278,7
53363279,7
53363280,6
53363281,6
53363282,6|7
53363283,7
53363284,7
53363285,7
53363286,7
53363287,7
53363288,7
53363289,7
53363290,6
53363291,6
53363292,6|7
53363293,6|7
53363294,7
53363295,7
53363296,7
53363297,7
53363298,7
53363299,7
533633,7
533634,7
533635,7
533636,7
533637,7
533640,6
533641,6
53364200,6
53364201,6
53364202,6
53364203,6|7
53364204,7
53364205,7
53364206,7
53364207,7
53364208,7
53364209,7
53364210,6
53364211,6
53364212,6
53364213,6|7
53364214,7
53364215,7
53364216,7
53364217,7
53364218,7
53364219,7
53364220,6
53364221,6
53364222,6
53364223,6|7
53364224,7
53364225,7
53364226,7
53364227,7
53364228,7
53364229,7
53364230,6
53364231,6
53364232,6
53364233,6|7
53364234,6|7
53364235,7
53364236,7
53364237,7
53364238,7
53364239,7
53364240,6
53364241,6
53364242,6
53364243,6
53364244,6|7
53364245,7
53364246,7
53364247,7
53364248,7
53364249,7
53364250,6
53364251,6
53364252,6
53364253,6
53364254,6|7
53364255,6|7
53364256,7
53364257,7
53364258,7
53364259,7
53364260,6
53364261,6
53364262,6
53364263,6
53364264,6
53364265,6|7
53364266,7
53364267,7
53364268,7
53364269,7
53364270,6
53364271,6
53364272,6
53364273,6
53364274,6
53364275,6|7
53364276,6|7
53364277,7
53364278,7
53364279,7
53364280,6
53364281,6
53364282,6
53364283,6
53364284,6
53364285,6|7
53364286,6|7
53364287,7
53364288,7
53364289,7
53364290,6
53364291,6
53364292,6
53364293,6
53364294,6
53364295,6|7
53364296,6|7
53364297,7
53364298,7
53364299,7
533643,7
533644,7
533645,7
533646,7
533647,7
533650,6
533651,6
53365200,6
53365201,6
53365202,6
53365203,6
53365204,6
53365205,6|7
53365206,7
53365207,7
53365208,7
53365209,7
53365210,6
53365211,6
53365212,6
53365213,6
53365214,6
53365215,6|7
53365216,7
53365217,7
53365218,7
53365219,7
53365220,6
53365221,6
53365222,6
53365223,6
53365224,6
53365225,6|7
53365226,6|7
53365227,7
53365228,7
53365229,7
53365230,6
53365231,6
53365232,6
53365233,6
53365234,6
53365235,6
53365236,6|7
53365237,6|7
53365238,6|7
53365239,7
53365240,6
53365241,6
53365242,6
53365243,6
53365244,6
53365245,6
53365246,6
53365247,6
53365248,6|7
53365249,6|7
53365250,6
53365251,6
53365252,6
53365253,6
53365254,6
53365255,6
53365256,6
53365257,6
53365258,6
53365259,6|7
53365260,6
53365261,6
53365262,6
53365263,6
53365264,6
53365265,6
53365266,6
53365267,6
53365268,6
53365269,6
53365270,6
53365271,6
53365272,6
53365273,6
53365274,6
53365275,6
53365276,6
53365277,6
53365278,6
53365279,6
53365280,6
53365281,6
53365282,6
53365283,6
53365284,6
53365285,6
53365286,6
53365287,6
53365288,6
53365289,6
53365290,6
53365291,6
53365292,6
53365293,6
53365294,6
53365295,6
53365296,6
53365297,6
53365298,6
53365299,6
53365300,7
53365301,7
53365302,7
53365303,7
53365304,7
53365305,7
53365306,7
53365307,7
53365308,7
53365309,6|7
53365310,7
53365311,7
53365312,7
53365313,7
53365314,7
53365315,7
53365316,7
53365317,7
53365318,7
53365319,6|7
53365320,7
53365321,7
53365322,7
53365323,7
53365324,6|7
53365325,6|7
53365326,7
53365327,6|7
53365328,6|7
53365329,6|7
53365330,7
53365331,7
53365332,6|7
53365333,6|7
53365334,6|7
53365335,6|7
53365336,6|7
53365337,6|7
53365338,6|7
53365339,6
53365340,7
53365341,6|7
53365342,6|7
53365343,6
53365344,6
53365345,6
53365346,6
53365347,6
53365348,6
53365349,6
53365350,6|7
53365351,6|7
53365352,6
53365353,6
53365354,6
53365355,6
53365356,6
53365357,6
53365358,6
53365359,6
53365360,6
53365361,6
53365362,6
53365363,6
53365364,6
53365365,6
53365366,6
53365367,6
53365368,6
53365369,6
53365370,6
53365371,6
53365372,6
53365373,6
53365374,6
53365375,6
53365376,6
53365377,6
53365378,6
53365379,6
53365380,6
53365381,6
53365382,6
53365383,6
53365384,6
53365385,6
53365386,6
53365387,6
53365388,6
53365389,6
53365390,6
53365391,6
53365392,6
53365393,6
53365394,6
53365395,6
53365396,6
53365397,6
53365398,6
53365399,6
53365400,6|7
53365401,7
53365402,7
53365403,7
53365404,7
53365405,7
53365406,7
53365407,7
53365408,7
53365409,7
53365410,6|7
53365411,6|7
53365412,7
53365413,7
53365414,7
53365415,7
53365416,7
53365417,7
53365418,7
53365419,7
53365420,6|7
53365421,6|7
53365422,7
53365423,7
53365424,7
53365425,7
53365426,7
53365427,7
53365428,7
53365429,7
53365430,6
53365431,6|7
53365432,6|7
53365433,6|7
53365434,6|7
53365435,6|7
53365436,6|7
53365437,7
53365438,7
53365439,7
53365440,6
53365441,6|7
53365442,6|7
53365443,6
53365444,6
53365445,6
53365446,6|7
53365447,7
53365448,6|7
53365449,6|7
53365450,6
53365451,6
53365452,6
53365453,6
53365454,6
53365455,6
53365456,6|7
53365457,6|7
53365458,6|7
53365459,6
53365460,6
53365461,6
53365462,6
53365463,6
53365464,6
53365465,6
53365466,6
53365467,6
53365468,6
53365469,6
53365470,6
53365471,6
53365472,6
53365473,6
53365474,6
53365475,6
53365476,6
53365477,6
53365478,6
53365479,6
53365480,6
53365481,6
53365482,6
53365483,6
53365484,6
53365485,6
53365486,6
53365487,6
53365488,6
53365489,6
53365490,6
53365491,6
53365492,6
53365493,6
53365494,6
53365495,6
53365496,6
53365497,6
53365498,6
53365499,6
53365500,7
53365501,7
53365502,7
53365503,7
53365504,7
53365505,7
53365506,7
53365507,7
53365508,7
53365509,7
53365510,7
53365511,7
53365512,7
53365513,7
53365514,7
53365515,7
53365516,7
53365517,7
53365518,7
53365519,7
53365520,7
53365521,7
53365522,7
53365523,7
53365524,7
53365525,7
53365526,7
53365527,7
53365528,7
53365529,7
53365530,7
53365531,7
53365532,7
53365533,7
53365534,7
53365535,7
53365536,7
53365537,7
53365538,7
53365539,7
53365540,6|7
53365541,7
53365542,6|7
53365543,6|7
53365544,6|7
53365545,6|7
53365546,6|7
53365547,7
53365548,7
53365549,7
53365550,6|7
53365551,6|7
53365552,6|7
53365553,6|7
53365554,6|7
53365555,6|7
53365556,6|7
53365557,6|7
53365558,7
53365559,7
53365560,6
53365561,6|7
53365562,6|7
53365563,6
53365564,6
53365565,6
53365566,6
53365567,6|7
53365568,6|7
53365569,6|7
53365570,6
53365571,6
53365572,6
53365573,6
53365574,6
53365575,6
53365576,6
53365577,6
53365578,6
53365579,6
53365580,6
53365581,6
53365582,6
53365583,6
53365584,6
53365585,6
53365586,6
53365587,6
53365588,6
53365589,6
53365590,6
53365591,6
53365592,6
53365593,6
53365594,6
53365595,6
53365596,6
53365597,6
53365598,6
53365599,6
53365600,7
53365601,7
53365602,7
53365603,7
53365604,7
53365605,7
53365606,7
53365607,7
53365608,7
53365609,7
53365610,7
53365611,7
53365612,7
53365613,7
53365614,7
53365615,7
53365616,7
53365617,7
53365618,7
53365619,7
53365620,7
53365621,7
53365622,7
53365623,7
53365624,7
53365625,7
53365626,7
53365627,7
53365628,7
53365629,7
53365630,7
53365631,7
53365632,7
53365633,7
53365634,7
53365635,7
53365636,7
53365637,7
53365638,7
53365639,7
53365640,7
53365641,7
53365642,7
53365643,7
53365644,7
53365645,7
53365646,7
53365647,7
53365648,7
53365649,7
53365650,7
53365651,6|7
53365652,6|7
53365653,6|7
53365654,7
53365655,7
53365656,7
53365657,7
53365658,7
53365659,7
53365660,6|7
53365661,6|7
53365662,6
53365663,6|7
53365664,7
53365665,7
53365666,7
53365667,7
53365668,7
53365669,7
53365670,6|7
53365671,6|7
53365672,6
53365673,6|7
53365674,7
53365675,7
53365676,7
53365677,7
53365678,7
53365679,7
53365680,6
53365681,6
53365682,6
53365683,6|7
53365684,7
53365685,7
53365686,7
53365687,7
53365688,7
53365689,7
53365690,6
53365691,6
53365692,6
53365693,6|7
53365694,7
53365695,7
53365696,7
53365697,7
53365698,7
53365699,7
533657,7
533660,6
533661,6
533662,6
533663,6
533664,6
533665,6
53366600,6
53366601,6
53366602,6
53366603,6|7
53366604,6|7
53366605,7
53366606,7
53366607,7
53366608,7
53366609,7
53366610,6
53366611,6
53366612,6
53366613,6
53366614,6|7
53366615,6|7
53366616,6|7
53366617,7
53366618,7
53366619,7
53366620,6
53366621,6
53366622,6
53366623,6
53366624,6
53366625,6
53366626,6|7
53366627,7
53366628,7
53366629,7
53366630,6
53366631,6
53366632,6
53366633,6
53366634,6
53366635,6
53366636,6|7
53366637,7
53366638,7
53366639,7
53366640,6
53366641,6
53366642,6
53366643,6
53366644,6
53366645,6|7
53366646,6|7
53366647,7
53366648,7
53366649,7
53366650,6
53366651,6
53366652,6
53366653,6
53366654,6
53366655,6|7
53366656,7
53366657,7
53366658,7
53366659,7
53366660,6
53366661,6
53366662,6
53366663,6
53366664,6
53366665,6|7
53366666,7
53366667,7
53366668,7
53366669,7
53366670,6
53366671,6
53366672,6
53366673,6
53366674,6
53366675,6|7
53366676,7
53366677,7
53366678,7
53366679,7
53366680,6
53366681,6
53366682,6
53366683,6
53366684,6
53366685,6|7
53366686,7
53366687,7
53366688,7
53366689,7
53366690,6
53366691,6
53366692,6
53366693,6
53366694,6|7
53366695,6|7
53366696,7
53366697,7
53366698,7
53366699,7
533667,7
533670,6
533671,6
533672,6
533673,6
533674,6
53367500,6
53367501,6
53367502,6
53367503,6
53367504,6
53367505,6
53367506,6
53367507,6
53367508,6
53367509,6
53367510,6
53367511,6
53367512,6
53367513,6
53367514,6
53367515,6
53367516,6
53367517,6
53367518,6
53367519,6
53367520,6
53367521,6
53367522,6
53367523,6
53367524,6
53367525,6
53367526,6
53367527,6
53367528,6
53367529,6
53367530,6
53367531,6
53367532,6
53367533,6
53367534,6
53367535,6
53367536,6
53367537,6
53367538,6
53367539,6
53367540,6
53367541,6
53367542,6
53367543,6
53367544,6
53367545,6
53367546,6
53367547,6
53367548,6
53367549,6
53367550,6
53367551,6
53367552,6
53367553,6
53367554,6
53367555,6
53367556,6
53367557,6
53367558,6
53367559,6|7
53367560,6
53367561,6
53367562,6
53367563,6
53367564,6
53367565,6
53367566,6
53367567,6
53367568,6
53367569,6
53367570,6
53367571,6
53367572,6
53367573,6
53367574,6
53367575,6
53367576,6
53367577,6
53367578,6
53367579,6
53367580,6
53367581,6
53367582,6
53367583,6
53367584,6
53367585,6
53367586,6
53367587,6
53367588,6
53367589,6|7
53367590,6
53367591,6
53367592,6
53367593,6
53367594,6
53367595,6
53367596,6
53367597,6
53367598,6|7
53367599,6|7
53367600,6
53367601,6
53367602,6|7
53367603,6|7
53367604,6|7
53367605,7
53367606,7
53367607,7
53367608,7
53367609,7
53367610,6
53367611,6
53367612,6|7
53367613,7
53367614,7
53367615,7
53367616,7
53367617,7
53367618,7
53367619,7
53367620,6
53367621,6
53367622,6|7
53367623,6|7
53367624,7
53367625,7
53367626,7
53367627,7
53367628,7
53367629,7
53367630,6
53367631,6
53367632,6|7
53367633,6|7
53367634,7
53367635,7
53367636,7
53367637,7
53367638,7
53367639,7
53367640,6|7
53367641,6|7
53367642,6|7
53367643,7
53367644,7
53367645,7
53367646,7
53367647,7
53367648,7
53367649,7
53367650,6|7
53367651,7
53367652,7
53367653,7
53367654,7
53367655,7
53367656,7
53367657,7
53367658,7
53367659,7
53367660,6|7
53367661,7
53367662,7
53367663,7
53367664,7
53367665,7
53367666,7
53367667,7
53367668,7
53367669,7
53367670,6|7
53367671,7
53367672,7
53367673,7
53367674,7
53367675,7
53367676,7
53367677,7
53367678,7
53367679,7
53367680,6|7
53367681,7
53367682,7
53367683,7
53367684,7
53367685,7
53367686,7
53367687,7
53367688,7
53367689,7
53367690,7
53367691,7
53367692,7
53367693,7
53367694,7
53367695,7
53367696,7
53367697,7
53367698,7
53367699,7
533677,7
533700,7
533701,7
533702,7
533703,7
53370400,7
53370401,7
53370402,7
53370403,7
53370404,7
53370405,7
53370406,7
53370407,7
53370408,7|8
53370409,8
53370410,7
53370411,7
53370412,7
53370413,7
53370414,7
53370415,7
53370416,7
53370417,7
53370418,7|8
53370419,8
53370420,7
53370421,7
53370422,7
53370423,7
53370424,7
53370425,7
53370426,7
53370427,7|8
53370428,7|8
53370429,8
53370430,7
53370431,7
53370432,7
53370433,7
53370434,7
53370435,7
53370436,7
53370437,7|8
53370438,7|8
53370439,8
53370440,7
53370441,7
53370442,7
53370443,7
53370444,7
53370445,7
53370446,7
53370447,7|8
53370448,8
53370449,8
53370450,7
53370451,7
53370452,7
53370453,7
53370454,7
53370455,7
53370456,7
53370457,7|8
53370458,8
53370459,8
53370460,7
53370461,7
53370462,7
53370463,7
53370464,7
53370465,7
53370466,7|8
53370467,7|8
53370468,8
53370469,8
53370470,7
53370471,7
53370472,7
53370473,7
53370474,7
53370475,7
53370476,7|8
53370477,7|8
53370478,7|8
53370479,7|8
53370480,7
53370481,7
53370482,7
53370483,7
53370484,7
53370485,7
53370486,7|8
53370487,7
53370488,7
53370489,7
53370490,7
53370491,7
53370492,7
53370493,7
53370494,7
53370495,7
53370496,7
53370497,7
53370498,7
53370499,7|8
53370500,8
53370501,8
53370502,8
53370503,8
53370504,8
53370505,8
53370506,8
53370507,8
53370508,8
53370509,8
53370510,8
53370511,8
53370512,8
53370513,8
53370514,8
53370515,8
53370516,8
53370517,8
53370518,8
53370519,8
53370520,8
53370521,8
53370522,8
53370523,8
53370524,8
53370525,8
53370526,8
53370527,8
53370528,8
53370529,8
53370530,8
53370531,8
53370532,8
53370533,8
53370534,8
53370535,8
53370536,8
53370537,8
53370538,8
53370539,8
53370540,8
53370541,8
53370542,8
53370543,8
53370544,8
53370545,8
53370546,8
53370547,8
53370548,8
53370549,8
53370550,8
53370551,8
53370552,8
53370553,8
53370554,8
53370555,8
53370556,8
53370557,8
53370558,8
53370559,8
53370560,8
53370561,8
53370562,8
53370563,8
53370564,8
53370565,8
53370566,8
53370567,8
53370568,8
53370569,8
53370570,7|8
53370571,8
53370572,8
53370573,8
53370574,8
53370575,8
53370576,8
53370577,8
53370578,8
53370579,8
53370580,7|8
53370581,8
53370582,8
53370583,8
53370584,8
53370585,8
53370586,8
53370587,8
53370588,8
53370589,8
53370590,7|8
53370591,8
53370592,8
53370593,8
53370594,8
53370595,8
53370596,8
53370597,8
53370598,8
53370599,8
533706,8
533707,8
533710,7
533711,7
533712,7
533713,7
53371400,7
53371401,7
53371402,7
53371403,7
53371404,7
53371405,7
53371406,7
53371407,7
53371408,7
53371409,7|8
53371410,7
53371411,7
53371412,7
53371413,7
53371414,7
53371415,7
53371416,7
53371417,7
53371418,7|8
53371419,7|8
53371420,7
53371421,7
53371422,7
53371423,7
53371424,7
53371425,7
53371426,7
53371427,7|8
53371428,7|8
53371429,8
53371430,7
53371431,7
53371432,7
53371433,7
53371434,7
53371435,7
53371436,7
53371437,7|8
53371438,8
53371439,8
53371440,7
53371441,7
53371442,7
53371443,7
53371444,7
53371445,7
53371446,7
53371447,7|8
53371448,7|8
53371449,8
53371450,7
53371451,7
53371452,7
53371453,7
53371454,7
53371455,7
53371456,7
53371457,7
53371458,7|8
53371459,7|8
53371460,7
53371461,7
53371462,7
53371463,7
53371464,7
53371465,7
53371466,7
53371467,7
53371468,7
53371469,7|8
53371470,7
53371471,7
53371472,7
53371473,7
53371474,7
53371475,7
53371476,7
53371477,7
53371478,7
53371479,7
53371480,7
53371481,7
53371482,7
53371483,7
53371484,7
53371485,7
53371486,7
53371487,7
53371488,7
53371489,7
53371490,7
53371491,7
53371492,7
53371493,7
53371494,7
53371495,7
53371496,7
53371497,7
53371498,7
53371499,7|8
53371500,8
53371501,8
53371502,8
53371503,8
53371504,8
53371505,8
53371506,8
53371507,8
53371508,8
53371509,8
53371510,8
53371511,8
53371512,8
53371513,8
53371514,8
53371515,8
53371516,8
53371517,8
53371518,8
53371519,8
53371520,8
53371521,8
53371522,8
53371523,8
53371524,8
53371525,8
53371526,8
53371527,8
53371528,8
53371529,8
53371530,8
53371531,8
53371532,8
53371533,8
53371534,8
53371535,8
53371536,8
53371537,8
53371538,8
53371539,8
53371540,8
53371541,8
53371542,8
53371543,8
53371544,8
53371545,8
53371546,8
53371547,8
53371548,8
53371549,8
53371550,8
53371551,8
53371552,8
53371553,8
53371554,8
53371555,8
53371556,8
53371557,8
53371558,8
53371559,8
53371560,7|8
53371561,8
53371562,8
53371563,8
53371564,8
53371565,8
53371566,8
53371567,8
53371568,8
53371569,8
53371570,7|8
53371571,8
53371572,8
53371573,8
53371574,8
53371575,8
53371576,8
53371577,8
53371578,8
53371579,8
53371580,7|8
53371581,8
53371582,8
53371583,8
53371584,8
53371585,8
53371586,8
53371587,8
53371588,8
53371589,8
53371590,7|8
53371591,8
53371592,8
53371593,8
53371594,8
53371595,8
53371596,8
53371597,8
53371598,8
53371599,8
533716,8
533717,8
533720,7
533721,7
533722,7
533723,7
53372400,7
53372401,7
53372402,7
53372403,7
53372404,7
53372405,7
53372406,7
53372407,7
53372408,7
53372409,7|8
53372410,7
53372411,7
53372412,7
53372413,7
53372414,7
53372415,7
53372416,7
53372417,7
53372418,7
53372419,7|8
53372420,7
53372421,7
53372422,7
53372423,7
53372424,7
53372425,7
53372426,7
53372427,7
53372428,7
53372429,7|8
53372430,7
53372431,7
53372432,7
53372433,7
53372434,7
53372435,7
53372436,7
53372437,7|8
53372438,7|8
53372439,7|8
53372440,7
53372441,7
53372442,7
53372443,7
53372444,7
53372445,7
53372446,7|8
53372447,7|8
53372448,7|8
53372449,8
53372450,7
53372451,7
53372452,7
53372453,7
53372454,7
53372455,7|8
53372456,7|8
53372457,8
53372458,8
53372459,8
53372460,7
53372461,7
53372462,7
53372463,7
53372464,7
53372465,7|8
53372466,8
53372467,8
53372468,8
53372469,8
53372470,7
53372471,7
53372472,7
53372473,7
53372474,7
53372475,7|8
53372476,8
53372477,8
53372478,8
53372479,8
53372480,7
53372481,7
53372482,7
53372483,7
53372484,7
53372485,7|8
53372486,8
53372487,8
53372488,8
53372489,8
53372490,7
53372491,7
53372492,7
53372493,7
53372494,7
53372495,7|8
53372496,8
53372497,8
53372498,8
53372499,8
53372500,7|8
53372501,8
53372502,8
53372503,8
53372504,8
53372505,8
53372506,8
53372507,8
53372508,8
53372509,8
53372510,7|8
53372511,8
53372512,8
53372513,8
53372514,8
53372515,8
53372516,8
53372517,8
53372518,8
53372519,8
53372520,8
53372521,8
53372522,8
53372523,8
53372524,8
53372525,8
53372526,8
53372527,8
53372528,8
53372529,8
53372530,8
53372531,8
53372532,8
53372533,8
53372534,8
53372535,8
53372536,8
53372537,8
53372538,8
53372539,8
53372540,8
53372541,8
53372542,8
53372543,8
53372544,8
53372545,8
53372546,8
53372547,8
53372548,8
53372549,8
53372550,8
53372551,8
53372552,8
53372553,8
53372554,8
53372555,8
53372556,8
53372557,8
53372558,8
53372559,8
53372560,8
53372561,8
53372562,8
53372563,8
53372564,8
53372565,8
53372566,8
53372567,8
53372568,8
53372569,8
53372570,8
53372571,8
53372572,8
53372573,8
53372574,8
53372575,8
53372576,8
53372577,8
53372578,8
53372579,8
53372580,8
53372581,8
53372582,8
53372583,8
53372584,8
53372585,8
53372586,8
53372587,8
53372588,8
53372589,8
53372590,8
53372591,8
53372592,8
53372593,8
53372594,8
53372595,8
53372596,8
53372597,8
53372598,8
53372599,8
533726,8
533727,8
533730,7
533731,7
533732,7
533733,7
53373400,7
53373401,7
53373402,7|8
53373403,7|8
53373404,7|8
53373405,7|8
53373406,8
53373407,8
53373408,8
53373409,8
53373410,7
53373411,7|8
53373412,7|8
53373413,8
53373414,8
53373415,8
53373416,8
53373417,8
53373418,8
53373419,8
53373420,7
53373421,7|8
53373422,8
53373423,8
53373424,8
53373425,8
53373426,8
53373427,8
53373428,8
53373429,8
53373430,7
53373431,7|8
53373432,8
53373433,8
53373434,8
53373435,8
53373436,8
53373437,8
53373438,8
53373439,8
53373440,7
53373441,7|8
53373442,8
53373443,8
53373444,8
53373445,8
53373446,8
53373447,8
53373448,8
53373449,8
53373450,7
53373451,7|8
53373452,7|8
53373453,8
53373454,8
53373455,8
53373456,8
53373457,8
53373458,8
53373459,8
53373460,7
53373461,7
53373462,7|8
53373463,7|8
53373464,8
53373465,8
53373466,8
53373467,8
53373468,8
53373469,8
53373470,7
53373471,7
53373472,7
53373473,7|8
53373474,8
53373475,8
53373476,8
53373477,8
53373478,8
53373479,8
53373480,7
53373481,7
53373482,7
53373483,7|8
53373484,8
53373485,8
53373486,8
53373487,8
53373488,8
53373489,8
53373490,7
53373491,7
53373492,7|8
53373493,7|8
53373494,8
53373495,8
53373496,8
53373497,8
53373498,8
53373499,8
533735,8
533736,8
533737,8
533740,7
533741,7
533742,7
53374300,7
53374301,7
53374302,7
53374303,7
53374304,7
53374305,7
53374306,7
53374307,7
53374308,7
53374309,7
53374310,7
53374311,7
53374312,7
53374313,7
53374314,7
53374315,7
53374316,7
53374317,7
53374318,7
53374319,7
53374320,7
53374321,7
53374322,7
53374323,7
53374324,7
53374325,7
53374326,7
53374327,7
53374328,7
53374329,7|8
53374330,7
53374331,7
53374332,7
53374333,7
53374334,7
53374335,7
53374336,7
53374337,7
53374338,7
53374339,7|8
53374340,7
53374341,7
53374342,7
53374343,7
53374344,7
53374345,7
53374346,7
53374347,7
53374348,7|8
53374349,7|8
53374350,7
53374351,7
53374352,7
53374353,7
53374354,7
53374355,7
53374356,7
53374357,7
53374358,7|8
53374359,7|8
53374360,7
53374361,7
53374362,7
53374363,7
53374364,7
53374365,7
53374366,7
53374367,7
53374368,7|8
53374369,7|8
53374370,7
53374371,7
53374372,7
53374373,7
53374374,7
53374375,7
53374376,7
53374377,7|8
53374378,7|8
53374379,8
53374380,7
53374381,7
53374382,7
53374383,7
53374384,7
53374385,7
53374386,7
53374387,7|8
53374388,8
53374389,8
53374390,7
53374391,7
53374392,7
53374393,7
53374394,7
53374395,7
53374396,7
53374397,7|8
53374398,8
53374399,8
53374400,7
53374401,7|8
53374402,7|8
53374403,8
53374404,8
53374405,8
53374406,8
53374407,8
53374408,8
53374409,8
53374410,7|8
53374411,7|8
53374412,8
53374413,8
53374414,8
53374415,8
53374416,8
53374417,8
53374418,8
53374419,8
53374420,7|8
53374421,8
53374422,8
53374423,8
53374424,8
53374425,8
53374426,8
53374427,8
53374428,8
53374429,8
53374430,8
53374431,8
53374432,8
53374433,8
53374434,8
53374435,8
53374436,8
53374437,8
53374438,8
53374439,8
53374440,8
53374441,8
53374442,8
53374443,8
53374444,8
53374445,8
53374446,8
53374447,8
53374448,8
53374449,8
53374450,8
53374451,8
53374452,8
53374453,8
53374454,8
53374455,8
53374456,8
53374457,8
53374458,8
53374459,8
53374460,8
53374461,8
53374462,8
53374463,8
53374464,8
53374465,8
53374466,8
53374467,8
53374468,8
53374469,8
53374470,8
53374471,8
53374472,8
53374473,8
53374474,8
53374475,8
53374476,8
53374477,8
53374478,8
53374479,8
53374480,8
53374481,8
53374482,8
53374483,8
53374484,8
53374485,8
53374486,8
53374487,8
53374488,8
53374489,8
53374490,8
53374491,8
53374492,8
53374493,8
53374494,8
53374495,8
53374496,8
53374497,8
53374498,8
53374499,8
533745,8
533746,8
533747,8
533750,7
533751,7
53375200,7
53375201,7
53375202,7
53375203,7
53375204,7
53375205,7
53375206,7
53375207,7
53375208,7
53375209,7
53375210,7
53375211,7
53375212,7
53375213,7
53375214,7
53375215,7
53375216,7
53375217,7
53375218,7
53375219,7
53375220,7
53375221,7
53375222,7
53375223,7
53375224,7
53375225,7
53375226,7
53375227,7
53375228,7
53375229,7
53375230,7
53375231,7
53375232,7
53375233,7
53375234,7
53375235,7
53375236,7
53375237,7
53375238,7
53375239,7
53375240,7
53375241,7
53375242,7
53375243,7
53375244,7
53375245,7
53375246,7
53375247,7
53375248,7
53375249,7
53375250,7
53375251,7
53375252,7
53375253,7
53375254,7
53375255,7
53375256,7|8
53375257,7|8
53375258,7|8
53375259,7|8
53375260,7
53375261,7
53375262,7
53375263,7
53375264,7
53375265,7
53375266,7|8
53375267,7|8
53375268,7|8
53375269,7|8
53375270,7
53375271,7
53375272,7
53375273,7
53375274,7
53375275,7|8
53375276,7|8
53375277,8
53375278,8
53375279,8
53375280,7
53375281,7
53375282,7
53375283,7
53375284,7
53375285,7|8
53375286,7|8
53375287,8
53375288,8
53375289,8
53375290,7
53375291,7
53375292,7
53375293,7
53375294,7
53375295,7
53375296,7|8
53375297,8
53375298,8
53375299,8
53375300,7
53375301,7
53375302,7
53375303,7
53375304,7
53375305,7
53375306,7|8
53375307,7|8
53375308,8
53375309,8
53375310,7
53375311,7
53375312,7
53375313,7
53375314,7|8
53375315,7|8
53375316,7|8
53375317,8
53375318,8
53375319,8
53375320,7
53375321,7
53375322,7
53375323,7|8
53375324,7|8
53375325,8
53375326,8
53375327,8
53375328,8
53375329,8
53375330,7
53375331,7|8
53375332,7|8
53375333,7|8
53375334,8
53375335,8
53375336,8
53375337,8
53375338,8
53375339,8
53375340,7
53375341,7|8
53375342,8
53375343,8
53375344,8
53375345,8
53375346,8
53375347,8
53375348,8
53375349,8
53375350,7|8
53375351,7|8
53375352,8
53375353,8
53375354,8
53375355,8
53375356,8
53375357,8
53375358,8
53375359,8
53375360,7|8
53375361,8
53375362,8
53375363,8
53375364,8
53375365,8
53375366,8
53375367,8
53375368,8
53375369,8
53375370,8
53375371,8
53375372,8
53375373,8
53375374,8
53375375,8
53375376,8
53375377,8
53375378,8
53375379,8
53375380,8
53375381,8
53375382,8
53375383,8
53375384,8
53375385,8
53375386,8
53375387,8
53375388,8
53375389,8
53375390,8
53375391,8
53375392,8
53375393,8
53375394,8
53375395,8
53375396,8
53375397,8
53375398,8
53375399,8
533754,8
533755,8
533756,8
533757,8
533760,7
533761,7
53376200,7
53376201,7
53376202,7
53376203,7
53376204,7
53376205,7
53376206,7|8
53376207,8
53376208,8
53376209,8
53376210,7
53376211,7
53376212,7
53376213,7
53376214,7
53376215,7
53376216,7|8
53376217,7|8
53376218,7|8
53376219,7|8
53376220,7
53376221,7
53376222,7
53376223,7
53376224,7
53376225,7
53376226,7
53376227,7
53376228,7
53376229,7|8
53376230,7
53376231,7
53376232,7
53376233,7
53376234,7
53376235,7
53376236,7
53376237,7
53376238,7
53376239,7|8
53376240,7
53376241,7
53376242,7
53376243,7
53376244,7
53376245,7
53376246,7
53376247,7
53376248,7
53376249,7|8
53376250,7
53376251,7
53376252,7
53376253,7
53376254,7
53376255,7
53376256,7
53376257,7
53376258,7
53376259,7|8
53376260,7
53376261,7
53376262,7
53376263,7
53376264,7
53376265,7
53376266,7
53376267,7
53376268,7
53376269,7|8
53376270,7
53376271,7
53376272,7
53376273,7
53376274,7
53376275,7
53376276,7
53376277,7
53376278,7
53376279,7
53376280,7
53376281,7
53376282,7
53376283,7
53376284,7
53376285,7
53376286,7
53376287,7
53376288,7
53376289,7
53376290,7
53376291,7
53376292,7
53376293,7
53376294,7
53376295,7
53376296,7
53376297,7
53376298,7
53376299,7
53376300,8
53376301,8
53376302,8
53376303,8
53376304,8
53376305,8
53376306,8
53376307,8
53376308,8
53376309,8
53376310,8
53376311,8
53376312,8
53376313,8
53376314,8
53376315,8
53376316,8
53376317,8
53376318,8
53376319,8
53376320,8
53376321,8
53376322,8
53376323,8
53376324,8
53376325,8
53376326,8
53376327,8
53376328,8
53376329,8
53376330,8
53376331,8
53376332,8
53376333,8
53376334,8
53376335,8
53376336,8
53376337,8
53376338,8
53376339,8
53376340,8
53376341,8
53376342,8
53376343,8
53376344,8
53376345,8
53376346,8
53376347,8
53376348,8
53376349,8
53376350,8
53376351,8
53376352,8
53376353,8
53376354,8
53376355,8
53376356,8
53376357,8
53376358,8
53376359,8
53376360,7|8
53376361,8
53376362,8
53376363,8
53376364,8
53376365,8
53376366,7|8
53376367,7|8
53376368,8
53376369,8
53376370,7|8
53376371,7|8
53376372,7|8
53376373,8
53376374,8
53376375,7|8
53376376,7|8
53376377,7|8
53376378,7|8
53376379,8
53376380,7
53376381,7
53376382,7|8
53376383,7|8
53376384,7|8
53376385,7|8
53376386,7
53376387,7
53376388,7|8
53376389,8
53376390,7
53376391,7
53376392,7
53376393,7
53376394,7
53376395,7
53376396,7
53376397,7
53376398,7|8
53376399,8
533764,8
533765,8
533766,8
533767,8
533770,7
533771,7
533772,7
53377300,7
53377301,7
53377302,7
53377303,7
53377304,7
53377305,7
53377306,7
53377307,7
53377308,7|8
53377309,7|8
53377310,7
53377311,7
53377312,7
53377313,7
53377314,7
53377315,7
53377316,7
53377317,7
53377318,7
53377319,7|8
53377320,7
53377321,7
53377322,7
53377323,7
53377324,7
53377325,7
53377326,7
53377327,7
53377328,7
53377329,7|8
53377330,7
53377331,7
53377332,7
53377333,7
53377334,7
53377335,7
53377336,7
53377337,7
53377338,7
53377339,7
53377340,7
53377341,7
53377342,7
53377343,7
53377344,7
53377345,7
53377346,7
53377347,7
53377348,7
53377349,7
53377350,7
53377351,7
53377352,7
53377353,7
53377354,7
53377355,7
53377356,7
53377357,7
53377358,7
53377359,7
53377360,7
53377361,7
53377362,7
53377363,7
53377364,7
53377365,7
53377366,7
53377367,7
53377368,7
53377369,7
53377370,7
53377371,7
53377372,7
53377373,7
53377374,7
53377375,7
53377376,7
53377377,7
53377378,7
53377379,7
53377380,7
53377381,7
53377382,7
53377383,7
53377384,7
53377385,7
53377386,7
53377387,7
53377388,7
53377389,7
53377390,7
53377391,7
53377392,7
53377393,7
53377394,7
53377395,7
53377396,7
53377397,7
53377398,7
53377399,7
53377400,8
53377401,8
53377402,8
53377403,8
53377404,8
53377405,8
53377406,8
53377407,8
53377408,8
53377409,8
53377410,8
53377411,8
53377412,8
53377413,8
53377414,8
53377415,8
53377416,8
53377417,8
53377418,8
53377419,8
53377420,7|8
53377421,7|8
53377422,8
53377423,8
53377424,8
53377425,8
53377426,8
53377427,8
53377428,8
53377429,8
53377430,7
53377431,7|8
53377432,7|8
53377433,8
53377434,8
53377435,8
53377436,8
53377437,8
53377438,8
53377439,8
53377440,7
53377441,7
53377442,7|8
53377443,8
53377444,8
53377445,8
53377446,8
53377447,8
53377448,8
53377449,8
53377450,7
53377451,7
53377452,7|8
53377453,7|8
53377454,8
53377455,8
53377456,8
53377457,8
53377458,8
53377459,8
53377460,7
53377461,7
53377462,7
53377463,7|8
53377464,8
53377465,8
53377466,8
53377467,8
53377468,8
53377469,8
53377470,7
53377471,7
53377472,7
53377473,7|8
53377474,8
53377475,8
53377476,8
53377477,8
53377478,8
53377479,8
53377480,7
53377481,7
53377482,7
53377483,7|8
53377484,7|8
53377485,7|8
53377486,8
53377487,8
53377488,8
53377489,8
53377490,7
53377491,7
53377492,7
53377493,7
53377494,7
53377495,7|8
53377496,7|8
53377497,8
53377498,8
53377499,8
533775,8
533776,8
533777,8
533800,8
533801,8
533802,8
533803,8
533804,8
533805,8
533806,8
53380700,8
53380701,8
53380702,8
53380703,8
53380704,8
53380705,8
53380706,8
53380707,8
53380708,8
53380709,8
53380710,8
53380711,8
53380712,8
53380713,8
53380714,8
53380715,8
53380716,8
53380717,8
53380718,8
53380719,8
53380720,8
53380721,8
53380722,8
53380723,8
53380724,8
53380725,8
53380726,8
53380727,8
53380728,8
53380729,8
53380730,8
53380731,8
53380732,8
53380733,8
53380734,8
53380735,8
53380736,8
53380737,8
53380738,8
53380739,8
53380740,8
53380741,8
53380742,8
53380743,8
53380744,8
53380745,8
53380746,8
53380747,8
53380748,8
53380749,8
53380750,8
53380751,8
53380752,8
53380753,8
53380754,8
53380755,8
53380756,8
53380757,8
53380758,8
53380759,8|9
53380760,8
53380761,8
53380762,8
53380763,8
53380764,8
53380765,8
53380766,8
53380767,8
53380768,8
53380769,8|9
53380770,8
53380771,8
53380772,8
53380773,8
53380774,8|9
53380775,8|9
53380776,8
53380777,8
53380778,8
53380779,8
53380780,8
53380781,8
53380782,8
53380783,8|9
53380784,8|9
53380785,8|9
53380786,8|9
53380787,8|9
53380788,8|9
53380789,8|9
53380790,8
53380791,8
53380792,8
53380793,8|9
53380794,8|9
53380795,9
53380796,9
53380797,9
53380798,9
53380799,9
533810,8
533811,8
533812,8
533813,8
533814,8
533815,8
533816,8
53381700,8
53381701,8
53381702,8
53381703,8
53381704,8|9
53381705,9
53381706,9
53381707,9
53381708,9
53381709,9
53381710,8
53381711,8
53381712,8
53381713,8
53381714,8|9
53381715,9
53381716,9
53381717,9
53381718,9
53381719,9
53381720,8
53381721,8
53381722,8
53381723,8
53381724,8|9
53381725,9
53381726,9
53381727,9
53381728,9
53381729,9
53381730,8
53381731,8
53381732,8
53381733,8
53381734,8|9
53381735,8|9
53381736,9
53381737,9
53381738,9
53381739,9
53381740,8
53381741,8
53381742,8
53381743,8
53381744,8
53381745,8|9
53381746,8|9
53381747,9
53381748,9
53381749,9
53381750,8
53381751,8
53381752,8
53381753,8
53381754,8
53381755,8
53381756,8|9
53381757,8|9
53381758,8|9
53381759,9
53381760,8
53381761,8
53381762,8
53381763,8
53381764,8
53381765,8
53381766,8
53381767,8
53381768,8|9
53381769,8|9
53381770,8
53381771,8
53381772,8
53381773,8
53381774,8
53381775,8
53381776,8
53381777,8
53381778,8
53381779,8|9
53381780,8
53381781,8
53381782,8
53381783,8
53381784,8
53381785,8
53381786,8
53381787,8
53381788,8
53381789,8
53381790,8
53381791,8
53381792,8
53381793,8
53381794,8
53381795,8
53381796,8
53381797,8
53381798,8
53381799,8
533820,8
533821,8
533822,8
533823,8
533824,8
533825,8
533826,8
533827,8
533830,8
533831,8
533832,8
533833,8
533834,8
533835,8
533836,8
533837,8
533840,8
533841,8
533842,8
533843,8
533844,8
533845,8
533846,8
533847,8
533850,8
533851,8
533852,8
533853,8
533854,8
533855,8
533856,8
53385700,8
53385701,8
53385702,8
53385703,8
53385704,8
53385705,8
53385706,8
53385707,8
53385708,8
53385709,8|9
53385710,8
53385711,8
53385712,8
53385713,8
53385714,8
53385715,8
53385716,8
53385717,8
53385718,8|9
53385719,8|9
53385720,8
53385721,8
53385722,8
53385723,8
53385724,8
53385725,8
53385726,8
53385727,8
53385728,8|9
53385729,9
53385730,8
53385731,8
53385732,8
53385733,8
53385734,8
53385735,8
53385736,8
53385737,8
53385738,8|9
53385739,9
53385740,8
53385741,8
53385742,8
53385743,8
53385744,8
53385745,8
53385746,8
53385747,8
53385748,8|9
53385749,9
53385750,8
53385751,8
53385752,8
53385753,8
53385754,8
53385755,8
53385756,8
53385757,8|9
53385758,8|9
53385759,9
53385760,8
53385761,8
53385762,8
53385763,8
53385764,8
53385765,8
53385766,8
53385767,8|9
53385768,9
53385769,9
53385770,8
53385771,8
53385772,8
53385773,8
53385774,8
53385775,8
53385776,8
53385777,8|9
53385778,9
53385779,9
53385780,8
53385781,8
53385782,8
53385783,8
53385784,8
53385785,8
53385786,8
53385787,8|9
53385788,9
53385789,9
53385790,8
53385791,8
53385792,8
53385793,8
53385794,8
53385795,8
53385796,8|9
53385797,8|9
53385798,9
53385799,9
533860,8
533861,8
533862,8
533863,8
533864,8
53386500,8
53386501,8
53386502,8
53386503,8
53386504,8
53386505,8
53386506,8
53386507,8
53386508,8
53386509,8
53386510,8
53386511,8
53386512,8
53386513,8
53386514,8
53386515,8
53386516,8
53386517,8
53386518,8
53386519,8
53386520,8
53386521,8
53386522,8
53386523,8
53386524,8
53386525,8
53386526,8
53386527,8
53386528,8
53386529,8
53386530,8
53386531,8
53386532,8
53386533,8
53386534,8
53386535,8
53386536,8
53386537,8
53386538,8
53386539,8
53386540,8
53386541,8
53386542,8
53386543,8
53386544,8
53386545,8
53386546,8
53386547,8
53386548,8
53386549,8
53386550,8
53386551,8
53386552,8
53386553,8
53386554,8
53386555,8
53386556,8
53386557,8
53386558,8
53386559,8
53386560,8
53386561,8
53386562,8
53386563,8
53386564,8
53386565,8
53386566,8
53386567,8
53386568,8
53386569,8
53386570,8
53386571,8
53386572,8
53386573,8
53386574,8
53386575,8
53386576,8
53386577,8
53386578,8
53386579,8
53386580,8
53386581,8
53386582,8
53386583,8
53386584,8
53386585,8
53386586,8
53386587,8
53386588,8|9
53386589,8|9
53386590,8
53386591,8
53386592,8
53386593,8
53386594,8
53386595,8
53386596,8
53386597,8
53386598,8|9
53386599,9
53386600,8
53386601,8
53386602,8
53386603,8
53386604,8
53386605,8
53386606,8
53386607,8
53386608,8
53386609,8
53386610,8
53386611,8
53386612,8
53386613,8
53386614,8
53386615,8
53386616,8
53386617,8
53386618,8
53386619,8
53386620,8
53386621,8
53386622,8
53386623,8
53386624,8
53386625,8
53386626,8
53386627,8
53386628,8|9
53386629,8|9
53386630,8
53386631,8
53386632,8
53386633,8
53386634,8|9
53386635,8|9
53386636,8|9
53386637,8|9
53386638,8|9
53386639,8|9
53386640,8
53386641,8
53386642,8
53386643,8|9
53386644,8|9
53386645,9
53386646,9
53386647,8|9
53386648,9
53386649,9
53386650,8
53386651,8
53386652,8
53386653,8|9
53386654,9
53386655,9
53386656,9
53386657,9
53386658,9
53386659,9
53386660,8
53386661,8
53386662,8
53386663,8|9
53386664,9
53386665,9
53386666,9
53386667,9
53386668,9
53386669,9
53386670,8
53386671,8|9
53386672,8|9
53386673,8|9
53386674,9
53386675,9
53386676,9
53386677,9
53386678,9
53386679,9
53386680,8|9
53386681,8|9
53386682,8|9
53386683,9
53386684,9
53386685,9
53386686,9
53386687,9
53386688,9
53386689,9
53386690,9
53386691,9
53386692,9
53386693,9
53386694,9
53386695,9
53386696,9
53386697,9
53386698,9
53386699,9
53386700,8
53386701,8|9
53386702,8
53386703,8
53386704,8
53386705,8|9
53386706,8|9
53386707,9
53386708,9
53386709,9
53386710,8|9
53386711,8|9
53386712,8|9
53386713,8|9
53386714,8|9
53386715,8|9
53386716,9
53386717,9
53386718,9
53386719,9
53386720,8|9
53386721,9
53386722,8|9
53386723,8|9
53386724,8|9
53386725,8|9
53386726,9
53386727,9
53386728,9
53386729,9
53386730,9
53386731,9
53386732,9
53386733,9
53386734,9
53386735,9
53386736,9
53386737,9
53386738,9
53386739,9
53386740,9
53386741,9
53386742,9
53386743,9
53386744,9
53386745,9
53386746,9
53386747,9
53386748,9
53386749,9
53386750,9
53386751,9
53386752,9
53386753,9
53386754,9
53386755,9
53386756,9
53386757,9
53386758,9
53386759,9
53386760,9
53386761,9
53386762,9
53386763,9
53386764,9
53386765,9
53386766,9
53386767,9
53386768,9
53386769,9
53386770,9
53386771,9
53386772,9
53386773,9
53386774,9
53386775,9
53386776,9
53386777,9
53386778,9
53386779,9
53386780,9
53386781,9
53386782,9
53386783,9
53386784,9
53386785,9
53386786,9
53386787,9
53386788,9
53386789,9
53386790,9
53386791,9
53386792,9
53386793,9
53386794,9
53386795,9
53386796,9
53386797,9
53386798,9
53386799,9
533870,8
533871,8
533872,8
533873,8
533874,8
53387500,8
53387501,8
53387502,8
53387503,8
53387504,8
53387505,8
53387506,8
53387507,8
53387508,8|9
53387509,9
53387510,8
53387511,8
53387512,8
53387513,8
53387514,8
53387515,8
53387516,8
53387517,8
53387518,8|9
53387519,8|9
53387520,8
53387521,8
53387522,8
53387523,8
53387524,8
53387525,8
53387526,8
53387527,8
53387528,8|9
53387529,8|9
53387530,8
53387531,8
53387532,8
53387533,8
53387534,8
53387535,8
53387536,8
53387537,8
53387538,8|9
53387539,9
53387540,8
53387541,8
53387542,8
53387543,8
53387544,8
53387545,8
53387546,8
53387547,8|9
53387548,8|9
53387549,9
53387550,8
53387551,8
53387552,8
53387553,8
53387554,8
53387555,8
53387556,8
53387557,8|9
53387558,9
53387559,9
53387560,8
53387561,8
53387562,8
53387563,8
53387564,8
53387565,8
53387566,8|9
53387567,8|9
53387568,9
53387569,9
53387570,8
53387571,8
53387572,8
53387573,8
53387574,8
53387575,8
53387576,8|9
53387577,8|9
53387578,9
53387579,9
53387580,8
53387581,8
53387582,8
53387583,8
53387584,8
53387585,8|9
53387586,8|9
53387587,8|9
53387588,9
53387589,9
53387590,8
53387591,8
53387592,8
53387593,8
53387594,8|9
53387595,8|9
53387596,9
53387597,9
53387598,9
53387599,9
533876,9
533877,9
53390000,8|9
53390001,8|9
53390002,9
53390003,9
53390004,9
53390005,9
53390006,9
53390007,9
53390008,9
53390009,9
53390010,8|9
53390011,9
53390012,9
53390013,9
53390014,9
53390015,9
53390016,9
53390017,9
53390018,9
53390019,9
53390020,8|9
53390021,8|9
53390022,9
53390023,9
53390024,9
53390025,9
53390026,9
53390027,9
53390028,9
53390029,9
53390030,8|9
53390031,8|9
53390032,9
53390033,9
53390034,9
53390035,9
53390036,9
53390037,9
53390038,9
53390039,9
53390040,8|9
53390041,9
53390042,9
53390043,9
53390044,9
53390045,9
53390046,9
53390047,9
53390048,9
53390049,9
53390050,8|9
53390051,9
53390052,9
53390053,9
53390054,9
53390055,9
53390056,9
53390057,9
53390058,9
53390059,9
53390060,8|9
53390061,9
53390062,9
53390063,9
53390064,9
53390065,9
53390066,9
53390067,9
53390068,9
53390069,9
53390070,8|9
53390071,9
53390072,9
53390073,9
53390074,9
53390075,9
53390076,9
53390077,9
53390078,9
53390079,9
53390080,8|9
53390081,9
53390082,9
53390083,9
53390084,9
53390085,9
53390086,9
53390087,9
53390088,9
53390089,9
53390090,9
53390091,9
53390092,9
53390093,9
53390094,9
53390095,9
53390096,9
53390097,9
53390098,9
53390099,9
533901,9
533902,9
533903,9
533904,9
533905,9
533906,9
533907,9
53391000,9
53391001,9
53391002,9
53391003,9
53391004,9
53391005,9
53391006,9
53391007,9
53391008,9
53391009,9
53391010,9
53391011,9
53391012,9
53391013,9
53391014,9
53391015,9
53391016,9
53391017,9
53391018,9
53391019,9
53391020,9
53391021,9
53391022,9
53391023,9
53391024,9
53391025,9
53391026,9
53391027,9
53391028,9
53391029,9
53391030,9
53391031,9
53391032,9
53391033,9
53391034,9
53391035,9
53391036,9
53391037,9
53391038,9
53391039,9
53391040,9
53391041,9
53391042,9
53391043,9
53391044,9
53391045,9
53391046,9
53391047,9
53391048,9
53391049,9
53391050,9
53391051,9
53391052,9
53391053,9
53391054,9
53391055,9
53391056,9
53391057,9
53391058,9
53391059,9
53391060,8|9
53391061,9
53391062,9
53391063,9
53391064,9
53391065,9
53391066,9
53391067,9
53391068,9
53391069,9
53391070,8|9
53391071,8|9
53391072,8|9
53391073,9
53391074,9
53391075,9
53391076,9
53391077,9
53391078,9
53391079,9
53391080,8
53391081,8
53391082,8|9
53391083,8|9
53391084,9
53391085,9
53391086,9
53391087,9
53391088,9
53391089,9
53391090,8
53391091,8
53391092,8
53391093,8|9
53391094,9
53391095,9
53391096,9
53391097,9
53391098,9
53391099,9
533911,9
533912,9
533913,9
533914,9
533915,9
533916,9
533917,9
53392000,8
53392001,8
53392002,8
53392003,8|9
53392004,8|9
53392005,8|9
53392006,9
53392007,9
53392008,9
53392009,9
53392010,8
53392011,8
53392012,8
53392013,8|9
53392014,8|9
53392015,8|9
53392016,8|9
53392017,8|9
53392018,9
53392019,9
53392020,8
53392021,8
53392022,8
53392023,8
53392024,8
53392025,8
53392026,8
53392027,8|9
53392028,8|9
53392029,9
53392030,8
53392031,8
53392032,8
53392033,8
53392034,8
53392035,8
53392036,8
53392037,8
53392038,8|9
53392039,9
53392040,8
53392041,8
53392042,8
53392043,8
53392044,8
53392045,8
53392046,8
53392047,8
53392048,8|9
53392049,8|9
53392050,8
53392051,8
53392052,8
53392053,8
53392054,8
53392055,8
53392056,8
53392057,8
53392058,8|9
53392059,8|9
53392060,8
53392061,8
53392062,8
53392063,8
53392064,8
53392065,8
53392066,8
53392067,8
53392068,8|9
53392069,8|9
53392070,8
53392071,8
53392072,8
53392073,8
53392074,8
53392075,8
53392076,8
53392077,8
53392078,8
53392079,8|9
53392080,8
53392081,8
53392082,8
53392083,8
53392084,8
53392085,8
53392086,8
53392087,8
53392088,8
53392089,8
53392090,8
53392091,8
53392092,8
53392093,8
53392094,8
53392095,8
53392096,8
53392097,8
53392098,8
53392099,8|9
53392100,9
53392101,9
53392102,9
53392103,9
53392104,9
53392105,9
53392106,9
53392107,9
53392108,9
53392109,9
53392110,9
53392111,9
53392112,9
53392113,9
53392114,9
53392115,9
53392116,9
53392117,9
53392118,9
53392119,9
53392120,9
53392121,9
53392122,9
53392123,9
53392124,9
53392125,9
53392126,9
53392127,9
53392128,9
53392129,9
53392130,9
53392131,9
53392132,9
53392133,9
53392134,9
53392135,9
53392136,9
53392137,9
53392138,9
53392139,9
53392140,9
53392141,9
53392142,9
53392143,9
53392144,9
53392145,9
53392146,9
53392147,9
53392148,9
53392149,9
53392150,9
53392151,9
53392152,9
53392153,9
53392154,9
53392155,9
53392156,9
53392157,9
53392158,9
53392159,9
53392160,9
53392161,9
53392162,9
53392163,9
53392164,9
53392165,9
53392166,9
53392167,9
53392168,9
53392169,9
53392170,8|9
53392171,9
53392172,9
53392173,9
53392174,9
53392175,9
53392176,9
53392177,9
53392178,9
53392179,9
53392180,8|9
53392181,9
53392182,9
53392183,9
53392184,9
53392185,9
53392186,9
53392187,9
53392188,9
53392189,9
53392190,8|9
53392191,9
53392192,9
53392193,9
53392194,9
53392195,9
53392196,9
53392197,9
53392198,9
53392199,9
533922,9
533923,9
533924,9
533925,9
533926,9
53393000,8
53393001,8
53393002,8
53393003,8
53393004,8
53393005,8
53393006,8
53393007,8
53393008,8
53393009,8|9
53393010,8
53393011,8
53393012,8
53393013,8
53393014,8
53393015,8
53393016,8
53393017,8
53393018,8
53393019,8|9
53393020,8
53393021,8
53393022,8
53393023,8
53393024,8
53393025,8
53393026,8
53393027,8
53393028,8
53393029,8
53393030,8
53393031,8
53393032,8
53393033,8
53393034,8
53393035,8
53393036,8
53393037,8
53393038,8
53393039,8
53393040,8
53393041,8
53393042,8
53393043,8
53393044,8
53393045,8
53393046,8
53393047,8
53393048,8
53393049,8|9
53393050,8
53393051,8
53393052,8
53393053,8
53393054,8
53393055,8
53393056,8
53393057,8
53393058,8
53393059,8|9
53393060,8
53393061,8
53393062,8
53393063,8
53393064,8
53393065,8
53393066,8
53393067,8
53393068,8
53393069,8|9
53393070,8
53393071,8
53393072,8
53393073,8
53393074,8
53393075,8
53393076,8
53393077,8
53393078,8
53393079,8|9
53393080,8
53393081,8
53393082,8
53393083,8
53393084,8
53393085,8
53393086,8
53393087,8
53393088,8
53393089,8|9
53393090,8
53393091,8
53393092,8
53393093,8
53393094,8
53393095,8
53393096,8
53393097,8
53393098,8
53393099,8|9
53393100,8|9
53393101,9
53393102,9
53393103,9
53393104,9
53393105,9
53393106,9
53393107,9
53393108,9
53393109,9
53393110,8|9
53393111,9
53393112,9
53393113,9
53393114,9
53393115,9
53393116,9
53393117,9
53393118,9
53393119,9
53393120,8|9
53393121,9
53393122,9
53393123,9
53393124,9
53393125,9
53393126,9
53393127,9
53393128,9
53393129,9
53393130,8|9
53393131,9
53393132,9
53393133,9
53393134,9
53393135,9
53393136,9
53393137,9
53393138,9
53393139,9
53393140,8|9
53393141,9
53393142,9
53393143,9
53393144,9
53393145,9
53393146,9
53393147,9
53393148,9
53393149,9
53393150,9
53393151,9
53393152,9
53393153,9
53393154,9
53393155,9
53393156,9
53393157,9
53393158,9
53393159,9
53393160,8|9
53393161,9
53393162,9
53393163,9
53393164,9
53393165,9
53393166,9
53393167,9
53393168,9
53393169,9
53393170,8|9
53393171,9
53393172,9
53393173,9
53393174,9
53393175,9
53393176,9
53393177,9
53393178,9
53393179,9
53393180,9
53393181,9
53393182,9
53393183,9
53393184,9
53393185,9
53393186,9
53393187,9
53393188,9
53393189,9
53393190,8|9
53393191,9
53393192,9
53393193,9
53393194,9
53393195,9
53393196,9
53393197,9
53393198,9
53393199,9
533932,9
533933,9
533934,9
533935,9
533936,9
533937,9
53394000,8
53394001,8
53394002,8
53394003,8
53394004,8
53394005,8
53394006,8
53394007,8
53394008,8
53394009,8
53394010,8
53394011,8
53394012,8
53394013,8
53394014,8
53394015,8
53394016,8
53394017,8
53394018,8
53394019,8|9
53394020,8
53394021,8
53394022,8
53394023,8
53394024,8
53394025,8
53394026,8
53394027,8|9
53394028,8|9
53394029,8|9
53394030,8
53394031,8
53394032,8
53394033,8
53394034,8
53394035,8|9
53394036,8|9
53394037,8|9
53394038,8|9
53394039,9
53394040,8
53394041,8
53394042,8
53394043,8|9
53394044,8|9
53394045,8|9
53394046,9
53394047,9
53394048,9
53394049,9
53394050,8
53394051,8
53394052,8|9
53394053,8|9
53394054,9
53394055,9
53394056,9
53394057,9
53394058,9
53394059,9
53394060,8
53394061,8|9
53394062,8|9
53394063,9
53394064,9
53394065,9
53394066,9
53394067,9
53394068,9
53394069,9
53394070,8
53394071,8|9
53394072,9
53394073,9
53394074,9
53394075,9
53394076,9
53394077,9
53394078,9
53394079,9
53394080,8|9
53394081,8|9
53394082,9
53394083,9
53394084,9
53394085,9
53394086,9
53394087,9
53394088,9
53394089,9
53394090,8|9
53394091,9
53394092,9
53394093,9
53394094,9
53394095,9
53394096,9
53394097,9
53394098,9
53394099,9
53394100,8|9
53394101,9
53394102,9
53394103,9
53394104,9
53394105,9
53394106,9
53394107,9
53394108,9
53394109,9
53394110,8|9
53394111,9
53394112,9
53394113,9
53394114,9
53394115,9
53394116,9
53394117,9
53394118,9
53394119,9
53394120,9
53394121,9
53394122,9
53394123,9
53394124,9
53394125,9
53394126,9
53394127,9
53394128,9
53394129,9
53394130,9
53394131,9
53394132,9
53394133,9
53394134,9
53394135,9
53394136,9
53394137,9
53394138,9
53394139,9
53394140,9
53394141,9
53394142,9
53394143,9
53394144,9
53394145,9
53394146,9
53394147,9
53394148,9
53394149,9
53394150,9
53394151,9
53394152,9
53394153,9
53394154,9
53394155,9
53394156,9
53394157,9
53394158,9
53394159,9
53394160,9
53394161,9
53394162,9
53394163,9
53394164,9
53394165,9
53394166,9
53394167,9
53394168,9
53394169,9
53394170,9
53394171,9
53394172,9
53394173,9
53394174,9
53394175,9
53394176,9
53394177,9
53394178,9
53394179,9
53394180,9
53394181,9
53394182,9
53394183,9
53394184,9
53394185,9
53394186,9
53394187,9
53394188,9
53394189,9
53394190,9
53394191,9
53394192,9
53394193,9
53394194,9
53394195,9
53394196,9
53394197,9
53394198,9
53394199,9
533942,9
533943,9
533944,9
533945,9
533946,9
53394700,9
53394701,9
53394702,9
53394703,9
53394704,9
53394705,9
53394706,0|9
53394707,0|9
53394708,0|9
53394709,9
53394710,9
53394711,9
53394712,9
53394713,9
53394714,9
53394715,9
53394716,9
53394717,9
53394718,9
53394719,9
53394720,9
53394721,9
53394722,9
53394723,9
53394724,9
53394725,9
53394726,9
53394727,9
53394728,9
53394729,9
53394730,9
53394731,9
53394732,9
53394733,9
53394734,9
53394735,9
53394736,9
53394737,9
53394738,9
53394739,9
53394740,9
53394741,9
53394742,9
53394743,9
53394744,9
53394745,9
53394746,9
53394747,9
53394748,9
53394749,9
53394750,9
53394751,9
53394752,9
53394753,9
53394754,9
53394755,9
53394756,9
53394757,9
53394758,9
53394759,9
53394760,9
53394761,9
53394762,9
53394763,9
53394764,9
53394765,9
53394766,9
53394767,9
53394768,9
53394769,9
53394770,9
53394771,9
53394772,9
53394773,9
53394774,9
53394775,9
53394776,9
53394777,9
53394778,9
53394779,9
53394780,9
53394781,9
53394782,9
53394783,9
53394784,9
53394785,9
53394786,9
53394787,9
53394788,9
53394789,9
53394790,9
53394791,9
53394792,9
53394793,9
53394794,9
53394795,9
53394796,9
53394797,9
53394798,9
53394799,9
53395000,8|9
53395001,9
53395002,9
53395003,9
53395004,9
53395005,9
53395006,9
53395007,9
53395008,9
53395009,9
53395010,9
53395011,9
53395012,9
53395013,9
53395014,9
53395015,9
53395016,9
53395017,9
53395018,9
53395019,9
53395020,9
53395021,9
53395022,9
53395023,9
53395024,9
53395025,9
53395026,9
53395027,9
53395028,9
53395029,9
53395030,9
53395031,9
53395032,9
53395033,9
53395034,9
53395035,9
53395036,9
53395037,9
53395038,9
53395039,9
53395040,9
53395041,9
53395042,9
53395043,9
53395044,9
53395045,9
53395046,9
53395047,9
53395048,9
53395049,9
53395050,9
53395051,9
53395052,9
53395053,9
53395054,9
53395055,9
53395056,9
53395057,9
53395058,9
53395059,9
53395060,9
53395061,9
53395062,9
53395063,9
53395064,9
53395065,9
53395066,9
53395067,9
53395068,9
53395069,9
53395070,9
53395071,9
53395072,9
53395073,9
53395074,9
53395075,9
53395076,9
53395077,9
53395078,9
53395079,9
53395080,9
53395081,9
53395082,9
53395083,9
53395084,9
53395085,9
53395086,9
53395087,9
53395088,9
53395089,9
53395090,9
53395091,9
53395092,9
53395093,9
53395094,9
53395095,9
53395096,9
53395097,9
53395098,9
53395099,9
533951,9
533952,9
533953,9
533954,9
533955,9
533956,9
533957,9
533960,9
533961,9
533962,9
533963,9
533964,9
533965,9
533966,9
533967,9
533970,9
533971,9
533972,9
533973,9
533974,9
533975,9
533976,9
533977,9
534000,9
534001,9
534002,9
534003,9
534010,9
534011,9
534012,9
534013,9
534020,9
534021,9
534022,9
534023,9
534024,9
534030,9
534031,9
534032,9
534033,9
534034,9
534040,9
534041,9
534042,9
534043,9
534044,9
534045,9
534046,9
534047,9
534050,9
534051,9
534052,9
534053,9
534054,9
534055,9
534056,9
534060,9
534061,9
534062,9
534063,9
534064,9
534065,9
534066,9
534070,9
534071,9
534072,9
534073,9
534074,9
534075,9
543207,3
543217,3
543300,3
543301,3
543310,3
543311,3
543312,3
543321,3
543322,3
543323,3
543331,3
543332,3
543333,3
543341,3
543342,3
543507,6
543600,6
543601,6
543602,6
543603,6
543604,6
54360500,6
54360501,6
54360502,6
54360503,6
54360504,6
54360505,6
54360506,6
54360507,6
54360508,6|7
54360509,7
54360510,6
54360511,6
54360512,6
54360513,6
54360514,6
54360515,6
54360516,6
54360517,6
54360518,6|7
54360519,7
54360520,6
54360521,6
54360522,6
54360523,6
54360524,6
54360525,6
54360526,6
54360527,6
54360528,6|7
54360529,7
54360530,6
54360531,6
54360532,6
54360533,6
54360534,6
54360535,6
54360536,6
54360537,6
54360538,6|7
54360539,7
54360540,6
54360541,6
54360542,6
54360543,6
54360544,6
54360545,6
54360546,6
54360547,6
54360548,6|7
54360549,7
54360550,6
54360551,6
54360552,6
54360553,6
54360554,6
54360555,6
54360556,6
54360557,6
54360558,6|7
54360559,7
54360560,6
54360561,6
54360562,6
54360563,6
54360564,6
54360565,6
54360566,6
54360567,6
54360568,6|7
54360569,6|7
54360570,6
54360571,6
54360572,6
54360573,6
54360574,6
54360575,6
54360576,6
54360577,6
54360578,6
54360579,6|7
54360580,6
54360581,6
54360582,6|7
54360583,6|7
54360584,6|7
54360585,6|7
54360586,6|7
54360587,6
54360588,6
54360589,6
54360590,6
54360591,6
54360592,6|7
54360593,7
54360594,7
54360595,7
54360596,6|7
54360597,6|7
54360598,6|7
54360599,6|7
54360600,7
54360601,7
54360602,7
54360603,7
54360604,7
54360605,7
54360606,7
54360607,7
54360608,7
54360609,7
54360610,7
54360611,7
54360612,7
54360613,7
54360614,7
54360615,7
54360616,7
54360617,7
54360618,7
54360619,7
54360620,7
54360621,7
54360622,7
54360623,7
54360624,7
54360625,7
54360626,7
54360627,7
54360628,7
54360629,7
54360630,7
54360631,7
54360632,7
54360633,7
54360634,7
54360635,7
54360636,7
54360637,7
54360638,7
54360639,7
54360640,7
54360641,7
54360642,7
54360643,7
54360644,7
54360645,7
54360646,7
54360647,7
54360648,7
54360649,7
54360650,7
54360651,7
54360652,7
54360653,7
54360654,7
54360655,7
54360656,7
54360657,7
54360658,7
54360659,7
54360660,7
54360661,7
54360662,7
54360663,7
54360664,7
54360665,7
54360666,7
54360667,7
54360668,7
54360669,7
54360670,6|7
54360671,7
54360672,7
54360673,7
54360674,7
54360675,7
54360676,7
54360677,7
54360678,7
54360679,7
54360680,6|7
54360681,6|7
54360682,7
54360683,7
54360684,7
54360685,7
54360686,7
54360687,7
54360688,7
54360689,7
54360690,6|7
54360691,6|7
54360692,7
54360693,7
54360694,7
54360695,7
54360696,7
54360697,7
54360698,7
54360699,7
543607,7
543610,6
543611,6
54361200,6
54361201,6
54361202,6
54361203,6
54361204,6
54361205,6
54361206,6
54361207,6
54361208,6
54361209,6
54361210,6
54361211,6
54361212,6
54361213,6
54361214,6
54361215,6
54361216,6
54361217,6
54361218,6
54361219,6
54361220,6
54361221,6
54361222,6
54361223,6
54361224,6
54361225,6
54361226,6
54361227,6
54361228,6
54361229,6
54361230,6
54361231,6
54361232,6
54361233,6
54361234,6
54361235,6
54361236,6
54361237,6
54361238,6
54361239,6
54361240,6
54361241,6
54361242,6
54361243,6
54361244,6
54361245,6
54361246,6
54361247,6
54361248,6
54361249,6
54361250,6
54361251,6
54361252,6
54361253,6
54361254,6
54361255,6
54361256,6
54361257,6
54361258,6
54361259,6
54361260,6
54361261,6
54361262,6
54361263,6
54361264,6
54361265,6
54361266,6
54361267,6
54361268,6
54361269,6
54361270,6
54361271,6
54361272,6
54361273,6
54361274,6
54361275,6
54361276,6
54361277,6
54361278,6
54361279,6
54361280,6
54361281,6
54361282,6
54361283,6
54361284,6
54361285,6
54361286,6
54361287,6
54361288,6
54361289,6
54361290,6
54361291,6
54361292,6
54361293,6
54361294,6
54361295,6
54361296,6
54361297,6
54361298,6|7
54361299,6|7
54361300,6
54361301,6
54361302,6
54361303,6
54361304,6
54361305,6
54361306,6
54361307,6
54361308,6
54361309,6
54361310,6
54361311,6
54361312,6
54361313,6
54361314,6
54361315,6
54361316,6
54361317,6
54361318,6
54361319,6
54361320,6
54361321,6
54361322,6
54361323,6
54361324,6
54361325,6
54361326,6
54361327,6
54361328,6
54361329,6
54361330,6
54361331,6
54361332,6
54361333,6
54361334,6
54361335,6
54361336,6
54361337,6
54361338,6
54361339,6
54361340,6
54361341,6
54361342,6
54361343,6
54361344,6
54361345,6
54361346,6
54361347,6
54361348,6
54361349,6
54361350,6
54361351,6
54361352,6
54361353,6
54361354,6
54361355,6
54361356,6
54361357,6
54361358,6
54361359,6
54361360,6
54361361,6
54361362,6
54361363,6
54361364,6
54361365,6|7
54361366,6|7
54361367,6|7
54361368,6
54361369,6
54361370,6
54361371,6
54361372,6
54361373,6
54361374,6|7
54361375,6|7
54361376,7
54361377,6|7
54361378,6|7
54361379,6|7
54361380,6
54361381,6
54361382,6
54361383,6|7
54361384,6|7
54361385,7
54361386,7
54361387,7
54361388,6|7
54361389,6|7
54361390,6
54361391,6
54361392,6|7
54361393,6|7
54361394,7
54361395,7
54361396,7
54361397,7
54361398,6|7
54361399,6|7
54361400,6
54361401,6
54361402,6
54361403,6
54361404,6
54361405,6
54361406,6
54361407,6
54361408,6
54361409,6
54361410,6
54361411,6
54361412,6
54361413,6
54361414,6
54361415,6
54361416,6
54361417,6
54361418,6
54361419,6
54361420,6
54361421,6
54361422,6
54361423,6
54361424,6
54361425,6
54361426,6
54361427,6
54361428,6
54361429,6|7
54361430,6
54361431,6
54361432,6
54361433,6
54361434,6
54361435,6
54361436,6
54361437,6
54361438,6|7
54361439,6|7
54361440,6
54361441,6
54361442,6
54361443,6
54361444,6
54361445,6
54361446,6
54361447,6
54361448,6|7
54361449,7
54361450,6
54361451,6
54361452,6
54361453,6
54361454,6
54361455,6
54361456,6|7
54361457,6|7
54361458,6|7
54361459,7
54361460,6
54361461,6
54361462,6
54361463,6
54361464,6
54361465,6
54361466,6|7
54361467,7
54361468,7
54361469,7
54361470,6|7
54361471,6|7
54361472,6|7
54361473,6
54361474,6|7
54361475,6|7
54361476,6|7
54361477,7
54361478,7
54361479,7
54361480,7
54361481,6|7
54361482,6|7
54361483,6|7
54361484,6|7
54361485,7
54361486,7
54361487,7
54361488,7
54361489,7
54361490,7
54361491,7
54361492,7
54361493,7
54361494,7
54361495,7
54361496,7
54361497,7
54361498,7
54361499,7
54361500,6
54361501,6
54361502,6|7
54361503,7
54361504,7
54361505,7
54361506,7
54361507,7
54361508,7
54361509,6|7
54361510,6|7
54361511,6|7
54361512,6|7
54361513,7
54361514,7
54361515,7
54361516,7
54361517,7
54361518,7
54361519,7
54361520,6|7
54361521,7
54361522,7
54361523,7
54361524,7
54361525,7
54361526,7
54361527,7
54361528,7
54361529,7
54361530,7
54361531,7
54361532,7
54361533,7
54361534,7
54361535,7
54361536,7
54361537,7
54361538,7
54361539,7
54361540,7
54361541,7
54361542,7
54361543,7
54361544,7
54361545,7
54361546,7
54361547,7
54361548,7
54361549,7
54361550,7
54361551,7
54361552,7
54361553,7
54361554,7
54361555,7
54361556,7
54361557,7
54361558,7
54361559,7
54361560,7
54361561,7
54361562,7
54361563,7
54361564,7
54361565,7
54361566,7
54361567,7
54361568,7
54361569,7
54361570,7
54361571,7
54361572,7
54361573,7
54361574,7
54361575,7
54361576,7
54361577,7
54361578,7
54361579,7
54361580,7
54361581,7
54361582,7
54361583,7
54361584,7
54361585,7
54361586,7
54361587,7
54361588,7
54361589,7
54361590,7
54361591,7
54361592,7
54361593,7
54361594,7
54361595,7
54361596,7
54361597,7
54361598,7
54361599,7
54361600,6|7
54361601,7
54361602,7
54361603,7
54361604,7
54361605,7
54361606,7
54361607,7
54361608,7
54361609,7
54361610,7
54361611,7
54361612,7
54361613,7
54361614,7
54361615,7
54361616,7
54361617,7
54361618,7
54361619,7
54361620,7
54361621,7
54361622,7
54361623,7
54361624,7
54361625,7
54361626,7
54361627,7
54361628,7
54361629,7
54361630,7
54361631,7
54361632,7
54361633,7
54361634,7
54361635,7
54361636,7
54361637,7
54361638,7
54361639,7
54361640,7
54361641,7
54361642,7
54361643,7
54361644,7
54361645,7
54361646,7
54361647,7
54361648,7
54361649,7
54361650,7
54361651,7
54361652,7
54361653,7
54361654,7
54361655,7
54361656,7
54361657,7
54361658,7
54361659,7
54361660,7
54361661,7
54361662,7
54361663,7
54361664,7
54361665,7
54361666,7
54361667,7
54361668,7
54361669,7
54361670,7
54361671,7
54361672,7
54361673,7
54361674,7
54361675,7
54361676,7
54361677,7
54361678,7
54361679,7
54361680,7
54361681,7
54361682,7
54361683,7
54361684,7
54361685,7
54361686,7
54361687,7
54361688,7
54361689,7
54361690,7
54361691,7
54361692,7
54361693,7
54361694,7
54361695,7
54361696,7
54361697,7
54361698,7
54361699,7
543617,7
543620,6
543621,6
54362200,6
54362201,6
54362202,6
54362203,6
54362204,6
54362205,6
54362206,6
54362207,6|7
54362208,6|7
54362209,6|7
54362210,6
54362211,6
54362212,6
54362213,6
54362214,6
54362215,6
54362216,6
54362217,6|7
54362218,7
54362219,7
54362220,6
54362221,6
54362222,6
54362223,6
54362224,6
54362225,6
54362226,6|7
54362227,6|7
54362228,7
54362229,7
54362230,6
54362231,6
54362232,6
54362233,6
54362234,6
54362235,6
54362236,6|7
54362237,7
54362238,7
54362239,7
54362240,6
54362241,6
54362242,6
54362243,6
54362244,6
54362245,6
54362246,6|7
54362247,7
54362248,7
54362249,7
54362250,6
54362251,6
54362252,6
54362253,6
54362254,6
54362255,6
54362256,6|7
54362257,7
54362258,7
54362259,7
54362260,6
54362261,6
54362262,6
54362263,6
54362264,6
54362265,6
54362266,6|7
54362267,7
54362268,7
54362269,7
54362270,6
54362271,6
54362272,6
54362273,6
54362274,6
54362275,6|7
54362276,6|7
54362277,7
54362278,7
54362279,7
54362280,6
54362281,6
54362282,6
54362283,6
54362284,6
54362285,6|7
54362286,7
54362287,7
54362288,7
54362289,7
54362290,6
54362291,6
54362292,6
54362293,6
54362294,6|7
54362295,6|7
54362296,7
54362297,7
54362298,7
54362299,7
54362300,6|7
54362301,6|7
54362302,6|7
54362303,6|7
54362304,7
54362305,7
54362306,7
54362307,7
54362308,7
54362309,7
54362310,7
54362311,7
54362312,7
54362313,7
54362314,7
54362315,7
54362316,7
54362317,7
54362318,7
54362319,7
54362320,7
54362321,7
54362322,7
54362323,7
54362324,7
54362325,7
54362326,7
54362327,7
54362328,7
54362329,7
54362330,7
54362331,7
54362332,7
54362333,7
54362334,7
54362335,7
54362336,7
54362337,7
54362338,7
54362339,7
54362340,7
54362341,7
54362342,7
54362343,7
54362344,7
54362345,7
54362346,7
54362347,7
54362348,7
54362349,7
54362350,7
54362351,7
54362352,7
54362353,7
54362354,7
54362355,7
54362356,7
54362357,7
54362358,7
54362359,7
54362360,7
54362361,7
54362362,7
54362363,7
54362364,7
54362365,7
54362366,7
54362367,7
54362368,7
54362369,7
54362370,7
54362371,7
54362372,7
54362373,7
54362374,7
54362375,7
54362376,7
54362377,7
54362378,7
54362379,7
54362380,7
54362381,7
54362382,7
54362383,7
54362384,7
54362385,7
54362386,7
54362387,7
54362388,7
54362389,7
54362390,7
54362391,7
54362392,7
54362393,7
54362394,7
54362395,7
54362396,7
54362397,7
54362398,7
54362399,7
543624,7
543625,7
543626,7
543627,7
543630,6
54363100,6
54363101,6
54363102,6
54363103,6
54363104,6
54363105,6
54363106,6
54363107,6
54363108,6
54363109,6
54363114,6
54363115,6
54363116,6
54363117,6
54363118,6
54363119,6
54363126,6
54363127,6
54363128,6
54363129,6
54363137,6
54363138,6
54363139,6
54363148,6
54363149,6
54363159,6|7
54363169,7
54363200,6
54363201,6
54363202,6
54363203,6|7
54363204,6|7
54363205,7
54363206,7
54363207,7
54363208,7
54363209,7
54363210,6
54363211,6|7
54363212,6|7
54363213,6|7
54363214,7
54363215,7
54363216,7
54363217,7
54363218,7
54363219,7
54363220,6|7
54363221,6|7
54363222,7
54363223,7
54363224,7
54363225,7
54363226,7
54363227,7
54363228,7
54363229,7
54363230,6|7
54363231,6|7
54363232,7
54363233,7
54363234,7
54363235,7
54363236,7
54363237,7
54363238,7
54363239,7
54363240,6|7
54363241,7
54363242,7
54363243,7
54363244,7
54363245,7
54363246,7
54363247,7
54363248,7
54363249,7
54363250,6|7
54363251,7
54363252,7
54363253,7
54363254,7
54363255,7
54363256,7
54363257,7
54363258,7
54363259,7
54363260,7
54363261,7
54363262,7
54363263,7
54363264,7
54363265,7
54363266,7
54363267,7
54363268,7
54363269,7
54363271,7
54363272,7
54363273,7
54363274,7
54363275,7
54363276,7
54363277,7
54363278,7
54363279,7
54363281,7
54363282,7
54363283,7
54363284,7
54363285,7
54363286,7
54363287,7
54363288,7
54363289,7
54363292,7
54363293,7
54363294,7
54363295,7
54363296,7
54363297,7
54363298,7
54363299,7
543633,7
543634,7
543635,7
543636,7
543637,7
543642,7
543643,7
543644,7
543645,7
543646,7
543647,7
543653,7
543654,7
543655,7
543656,7
543657,7
543663,7
543664,7
543665,7
543666,7
543667,7
543674,7
543675,7
543676,7
543677,7
543700,7
543701,7
543702,7
543703,7
54370400,7
54370401,7
54370402,7
54370403,7
54370404,7
54370405,7
54370406,7|8
54370407,7|8
54370408,8
54370409,8
54370410,7
54370411,7
54370412,7
54370413,7
54370414,7
54370415,7
54370416,7
54370417,7|8
54370418,8
54370419,8
54370420,7
54370421,7
54370422,7
54370423,7
54370424,7
54370425,7
54370426,7
54370427,7|8
54370428,8
54370429,8
54370430,7
54370431,7
54370432,7
54370433,7
54370434,7
54370435,7
54370436,7
54370437,7|8
54370438,7|8
54370439,8
54370440,7
54370441,7
54370442,7
54370443,7
54370444,7
54370445,7
54370446,7
54370447,7|8
54370448,8
54370449,8
54370450,7
54370451,7
54370452,7
54370453,7
54370454,7
54370455,7
54370456,7
54370457,7|8
54370458,7|8
54370459,8
54370460,7
54370461,7
54370462,7
54370463,7
54370464,7
54370465,7
54370466,7
54370467,7
54370468,7|8
54370469,8
54370470,7
54370471,7
54370472,7
54370473,7
54370474,7
54370475,7
54370476,7
54370477,7
54370478,7|8
54370479,7|8
54370480,7
54370481,7
54370482,7
54370483,7
54370484,7
54370485,7
54370486,7
54370487,7
54370488,7|8
54370489,7|8
54370490,7
54370491,7
54370492,7
54370493,7
54370494,7
54370495,7
54370496,7|8
54370497,7|8
54370498,7|8
54370499,7|8
543705,8
543706,8
543707,8
543710,7
543711,7
543712,7
543713,7
54371400,7
54371401,7
54371402,7
54371403,7
54371404,7
54371405,7|8
54371406,7|8
54371407,8
54371408,8
54371409,8
54371410,7
54371411,7
54371412,7
54371413,7
54371414,7|8
54371415,7|8
54371416,8
54371417,8
54371418,8
54371419,8
54371420,7
54371421,7
54371422,7
54371423,7
54371424,7|8
54371425,8
54371426,8
54371427,8
54371428,8
54371429,8
54371430,7
54371431,7
54371432,7
54371433,7
54371434,7|8
54371435,8
54371436,8
54371437,8
54371438,8
54371439,8
54371440,7
54371441,7
54371442,7
54371443,7
54371444,7|8
54371445,8
54371446,8
54371447,8
54371448,8
54371449,8
54371450,7
54371451,7
54371452,7
54371453,7
54371454,7|8
54371455,8
54371456,8
54371457,8
54371458,8
54371459,8
54371460,7
54371461,7
54371462,7
54371463,7
54371464,7|8
54371465,8
54371466,8
54371467,8
54371468,8
54371469,8
54371470,7
54371471,7
54371472,7
54371473,7
54371474,7|8
54371475,7|8
54371476,8
54371477,8
54371478,8
54371479,8
54371480,7
54371481,7
54371482,7
54371483,7
54371484,7
54371485,7|8
54371486,7|8
54371487,8
54371488,8
54371489,8
54371490,7
54371491,7
54371492,7
54371493,7
54371494,7
54371495,7
54371496,7|8
54371497,7|8
54371498,8
54371499,8
543715,8
543716,8
543717,8
543720,7
543721,7
543722,7
543723,7
54372400,7
54372401,7
54372402,7
54372403,7
54372404,7
54372405,7
54372406,7
54372407,7|8
54372408,8
54372409,8
54372410,7
54372411,7
54372412,7
54372413,7
54372414,7
54372415,7
54372416,7
54372417,7|8
54372418,8
54372419,8
54372420,7
54372421,7
54372422,7
54372423,7
54372424,7
54372425,7
54372426,7
54372427,7|8
54372428,8
54372429,8
54372430,7
54372431,7
54372432,7
54372433,7
54372434,7
54372435,7
54372436,7|8
54372437,7|8
54372438,8
54372439,8
54372440,7
54372441,7
54372442,7
54372443,7
54372444,7
54372445,7|8
54372446,7|8
54372447,8
54372448,8
54372449,8
54372450,7
54372451,7
54372452,7
54372453,7
54372454,7
54372455,7|8
54372456,7|8
54372457,8
54372458,8
54372459,8
54372460,7
54372461,7
54372462,7
54372463,7
54372464,7
54372465,7|8
54372466,7|8
54372467,8
54372468,8
54372469,8
54372470,7
54372471,7
54372472,7
54372473,7
54372474,7
54372475,7
54372476,7|8
54372477,7|8
54372478,8
54372479,8
54372480,7
54372481,7
54372482,7
54372483,7
54372484,7
54372485,7
54372486,7
54372487,7|8
54372488,8
54372489,8
54372490,7
54372491,7
54372492,7
54372493,7
54372494,7
54372495,7
54372496,7
54372497,7|8
54372498,7|8
54372499,8
543725,8
543726,8
543727,8
543730,7
543731,7
543732,7
543733,7
54373400,7
54373401,7
54373402,7
54373403,7
54373404,7
54373405,7
54373406,7
54373407,7
54373408,7|8
54373409,7|8
54373410,7
54373411,7
54373412,7
54373413,7
54373414,7
54373415,7
54373416,7
54373417,7
54373418,7
54373419,7|8
54373420,7
54373421,7
54373422,7
54373423,7
54373424,7
54373425,7
54373426,7
54373427,7
54373428,7
54373429,7|8
54373430,7
54373431,7
54373432,7
54373433,7
54373434,7
54373435,7
54373436,7
54373437,7
54373438,7
54373439,7
54373440,7
54373441,7
54373442,7
54373443,7
54373444,7
54373445,7
54373446,7
54373447,7
54373448,7
54373449,7
54373450,7
54373451,7
54373452,7
54373453,7
54373454,7
54373455,7
54373456,7
54373457,7
54373458,7
54373459,7
54373460,7
54373461,7
54373462,7
54373463,7
54373464,7
54373465,7
54373466,7
54373467,7
54373468,7
54373469,7
54373470,7
54373471,7
54373472,7
54373473,7
54373474,7
54373475,7
54373476,7
54373477,7
54373478,7
54373479,7
54373480,7
54373481,7
54373482,7
54373483,7
54373484,7
54373485,7
54373486,7
54373487,7
54373488,7
54373489,7
54373490,7
54373491,7
54373492,7
54373493,7
54373494,7
54373495,7
54373496,7
54373497,7
54373498,7
54373499,7
54373500,8
54373501,8
54373502,8
54373503,8
54373504,8
54373505,8
54373506,8
54373507,8
54373508,8
54373509,8
54373510,8
54373511,8
54373512,8
54373513,8
54373514,8
54373515,8
54373516,8
54373517,8
54373518,8
54373519,8
54373520,7|8
54373521,8
54373522,8
54373523,8
54373524,8
54373525,8
54373526,8
54373527,8
54373528,8
54373529,8
54373530,7|8
54373531,8
54373532,8
54373533,8
54373534,8
54373535,8
54373536,8
54373537,8
54373538,8
54373539,8
54373540,7|8
54373541,7|8
54373542,8
54373543,8
54373544,8
54373545,8
54373546,8
54373547,8
54373548,8
54373549,8
54373550,7
54373551,7|8
54373552,8
54373553,8
54373554,8
54373555,8
54373556,8
54373557,8
54373558,8
54373559,8
54373560,7
54373561,7|8
54373562,7|8
54373563,8
54373564,8
54373565,8
54373566,8
54373567,8
54373568,8
54373569,8
54373570,7
54373571,7|8
54373572,7|8
54373573,8
54373574,8
54373575,8
54373576,8
54373577,8
54373578,8
54373579,8
54373580,7
54373581,7
54373582,7|8
54373583,8
54373584,8
54373585,8
54373586,8
54373587,8
54373588,8
54373589,8
54373590,7
54373591,7|8
54373592,7|8
54373593,8
54373594,8
54373595,8
54373596,8
54373597,8
54373598,8
54373599,8
543736,8
543737,8
543740,7
543741,7
543742,7
543743,7
54374400,7
54374401,7
54374402,7
54374403,7
54374404,7
54374405,7
54374406,7
54374407,7
54374408,7
54374409,7
54374410,7
54374411,7
54374412,7
54374413,7
54374414,7
54374415,7
54374416,7
54374417,7
54374418,7
54374419,7
54374420,7
54374421,7
54374422,7
54374423,7
54374424,7
54374425,7
54374426,7
54374427,7
54374428,7
54374429,7|8
54374430,7
54374431,7
54374432,7
54374433,7
54374434,7
54374435,7
54374436,7
54374437,7
54374438,7|8
54374439,7|8
54374440,7
54374441,7
54374442,7
54374443,7
54374444,7
54374445,7
54374446,7|8
54374447,7|8
54374448,7|8
54374449,7|8
54374450,7
54374451,7
54374452,7
54374453,7
54374454,7
54374455,7
54374456,7|8
54374457,7|8
54374458,8
54374459,8
54374460,7
54374461,7
54374462,7
54374463,7
54374464,7
54374465,7
54374466,7|8
54374467,7|8
54374468,8
54374469,8
54374470,7
54374471,7
54374472,7
54374473,7
54374474,7
54374475,7
54374476,7
54374477,7|8
54374478,7|8
54374479,8
54374480,7
54374481,7
54374482,7
54374483,7
54374484,7
54374485,7
54374486,7
54374487,7
54374488,7|8
54374489,8
54374490,7
54374491,7
54374492,7
54374493,7
54374494,7
54374495,7
54374496,7
54374497,7
54374498,7|8
54374499,8
54374500,7
54374501,7|8
54374502,8
54374503,8
54374504,8
54374505,8
54374506,8
54374507,8
54374508,8
54374509,8
54374510,7|8
54374511,7|8
54374512,8
54374513,8
54374514,8
54374515,8
54374516,8
54374517,8
54374518,8
54374519,8
54374520,7|8
54374521,8
54374522,8
54374523,8
54374524,8
54374525,8
54374526,8
54374527,8
54374528,8
54374529,8
54374530,8
54374531,8
54374532,8
54374533,8
54374534,8
54374535,8
54374536,8
54374537,8
54374538,8
54374539,8
54374540,8
54374541,8
54374542,8
54374543,8
54374544,8
54374545,8
54374546,8
54374547,8
54374548,8
54374549,8
54374550,8
54374551,8
54374552,8
54374553,8
54374554,8
54374555,8
54374556,8
54374557,8
54374558,8
54374559,8
54374560,8
54374561,8
54374562,8
54374563,8
54374564,8
54374565,8
54374566,8
54374567,8
54374568,8
54374569,8
54374570,8
54374571,8
54374572,8
54374573,8
54374574,8
54374575,8
54374576,8
54374577,8
54374578,8
54374579,8
54374580,8
54374581,8
54374582,8
54374583,8
54374584,8
54374585,8
54374586,8
54374587,8
54374588,8
54374589,8
54374590,8
54374591,8
54374592,8
54374593,8
54374594,8
54374595,8
54374596,8
54374597,8
54374598,8
54374599,8
543746,8
543747,8
543750,7
543751,7
543752,7
543753,7
54375400,7
54375401,7
54375402,7
54375403,7
54375404,7
54375405,7
54375406,7
54375407,7
54375408,7|8
54375409,7|8
54375410,7
54375411,7
54375412,7
54375413,7
54375414,7
54375415,7
54375416,7
54375417,7
54375418,7
54375419,7
54375420,7
54375421,7
54375422,7
54375423,7
54375424,7
54375425,7
54375426,7
54375427,7
54375428,7
54375429,7
54375430,7
54375431,7
54375432,7
54375433,7
54375434,7
54375435,7
54375436,7
54375437,7
54375438,7
54375439,7
54375440,7
54375441,7
54375442,7
54375443,7
54375444,7
54375445,7
54375446,7
54375447,7
54375448,7
54375449,7
54375450,7
54375451,7
54375452,7
54375453,7
54375454,7
54375455,7
54375456,7
54375457,7
54375458,7
54375459,7
54375460,7
54375461,7
54375462,7
54375463,7
54375464,7
54375465,7
54375466,7
54375467,7
54375468,7
54375469,7
54375470,7
54375471,7
54375472,7
54375473,7
54375474,7
54375475,7
54375476,7
54375477,7
54375478,7
54375479,7
54375480,7
54375481,7
54375482,7
54375483,7
54375484,7
54375485,7
54375486,7
54375487,7
54375488,7
54375489,7
54375490,7
54375491,7
54375492,7
54375493,7
54375494,7
54375495,7
54375496,7
54375497,7
54375498,7
54375499,7
54375500,7|8
54375501,8
54375502,8
54375503,8
54375504,8
54375505,8
54375506,8
54375507,8
54375508,8
54375509,8
54375510,7|8
54375511,7|8
54375512,8
54375513,8
54375514,8
54375515,8
54375516,8
54375517,8
54375518,8
54375519,8
54375520,7|8
54375521,7|8
54375522,8
54375523,8
54375524,8
54375525,8
54375526,8
54375527,8
54375528,8
54375529,8
54375530,7
54375531,7|8
54375532,8
54375533,8
54375534,8
54375535,8
54375536,8
54375537,8
54375538,8
54375539,8
54375540,7
54375541,7|8
54375542,7|8
54375543,8
54375544,8
54375545,8
54375546,8
54375547,8
54375548,8
54375549,8
54375550,7
54375551,7
54375552,7|8
54375553,8
54375554,8
54375555,8
54375556,8
54375557,8
54375558,8
54375559,8
54375560,7
54375561,7
54375562,7|8
54375563,8
54375564,8
54375565,8
54375566,8
54375567,8
54375568,8
54375569,8
54375570,7
54375571,7
54375572,7|8
54375573,8
54375574,8
54375575,8
54375576,8
54375577,8
54375578,8
54375579,8
54375580,7
54375581,7
54375582,7|8
54375583,8
54375584,8
54375585,8
54375586,8
54375587,8
54375588,8
54375589,8
54375590,7
54375591,7
54375592,7|8
54375593,7|8
54375594,8
54375595,8
54375596,8
54375597,8
54375598,8
54375599,8
543756,8
543757,8
543760,7
543761,7
543762,7
543763,7
543764,7
54376500,7
54376501,7
54376502,7
54376503,7|8
54376504,8
54376505,8
54376506,8
54376507,8
54376508,8
54376509,8
54376510,7
54376511,7
54376512,7
54376513,7|8
54376514,7|8
54376515,7|8
54376516,7|8
54376517,8
54376518,8
54376519,8
54376520,7
54376521,7
54376522,7
54376523,7
54376524,7
54376525,7
54376526,7|8
54376527,8
54376528,8
54376529,8
54376530,7
54376531,7
54376532,7
54376533,7
54376534,7
54376535,7
54376536,7|8
54376537,8
54376538,8
54376539,8
54376540,7
54376541,7
54376542,7
54376543,7
54376544,7|8
54376545,7|8
54376546,7|8
54376547,8
54376548,8
54376549,8
54376550,7
54376551,7
54376552,7
54376553,7
54376554,7|8
54376555,7|8
54376556,8
54376557,8
54376558,8
54376559,8
54376560,7
54376561,7
54376562,7
54376563,7
54376564,7
54376565,7|8
54376566,8
54376567,8
54376568,8
54376569,8
54376570,7
54376571,7
54376572,7
54376573,7
54376574,7
54376575,7|8
54376576,8
54376577,8
54376578,8
54376579,8
54376580,7
54376581,7
54376582,7
54376583,7
54376584,7
54376585,7|8
54376586,7|8
54376587,8
54376588,8
54376589,8
54376590,7
54376591,7
54376592,7
54376593,7
54376594,7
54376595,7
54376596,7|8
54376597,7|8
54376598,8
54376599,8
543766,8
543767,8
543770,7
543771,7
543772,7
543773,7
543774,7
54377500,7
54377501,7
54377502,7
54377503,7
54377504,7
54377505,7
54377506,7
54377507,7|8
54377508,7|8
54377509,7|8
54377510,7
54377511,7
54377512,7
54377513,7
54377514,7
54377515,7
54377516,7
54377517,7
54377518,7
54377519,7
54377520,7
54377521,7
54377522,7
54377523,7
54377524,7
54377525,7
54377526,7
54377527,7
54377528,7
54377529,7|8
54377530,7
54377531,7
54377532,7
54377533,7
54377534,7
54377535,7
54377536,7
54377537,7
54377538,7
54377539,7|8
54377540,7
54377541,7
54377542,7
54377543,7
54377544,7
54377545,7
54377546,7
54377547,7
54377548,7
54377549,7|8
54377550,7
54377551,7
54377552,7
54377553,7
54377554,7
54377555,7
54377556,7
54377557,7
54377558,7
54377559,7|8
54377560,7
54377561,7
54377562,7
54377563,7
54377564,7
54377565,7
54377566,7
54377567,7
54377568,7
54377569,7
54377570,7
54377571,7
54377572,7
54377573,7
54377574,7
54377575,7
54377576,7
54377577,7
54377578,7
54377579,7
54377580,7
54377581,7
54377582,7
54377583,7
54377584,7
54377585,7
54377586,7
54377587,7
54377588,7
54377589,7
54377590,7
54377591,7
54377592,7
54377593,7
54377594,7
54377595,7
54377596,7
54377597,7
54377598,7
54377599,7
54377600,7|8
54377601,8
54377602,8
54377603,8
54377604,8
54377605,8
54377606,8
54377607,8
54377608,8
54377609,8
54377610,7|8
54377611,8
54377612,8
54377613,8
54377614,8
54377615,8
54377616,8
54377617,8
54377618,8
54377619,8
54377620,7|8
54377621,8
54377622,8
54377623,8
54377624,8
54377625,8
54377626,8
54377627,8
54377628,8
54377629,8
54377630,8
54377631,8
54377632,8
54377633,8
54377634,8
54377635,8
54377636,8
54377637,8
54377638,8
54377639,8
54377640,8
54377641,8
54377642,8
54377643,8
54377644,8
54377645,8
54377646,8
54377647,8
54377648,8
54377649,8
54377650,7|8
54377651,8
54377652,8
54377653,8
54377654,8
54377655,8
54377656,8
54377657,8
54377658,8
54377659,8
54377660,7|8
54377661,8
54377662,8
54377663,8
54377664,8
54377665,8
54377666,8
54377667,8
54377668,8
54377669,8
54377670,7|8
54377671,8
54377672,8
54377673,8
54377674,8
54377675,8
54377676,8
54377677,8
54377678,8
54377679,8
54377680,7|8
54377681,8
54377682,8
54377683,8
54377684,8
54377685,8
54377686,8
54377687,8
54377688,8
54377689,8
54377690,7|8
54377691,8
54377692,8
54377693,8
54377694,8
54377695,8
54377696,8
54377697,8
54377698,8
54377699,8
543777,8
543800,8
543801,8
543802,8
543803,8
543804,8
54380500,8
54380501,8
54380502,8
54380503,8
54380504,8|9
54380505,9
54380506,9
54380507,9
54380508,9
54380509,9
54380510,8
54380511,8
54380512,8|9
54380513,8|9
54380514,8|9
54380515,9
54380516,9
54380517,9
54380518,9
54380519,9
54380520,8
54380521,8|9
54380522,8|9
54380523,9
54380524,9
54380525,9
54380526,9
54380527,9
54380528,9
54380529,9
54380530,8|9
54380531,8|9
54380532,9
54380533,9
54380534,9
54380535,9
54380536,9
54380537,9
54380538,9
54380539,9
54380540,8|9
54380541,8|9
54380542,9
54380543,9
54380544,9
54380545,9
54380546,9
54380547,9
54380548,9
54380549,9
54380550,8
54380551,8|9
54380552,9
54380553,9
54380554,9
54380555,9
54380556,9
54380557,9
54380558,9
54380559,9
54380560,8
54380561,8|9
54380562,9
54380563,9
54380564,9
54380565,9
54380566,9
54380567,9
54380568,9
54380569,9
54380570,8
54380571,8|9
54380572,9
54380573,9
54380574,9
54380575,9
54380576,9
54380577,9
54380578,9
54380579,9
54380580,8
54380581,8|9
54380582,9
54380583,9
54380584,9
54380585,9
54380586,9
54380587,9
54380588,9
54380589,9
54380590,8|9
54380591,8|9
54380592,9
54380593,9
54380594,9
54380595,9
54380596,9
54380597,9
54380598,9
54380599,9
543806,9
543807,9
543810,8
543811,8
543812,8
543813,8
54381400,8
54381401,8
54381402,8
54381403,8
54381404,8
54381405,8
54381406,8
54381407,8
54381408,8
54381409,8
54381410,8
54381411,8
54381412,8
54381413,8
54381414,8
54381415,8
54381416,8
54381417,8
54381418,8
54381419,8
54381420,8
54381421,8
54381422,8
54381423,8
54381424,8
54381425,8
54381426,8
54381427,8
54381428,8
54381429,8
54381430,8
54381431,8
54381432,8
54381433,8
54381434,8
54381435,8
54381436,8
54381437,8
54381438,8
54381439,8
54381440,8
54381441,8
54381442,8
54381443,8
54381444,8
54381445,8
54381446,8
54381447,8
54381448,8
54381449,8
54381450,8
54381451,8
54381452,8
54381453,8
54381454,8
54381455,8
54381456,8
54381457,8
54381458,8
54381459,8|9
54381460,8
54381461,8
54381462,8
54381463,8
54381464,8
54381465,8
54381466,8
54381467,8|9
54381468,8|9
54381469,8|9
54381470,8
54381471,8
54381472,8
54381473,8
54381474,8
54381475,8
54381476,8
54381477,8|9
54381478,9
54381479,9
54381480,8
54381481,8
54381482,8
54381483,8
54381484,8
54381485,8
54381486,8
54381487,8|9
54381488,9
54381489,9
54381490,8
54381491,8
54381492,8
54381493,8
54381494,8
54381495,8
54381496,8|9
54381497,8|9
54381498,8|9
54381499,9
54381500,8|9
54381501,9
54381502,9
54381503,9
54381504,9
54381505,9
54381506,9
54381507,9
54381508,9
54381509,9
54381510,8|9
54381511,8|9
54381512,9
54381513,9
54381514,9
54381515,9
54381516,9
54381517,9
54381518,9
54381519,9
54381520,8
54381521,8|9
54381522,9
54381523,9
54381524,9
54381525,9
54381526,9
54381527,9
54381528,9
54381529,9
54381530,8
54381531,8|9
54381532,9
54381533,9
54381534,9
54381535,9
54381536,9
54381537,9
54381538,9
54381539,9
54381540,8|9
54381541,8|9
54381542,9
54381543,9
54381544,9
54381545,9
54381546,9
54381547,9
54381548,9
54381549,9
54381550,8|9
54381551,8|9
54381552,9
54381553,9
54381554,9
54381555,9
54381556,9
54381557,9
54381558,9
54381559,9
54381560,8|9
54381561,9
54381562,9
54381563,9
54381564,9
54381565,9
54381566,9
54381567,9
54381568,9
54381569,9
54381570,9
54381571,9
54381572,9
54381573,9
54381574,9
54381575,9
54381576,9
54381577,9
54381578,9
54381579,9
54381580,9
54381581,9
54381582,9
54381583,9
54381584,9
54381585,9
54381586,9
54381587,9
54381588,9
54381589,9
54381590,9
54381591,9
54381592,9
54381593,9
54381594,9
54381595,9
54381596,9
54381597,9
54381598,9
54381599,9
543816,9
543817,9
543820,8
543821,8
543822,8
543823,8
54382400,8
54382401,8
54382402,8
54382403,8
54382404,8
54382405,8
54382406,8|9
54382407,8|9
54382408,8|9
54382409,8|9
54382410,8
54382411,8
54382412,8
54382413,8
54382414,8
54382415,8
54382416,8|9
54382417,8|9
54382418,8
54382419,8
54382420,8
54382421,8
54382422,8
54382423,8
54382424,8
54382425,8
54382426,8
54382427,8
54382428,8
54382429,8
54382430,8
54382431,8
54382432,8
54382433,8
54382434,8
54382435,8
54382436,8
54382437,8
54382438,8
54382439,8|9
54382440,8
54382441,8
54382442,8
54382443,8
54382444,8
54382445,8
54382446,8
54382447,8
54382448,8
54382449,8
54382450,8
54382451,8
54382452,8
54382453,8
54382454,8
54382455,8
54382456,8
54382457,8
54382458,8
54382459,8|9
54382460,8
54382461,8
54382462,8
54382463,8
54382464,8
54382465,8
54382466,8
54382467,8
54382468,8
54382469,8|9
54382470,8
54382471,8
54382472,8
54382473,8
54382474,8
54382475,8
54382476,8
54382477,8
54382478,8|9
54382479,8|9
54382480,8
54382481,8
54382482,8
54382483,8
54382484,8
54382485,8
54382486,8
54382487,8
54382488,8|9
54382489,8|9
54382490,8
54382491,8
54382492,8
54382493,8
54382494,8
54382495,8
54382496,8
54382497,8
54382498,8|9
54382499,9
54382500,8|9
54382501,9
54382502,9
54382503,9
54382504,9
54382505,9
54382506,9
54382507,9
54382508,9
54382509,9
54382510,8|9
54382511,9
54382512,9
54382513,9
54382514,9
54382515,9
54382516,9
54382517,9
54382518,9
54382519,9
54382520,8|9
54382521,9
54382522,9
54382523,9
54382524,9
54382525,9
54382526,9
54382527,9
54382528,9
54382529,9
54382530,8|9
54382531,9
54382532,9
54382533,9
54382534,9
54382535,9
54382536,9
54382537,9
54382538,9
54382539,9
54382540,8|9
54382541,9
54382542,9
54382543,9
54382544,9
54382545,9
54382546,9
54382547,9
54382548,9
54382549,9
54382550,8|9
54382551,9
54382552,9
54382553,9
54382554,9
54382555,9
54382556,9
54382557,9
54382558,9
54382559,9
54382560,8|9
54382561,9
54382562,9
54382563,9
54382564,9
54382565,9
54382566,9
54382567,9
54382568,9
54382569,9
54382570,9
54382571,9
54382572,9
54382573,9
54382574,9
54382575,9
54382576,9
54382577,9
54382578,9
54382579,9
54382580,9
54382581,9
54382582,9
54382583,9
54382584,9
54382585,9
54382586,9
54382587,9
54382588,9
54382589,9
54382590,9
54382591,9
54382592,9
54382593,9
54382594,9
54382595,9
54382596,9
54382597,9
54382598,9
54382599,9
543826,9
543827,9
543830,8
543831,8
543832,8
543833,8
54383400,8
54383401,8
54383402,8
54383403,8
54383404,8
54383405,8
54383406,8
54383407,8
54383408,8|9
54383409,9
54383410,8
54383411,8
54383412,8
54383413,8
54383414,8
54383415,8
54383416,8
54383417,8
54383418,8|9
54383419,9
54383420,8
54383421,8
54383422,8
54383423,8
54383424,8
54383425,8
54383426,8
54383427,8
54383428,8|9
54383429,9
54383430,8
54383431,8
54383432,8
54383433,8
54383434,8
54383435,8
54383436,8
54383437,8
54383438,8|9
54383439,9
54383440,8
54383441,8
54383442,8
54383443,8
54383444,8
54383445,8
54383446,8
54383447,8
54383448,8|9
54383449,8|9
54383450,8
54383451,8
54383452,8
54383453,8
54383454,8
54383455,8
54383456,8
54383457,8
54383458,8
54383459,8
54383460,8
54383461,8
54383462,8
54383463,8
54383464,8
54383465,8
54383466,8
54383467,8
54383468,8
54383469,8
54383470,8
54383471,8
54383472,8
54383473,8
54383474,8
54383475,8
54383476,8
54383477,8
54383478,8
54383479,8
54383480,8
54383481,8
54383482,8
54383483,8
54383484,8
54383485,8
54383486,8
54383487,8
54383488,8
54383489,8
54383490,8
54383491,8
54383492,8
54383493,8
54383494,8
54383495,8
54383496,8
54383497,8
54383498,8
54383499,8
54383500,9
54383501,9
54383502,9
54383503,9
54383504,9
54383505,9
54383506,9
54383507,9
54383508,9
54383509,9
54383510,9
54383511,9
54383512,9
54383513,9
54383514,9
54383515,9
54383516,9
54383517,9
54383518,9
54383519,9
54383520,9
54383521,9
54383522,9
54383523,9
54383524,9
54383525,9
54383526,9
54383527,9
54383528,9
54383529,9
54383530,9
54383531,9
54383532,9
54383533,9
54383534,9
54383535,9
54383536,9
54383537,9
54383538,9
54383539,9
54383540,8|9
54383541,9
54383542,9
54383543,9
54383544,9
54383545,9
54383546,9
54383547,9
54383548,9
54383549,9
54383550,8|9
54383551,8|9
54383552,8|9
54383553,9
54383554,9
54383555,9
54383556,9
54383557,9
54383558,9
54383559,9
54383560,8
54383561,8|9
54383562,8|9
54383563,9
54383564,9
54383565,9
54383566,9
54383567,9
54383568,9
54383569,9
54383570,8
54383571,8|9
54383572,8|9
54383573,9
54383574,9
54383575,9
54383576,9
54383577,9
54383578,9
54383579,9
54383580,8
54383581,8|9
54383582,8|9
54383583,9
54383584,9
54383585,9
54383586,9
54383587,9
54383588,9
54383589,9
54383590,8
54383591,8
54383592,8|9
54383593,9
54383594,9
54383595,9
54383596,9
54383597,9
54383598,9
54383599,9
543836,9
543837,9
543840,8
543841,8
543842,8
54384300,8
54384301,8
54384302,8
54384303,8
54384304,8
54384305,8
54384306,8
54384307,8
54384308,8
54384309,8
54384310,8
54384311,8
54384312,8
54384313,8
54384314,8
54384315,8
54384316,8
54384317,8
54384318,8
54384319,8
54384320,8
54384321,8
54384322,8
54384323,8
54384324,8
54384325,8
54384326,8
54384327,8
54384328,8
54384329,8
54384330,8
54384331,8
54384332,8
54384333,8
54384334,8
54384335,8
54384336,8
54384337,8
54384338,8
54384339,8
54384340,8
54384341,8
54384342,8
54384343,8
54384344,8
54384345,8
54384346,8
54384347,8
54384348,8
54384349,8
54384350,8
54384351,8
54384352,8
54384353,8
54384354,8
54384355,8
54384356,8
54384357,8
54384358,8
54384359,8
54384360,8
54384361,8
54384362,8
54384363,8
54384364,8
54384365,8
54384366,8
54384367,8
54384368,8
54384369,8
54384370,8
54384371,8
54384372,8
54384373,8
54384374,8
54384375,8
54384376,8
54384377,8
54384378,8
54384379,8
54384380,8
54384381,8
54384382,8
54384383,8
54384384,8
54384385,8
54384386,8|9
54384387,8|9
54384388,8|9
54384389,8|9
54384390,8
54384391,8
54384392,8
54384393,8
54384394,8
54384395,8
54384396,8|9
54384397,9
54384398,9
54384399,8|9
54384400,8
54384401,8
54384402,8
54384403,8
54384404,8
54384405,8
54384406,8
54384407,8
54384408,8
54384409,8
54384410,8
54384411,8
54384412,8
54384413,8
54384414,8
54384415,8
54384416,8
54384417,8
54384418,8
54384419,8
54384420,8
54384421,8
54384422,8
54384423,8
54384424,8
54384425,8
54384426,8
54384427,8
54384428,8
54384429,8
54384430,8
54384431,8
54384432,8
54384433,8
54384434,8
54384435,8
54384436,8
54384437,8
54384438,8
54384439,8
54384440,8
54384441,8
54384442,8
54384443,8
54384444,8
54384445,8
54384446,8
54384447,8
54384448,8
54384449,8
54384450,8
54384451,8
54384452,8
54384453,8
54384454,8
54384455,8
54384456,8
54384457,8
54384458,8
54384459,8
54384460,8
54384461,8
54384462,8
54384463,8
54384464,8
54384465,8
54384466,8
54384467,8
54384468,8
54384469,8
54384470,8
54384471,8
54384472,8
54384473,8
54384474,8
54384475,8
54384476,8
54384477,8
54384478,8
54384479,8
54384480,8
54384481,8|9
54384482,8|9
54384483,8|9
54384484,8
54384485,8
54384486,8
54384487,8
54384488,8
54384489,8
54384490,8|9
54384491,8|9
54384492,9
54384493,8|9
54384494,8|9
54384495,8
54384496,8
54384497,8
54384498,8
54384499,8|9
54384500,8
54384501,8|9
54384502,8|9
54384503,9
54384504,9
54384505,9
54384506,9
54384507,9
54384508,9
54384509,9
54384510,8
54384511,8|9
54384512,8|9
54384513,9
54384514,9
54384515,9
54384516,9
54384517,9
54384518,9
54384519,9
54384520,8
54384521,8
54384522,8|9
54384523,9
54384524,9
54384525,9
54384526,9
54384527,9
54384528,9
54384529,9
54384530,8
54384531,8
54384532,8|9
54384533,9
54384534,9
54384535,9
54384536,9
54384537,9
54384538,9
54384539,9
54384540,8
54384541,8
54384542,8|9
54384543,9
54384544,9
54384545,9
54384546,9
54384547,9
54384548,9
54384549,9
54384550,8
54384551,8|9
54384552,8|9
54384553,9
54384554,9
54384555,9
54384556,9
54384557,9
54384558,9
54384559,9
54384560,8
54384561,8
54384562,8|9
54384563,9
54384564,9
54384565,9
54384566,9
54384567,9
54384568,9
54384569,9
54384570,8
54384571,8|9
54384572,8|9
54384573,9
54384574,9
54384575,9
54384576,9
54384577,9
54384578,9
54384579,9
54384580,8
54384581,8|9
54384582,9
54384583,9
54384584,9
54384585,9
54384586,9
54384587,9
54384588,9
54384589,9
54384590,8|9
54384591,8|9
54384592,9
54384593,9
54384594,9
54384595,9
54384596,9
54384597,9
54384598,9
54384599,9
543846,9
543847,9
543850,8
543851,8
543852,8
54385300,8
54385301,8
54385302,8
54385303,8
54385304,8|9
54385305,8|9
54385306,8|9
54385307,9
54385308,9
54385309,9
54385310,8
54385311,8
54385312,8|9
54385313,8|9
54385314,8|9
54385315,9
54385316,9
54385317,9
54385318,9
54385319,9
54385320,8
54385321,8
54385322,8|9
54385323,9
54385324,9
54385325,9
54385326,9
54385327,9
54385328,9
54385329,9
54385330,8
54385331,8
54385332,8|9
54385333,9
54385334,9
54385335,9
54385336,9
54385337,9
54385338,9
54385339,9
54385340,8
54385341,8|9
54385342,8|9
54385343,9
54385344,9
54385345,9
54385346,9
54385347,9
54385348,9
54385349,9
54385350,8
54385351,8
54385352,8|9
54385353,9
54385354,9
54385355,9
54385356,9
54385357,9
54385358,9
54385359,9
54385360,8
54385361,8|9
54385362,8|9
54385363,9
54385364,9
54385365,9
54385366,9
54385367,9
54385368,9
54385369,9
54385370,8
54385371,8|9
54385372,8|9
54385373,9
54385374,9
54385375,9
54385376,9
54385377,9
54385378,9
54385379,9
54385380,8
54385381,8|9
54385382,9
54385383,9
54385384,9
54385385,9
54385386,9
54385387,9
54385388,9
54385389,9
54385390,8
54385391,8|9
54385392,8|9
54385393,9
54385394,9
54385395,9
54385396,9
54385397,9
54385398,9
54385399,9
54385400,9
54385401,9
54385402,9
54385403,9
54385404,8|9
54385405,8|9
54385406,8|9
54385407,8|9
54385408,8|9
54385409,8|9
54385410,9
54385411,9
54385412,9
54385413,9
54385414,9
54385415,9
54385416,9
54385417,9
54385418,9
54385419,9
54385420,9
54385421,9
54385422,9
54385423,9
54385424,9
54385425,9
54385426,9
54385427,9
54385428,9
54385429,9
54385430,9
54385431,9
54385432,9
54385433,9
54385434,9
54385435,9
54385436,9
54385437,9
54385438,9
54385439,9
54385440,9
54385441,9
54385442,9
54385443,9
54385444,9
54385445,9
54385446,9
54385447,9
54385448,9
54385449,9
54385450,9
54385451,9
54385452,9
54385453,9
54385454,9
54385455,9
54385456,9
54385457,9
54385458,9
54385459,9
54385460,9
54385461,9
54385462,9
54385463,9
54385464,9
54385465,9
54385466,9
54385467,9
54385468,9
54385469,9
54385470,9
54385471,9
54385472,9
54385473,9
54385474,9
54385475,9
54385476,9
54385477,9
54385478,9
54385479,9
54385480,9
54385481,9
54385482,9
54385483,9
54385484,9
54385485,9
54385486,9
54385487,9
54385488,9
54385489,9
54385490,9
54385491,9
54385492,9
54385493,9
54385494,9
54385495,9
54385496,9
54385497,9
54385498,9
54385499,9
54385500,8|9
54385501,8|9
54385502,9
54385503,9
54385504,9
54385505,9
54385506,9
54385507,9
54385508,9
54385509,9
54385510,9
54385511,9
54385512,9
54385513,9
54385514,9
54385515,9
54385516,9
54385517,9
54385518,9
54385519,9
54385520,9
54385521,9
54385522,9
54385523,9
54385524,9
54385525,9
54385526,9
54385527,9
54385528,9
54385529,9
54385530,9
54385531,9
54385532,9
54385533,9
54385534,9
54385535,9
54385536,9
54385537,9
54385538,9
54385539,9
54385540,9
54385541,9
54385542,9
54385543,9
54385544,9
54385545,9
54385546,9
54385547,9
54385548,9
54385549,9
54385550,9
54385551,9
54385552,9
54385553,9
54385554,9
54385555,9
54385556,9
54385557,9
54385558,9
54385559,9
54385560,9
54385561,9
54385562,9
54385563,9
54385564,9
54385565,9
54385566,9
54385567,9
54385568,9
54385569,9
54385570,9
54385571,9
54385572,9
54385573,9
54385574,9
54385575,9
54385576,9
54385577,9
54385578,9
54385579,9
54385580,9
54385581,9
54385582,9
54385583,9
54385584,9
54385585,9
54385586,9
54385587,9
54385588,9
54385589,9
54385590,9
54385591,9
54385592,9
54385593,9
54385594,9
54385595,9
54385596,9
54385597,9
54385598,9
54385599,9
543856,9
543857,9
543860,8
543861,8
543862,8
54386300,8
54386301,8
54386302,8|9
54386303,9
54386304,9
54386305,9
54386306,9
54386307,9
54386308,9
54386309,9
54386310,8
54386311,8
54386312,8|9
54386313,9
54386314,9
54386315,9
54386316,9
54386317,9
54386318,9
54386319,9
54386320,8
54386321,8
54386322,8|9
54386323,9
54386324,9
54386325,9
54386326,9
54386327,9
54386328,9
54386329,9
54386330,8
54386331,8
54386332,8|9
54386333,8|9
54386334,9
54386335,9
54386336,9
54386337,9
54386338,9
54386339,9
54386340,8
54386341,8
54386342,8|9
54386343,8|9
54386344,9
54386345,9
54386346,9
54386347,9
54386348,9
54386349,9
54386350,8
54386351,8
54386352,8
54386353,8|9
54386354,9
54386355,9
54386356,9
54386357,9
54386358,9
54386359,9
54386360,8
54386361,8
54386362,8
54386363,8|9
54386364,8|9
54386365,9
54386366,9
54386367,9
54386368,9
54386369,9
54386370,8
54386371,8
54386372,8
54386373,8
54386374,8|9
54386375,9
54386376,9
54386377,9
54386378,9
54386379,9
54386380,8
54386381,8
54386382,8
54386383,8|9
54386384,8|9
54386385,9
54386386,9
54386387,9
54386388,9
54386389,9
54386390,8
54386391,8
54386392,8
54386393,8|9
54386394,8|9
54386395,9
54386396,9
54386397,9
54386398,9
54386399,9
543864,9
543865,9
543866,9
543867,9
543870,8
543871,8
543872,8
54387300,8
54387301,8
54387302,8
54387303,8
54387304,8|9
54387305,9
54387306,9
54387307,9
54387308,9
54387309,9
54387310,8
54387311,8
54387312,8
54387313,8
54387314,8|9
54387315,8|9
54387316,9
54387317,9
54387318,9
54387319,9
54387320,8
54387321,8
54387322,8
54387323,8
54387324,8|9
54387325,8|9
54387326,9
54387327,9
54387328,9
54387329,9
54387330,8
54387331,8
54387332,8
54387333,8
54387334,8
54387335,8|9
54387336,8|9
54387337,9
54387338,9
54387339,9
54387340,8
54387341,8
54387342,8
54387343,8
54387344,8
54387345,8
54387346,8|9
54387347,9
54387348,9
54387349,9
54387350,8
54387351,8
54387352,8
54387353,8
54387354,8
54387355,8
54387356,8|9
54387357,9
54387358,9
54387359,9
54387360,8
54387361,8
54387362,8
54387363,8
54387364,8
54387365,8
54387366,8|9
54387367,8|9
54387368,9
54387369,8|9
54387370,8
54387371,8
54387372,8
54387373,8
54387374,8
54387375,8
54387376,8
54387377,8|9
54387378,8|9
54387379,8|9
54387380,8
54387381,8
54387382,8
54387383,8
54387384,8
54387385,8
54387386,8
54387387,8
54387388,8
54387389,8
54387390,8
54387391,8
54387392,8
54387393,8
54387394,8
54387395,8
54387396,8
54387397,8
54387398,8
54387399,8
54387400,9
54387401,9
54387402,9
54387403,9
54387404,9
54387405,9
54387406,9
54387407,9
54387408,9
54387409,9
54387410,9
54387411,9
54387412,9
54387413,9
54387414,9
54387415,9
54387416,9
54387417,9
54387418,9
54387419,9
54387420,9
54387421,9
54387422,9
54387423,9
54387424,9
54387425,9
54387426,9
54387427,9
54387428,9
54387429,9
54387430,9
54387431,9
54387432,9
54387433,9
54387434,9
54387435,9
54387436,9
54387437,9
54387438,9
54387439,9
54387440,9
54387441,9
54387442,9
54387443,9
54387444,9
54387445,9
54387446,9
54387447,9
54387448,9
54387449,9
54387450,9
54387451,9
54387452,9
54387453,9
54387454,9
54387455,9
54387456,9
54387457,9
54387458,9
54387459,9
54387460,9
54387461,9
54387462,9
54387463,9
54387464,9
54387465,9
54387466,9
54387467,9
54387468,9
54387469,9
54387470,8|9
54387471,8|9
54387472,9
54387473,9
54387474,9
54387475,9
54387476,9
54387477,9
54387478,9
54387479,9
54387480,8
54387481,8|9
54387482,8|9
54387483,9
54387484,9
54387485,9
54387486,9
54387487,9
54387488,9
54387489,9
54387490,8
54387491,8
54387492,8|9
54387493,9
54387494,9
54387495,9
54387496,9
54387497,9
54387498,9
54387499,9
543875,9
543876,9
543877,9
543900,9
543901,9
543902,9
543903,9
543904,9
543905,9
543906,9
543907,9
543910,9
543911,9
543912,9
543913,9
543914,9
543915,9
543916,9
543917,9
543920,9
543921,9
543922,9
543923,9
543924,9
543925,9
543926,9
543927,9
543930,9
543931,9
543932,9
543933,9
543934,9
543935,9
543936,9
543937,9
543940,9
543941,9
543942,9
543943,9
543944,9
543945,9
543946,9
543947,9
543950,9
543951,9
543952,9
543953,9
543954,9
543955,9
543956,9
543957,9
543960,9
543961,9
543962,9
543963,9
543964,9
543965,9
543966,9
543967,9
543970,9
543971,9
543972,9
543973,9
543974,9
543975,9
543976,9
543977,9
544000,9
544001,9
544002,9
544003,9
544004,9
544005,9
544010,9
544011,9
544012,9
544013,9
544014,9
544020,9
544021,9
544022,9
544023,9
544024,9
544030,9
544031,9
544032,9
544033,9
544034,9
544040,9
544041,9
544042,9
544043,9
544044,9
544045,9
544050,9
544051,9
544052,9
544053,9
544054,9
544055,9
544060,9
544061,9
544062,9
544063,9
544064,9
544065,9
544070,9
544071,9
544072,9
544073,9
544074,9
544075,9
553166,3
553605,7
553606,7
553607,7
553615,7
553616,7
553617,7
553625,7
553626,7
553627,7
553635,7
553636,7
553637,7
553645,7
553646,7
553647,7
553655,7
553656,7
553657,7
553665,7
553666,7
553667,7
553675,7
553676,7
553677,7
553700,7
553701,7
553702,7
553703,7
553704,7
553705,7
55370600,7|8
55370601,8
55370602,8
55370603,8
55370604,8
55370605,8
55370606,8
55370607,8
55370608,8
55370609,8
55370610,7|8
55370611,8
55370612,8
55370613,8
55370614,8
55370615,8
55370616,8
55370617,8
55370618,8
55370619,8
55370620,7|8
55370621,8
55370622,8
55370623,8
55370624,8
55370625,8
55370626,8
55370627,8
55370628,8
55370629,8
55370630,7|8
55370631,8
55370632,8
55370633,8
55370634,8
55370635,8
55370636,8
55370637,8
55370638,8
55370639,8
55370640,7|8
55370641,8
55370642,8
55370643,8
55370644,8
55370645,8
55370646,8
55370647,8
55370648,8
55370649,8
55370650,7|8
55370651,8
55370652,8
55370653,8
55370654,8
55370655,8
55370656,8
55370657,8
55370658,8
55370659,8
55370660,7|8
55370661,8
55370662,8
55370663,8
55370664,8
55370665,8
55370666,8
55370667,8
55370668,8
55370669,8
55370670,7|8
55370671,8
55370672,8
55370673,8
55370674,8
55370675,8
55370676,8
55370677,8
55370678,8
55370679,8
55370680,7|8
55370681,8
55370682,8
55370683,8
55370684,8
55370685,8
55370686,8
55370687,8
55370688,8
55370689,8
55370690,7|8
55370691,8
55370692,8
55370693,8
55370694,8
55370695,8
55370696,8
55370697,8
55370698,8
55370699,8
553707,8
553710,7
553711,7
553712,7
553713,7
553714,7
55371500,7
55371501,7
55371502,7
55371503,7
55371504,7
55371505,7
55371506,7
55371507,7
55371508,7
55371509,7
55371510,7
55371511,7
55371512,7
55371513,7
55371514,7
55371515,7
55371516,7
55371517,7
55371518,7
55371519,7
55371520,7
55371521,7
55371522,7
55371523,7
55371524,7
55371525,7
55371526,7
55371527,7
55371528,7
55371529,7
55371530,7
55371531,7
55371532,7
55371533,7
55371534,7
55371535,7
55371536,7
55371537,7
55371538,7
55371539,7|8
55371540,7
55371541,7
55371542,7
55371543,7
55371544,7
55371545,7
55371546,7
55371547,7
55371548,7
55371549,7
55371550,7
55371551,7
55371552,7
55371553,7
55371554,7
55371555,7
55371556,7
55371557,7
55371558,7
55371559,7
55371560,7
55371561,7
55371562,7
55371563,7
55371564,7
55371565,7
55371566,7
55371567,7
55371568,7
55371569,7|8
55371570,7
55371571,7
55371572,7
55371573,7
55371574,7
55371575,7
55371576,7
55371577,7
55371578,7
55371579,7|8
55371580,7
55371581,7
55371582,7
55371583,7
55371584,7
55371585,7
55371586,7
55371587,7
55371588,7|8
55371589,7|8
55371590,7
55371591,7
55371592,7
55371593,7
55371594,7
55371595,7
55371596,7
55371597,7
55371598,7|8
55371599,8
55371600,7|8
55371601,8
55371602,8
55371603,8
55371604,8
55371605,8
55371606,8
55371607,8
55371608,8
55371609,8
55371610,7|8
55371611,8
55371612,8
55371613,8
55371614,8
55371615,8
55371616,8
55371617,8
55371618,8
55371619,8
55371620,7|8
55371621,7|8
55371622,8
55371623,8
55371624,8
55371625,8
55371626,8
55371627,8
55371628,8
55371629,8
55371630,7|8
55371631,8
55371632,8
55371633,8
55371634,8
55371635,8
55371636,8
55371637,8
55371638,8
55371639,8
55371640,7|8
55371641,8
55371642,8
55371643,8
55371644,8
55371645,8
55371646,8
55371647,8
55371648,8
55371649,8
55371650,7|8
55371651,8
55371652,8
55371653,8
55371654,8
55371655,8
55371656,8
55371657,8
55371658,8
55371659,8
55371660,7|8
55371661,8
55371662,8
55371663,8
55371664,8
55371665,8
55371666,8
55371667,8
55371668,8
55371669,8
55371670,8
55371671,8
55371672,8
55371673,8
55371674,8
55371675,8
55371676,8
55371677,8
55371678,8
55371679,8
55371680,8
55371681,8
55371682,8
55371683,8
55371684,8
55371685,8
55371686,8
55371687,8
55371688,8
55371689,8
55371690,8
55371691,8
55371692,8
55371693,8
55371694,8
55371695,8
55371696,8
55371697,8
55371698,8
55371699,8
553717,8
553720,7
553723,7
553724,7
55372500,7
55372501,7
55372502,7
55372503,7
55372504,7
55372505,7
55372506,7
55372507,7
55372508,7|8
55372509,8
55372510,7
55372511,7
55372512,7
55372513,7
55372514,7
55372515,7
55372516,7
55372517,7
55372518,7|8
55372519,8
55372520,7
55372521,7
55372522,7
55372523,7
55372524,7
55372525,7
55372526,7
55372527,7
55372528,7|8
55372529,8
55372530,7
55372531,7
55372532,7
55372533,7
55372534,7
55372535,7
55372536,7
55372537,7
55372538,7|8
55372539,8
55372540,7
55372541,7
55372542,7
55372543,7
55372544,7
55372545,7
55372546,7
55372547,7
55372548,7|8
55372549,8
55372550,7
55372551,7
55372552,7
55372553,7
55372554,7
55372555,7
55372556,7
55372557,7|8
55372558,7|8
55372559,8
55372560,7
55372561,7
55372562,7
55372563,7
55372564,7
55372565,7
55372566,7
55372567,7|8
55372568,8
55372569,8
55372570,7
55372571,7
55372572,7
55372573,7
55372574,7
55372575,7
55372576,7
55372577,7|8
55372578,8
55372579,8
55372580,7
55372581,7
55372582,7
55372583,7
55372584,7
55372585,7
55372586,7
55372587,7|8
55372588,8
55372589,8
55372590,7
55372591,7
55372592,7
55372593,7
55372594,7
55372595,7
55372596,7
55372597,7|8
55372598,8
55372599,8
553726,8
553727,8
553730,7
553733,7
553734,7
55373500,7
55373501,7
55373502,7
55373503,7
55373504,7
55373505,7
55373506,7
55373507,7|8
55373508,8
55373509,8
55373510,7
55373511,7
55373512,7
55373513,7
55373514,7
55373515,7
55373516,7
55373517,7|8
55373518,8
55373519,8
55373520,7
55373521,7
55373522,7
55373523,7
55373524,7
55373525,7
55373526,7|8
55373527,7|8
55373528,8
55373529,8
55373530,7
55373531,7
55373532,7
55373533,7|8
55373534,7|8
55373535,7|8
55373536,7|8
55373537,8
55373538,8
55373539,8
55373540,7
55373541,7
55373542,7|8
55373543,7|8
55373544,8
55373545,8
55373546,8
55373547,8
55373548,8
55373549,8
55373550,7
55373551,7
55373552,7|8
55373553,8
55373554,8
55373555,8
55373556,8
55373557,8
55373558,8
55373559,8
55373560,7
55373561,7|8
55373562,7|8
55373563,8
55373564,8
55373565,8
55373566,8
55373567,8
55373568,8
55373569,8
55373570,7|8
55373571,7|8
55373572,8
55373573,8
55373574,8
55373575,8
55373576,8
55373577,8
55373578,8
55373579,8
55373582,8
55373583,8
55373584,8
55373585,8
55373586,8
55373587,8
55373588,8
55373589,8
55373594,8
55373595,8
55373596,8
55373597,8
55373598,8
55373599,8
553736,8
553737,8
553740,7
553745,8
553746,8
553747,8
553750,7
553757,8
553760,7
553770,7
553771,7
553772,7
553800,8
553801,8
553802,8
553803,8
55380400,8
55380401,8|9
55380402,8|9
55380403,9
55380404,9
55380405,9
55380406,9
55380407,9
55380408,9
55380409,9
55380410,8
55380411,8|9
55380412,9
55380413,9
55380414,9
55380415,9
55380416,9
55380417,9
55380418,9
55380419,9
55380420,8
55380421,8|9
55380422,9
55380423,9
55380424,9
55380425,9
55380426,9
55380427,9
55380428,9
55380429,9
55380430,8
55380431,8|9
55380432,8|9
55380433,8|9
55380434,9
55380435,9
55380436,9
55380437,9
55380438,9
55380439,9
55380440,8
55380441,8
55380442,8
55380443,8|9
55380444,8|9
55380445,8|9
55380446,8|9
55380447,8|9
55380448,8|9
55380449,8|9
55380450,8
55380451,8
55380452,8
55380453,8
55380454,8
55380455,8
55380456,8
55380457,8|9
55380458,8|9
55380459,8|9
55380460,8
55380461,8
55380462,8
55380463,8
55380464,8
55380465,8
55380466,8
55380467,8
55380468,8
55380469,8|9
55380470,8
55380471,8
55380472,8
55380473,8
55380474,8
55380475,8
55380476,8
55380477,8
55380478,8
55380479,8
55380480,8
55380481,8
55380482,8
55380483,8
55380484,8
55380485,8
55380486,8
55380487,8
55380488,8
55380489,8
55380490,8
55380491,8
55380492,8
55380493,8
55380494,8
55380495,8
55380496,8
55380497,8
55380498,8
55380499,8
55380500,9
55380501,9
55380502,9
55380503,9
55380504,9
55380505,9
55380506,9
55380507,9
55380508,9
55380509,9
55380510,9
55380511,9
55380512,9
55380513,9
55380514,9
55380515,9
55380516,9
55380517,9
55380518,9
55380519,9
55380520,9
55380521,9
55380522,9
55380523,9
55380524,9
55380525,9
55380526,9
55380527,9
55380528,9
55380529,9
55380530,9
55380531,9
55380532,9
55380533,9
55380534,9
55380535,9
55380536,9
55380537,9
55380538,9
55380539,9
55380540,9
55380541,9
55380542,9
55380543,9
55380544,9
55380545,9
55380546,9
55380547,9
55380548,9
55380549,9
55380550,9
55380551,9
55380552,9
55380553,9
55380554,9
55380555,9
55380556,9
55380557,9
55380558,9
55380559,9
55380560,8|9
55380561,8|9
55380562,9
55380563,9
55380564,9
55380565,9
55380566,9
55380567,9
55380568,9
55380569,9
55380570,8
55380571,8|9
55380572,8|9
55380573,8|9
55380574,8|9
55380575,9
55380576,9
55380577,9
55380578,9
55380579,9
55380580,8
55380581,8
55380582,8
55380583,8
55380584,8|9
55380585,8|9
55380586,8|9
55380587,8|9
55380588,9
55380589,9
55380590,8
55380591,8
55380592,8
55380593,8
55380594,8
55380595,8
55380596,8
55380597,8|9
55380598,9
55380599,9
55380600,9
55380601,9
55380602,9
55380603,9
55380604,9
55380605,9
55380606,9
55380607,9
55380608,9
55380609,9
55380610,9
55380611,9
55380612,9
55380613,9
55380614,9
55380615,9
55380616,9
55380617,9
55380618,9
55380619,9
55380620,9
55380621,9
55380622,9
55380623,9
55380624,9
55380625,9
55380626,9
55380627,9
55380628,9
55380629,9
55380630,9
55380631,9
55380632,9
55380633,9
55380634,9
55380635,9
55380636,9
55380637,9
55380638,9
55380639,9
55380640,9
55380641,9
55380642,9
55380643,9
55380644,9
55380645,9
55380646,9
55380647,9
55380648,9
55380649,9
55380650,9
55380651,9
55380652,9
55380653,9
55380654,9
55380655,9
55380656,9
55380657,9
55380658,9
55380659,9
55380660,9
55380661,9
55380662,9
55380663,9
55380664,9
55380665,9
55380666,9
55380667,9
55380668,9
55380669,9
55380670,9
55380671,9
55380672,9
55380673,9
55380674,9
55380675,9
55380676,9
55380677,9
55380678,9
55380679,9
55380680,9
55380681,9
55380682,9
55380683,9
55380684,9
55380685,9
55380686,9
55380687,9
55380688,9
55380689,9
55380690,8|9
55380691,8|9
55380692,8|9
55380693,8|9
55380694,9
55380695,9
55380696,9
55380697,9
55380698,9
55380699,9
553807,9
553810,8
553811,8
553812,8
553813,8
553814,8
55381500,8
55381501,8
55381502,8
55381503,8
55381504,8
55381505,8
55381506,8
55381507,8|9
55381508,9
55381509,8|9
55381510,8
55381511,8
55381512,8
55381513,8
55381514,8
55381515,8
55381516,8
55381517,8|9
55381518,8|9
55381519,8|9
55381520,8
55381521,8
55381522,8
55381523,8
55381524,8
55381525,8
55381526,8
55381527,8
55381528,8
55381529,8
55381530,8
55381531,8
55381532,8
55381533,8
55381534,8
55381535,8
55381536,8
55381537,8
55381538,8
55381539,8
55381540,8
55381541,8
55381542,8
55381543,8
55381544,8
55381545,8
55381546,8
55381547,8
55381548,8
55381549,8
55381550,8
55381551,8
55381552,8
55381553,8
55381554,8
55381555,8
55381556,8
55381557,8
55381558,8
55381559,8
55381560,8
55381561,8
55381562,8
55381563,8
55381564,8
55381565,8
55381566,8
55381567,8
55381568,8
55381569,8
55381570,8
55381571,8
55381572,8
55381573,8
55381574,8
55381575,8
55381576,8
55381577,8
55381578,8
55381579,8
55381580,8
55381581,8
55381582,8
55381583,8
55381584,8
55381585,8
55381586,8
55381587,8
55381588,8
55381589,8
55381590,8
55381591,8
55381592,8
55381593,8
55381594,8
55381595,8
55381596,8
55381597,8
55381598,8
55381599,8
55381600,8|9
55381601,8
55381602,8
55381603,8|9
55381604,9
55381605,9
55381606,9
55381607,9
55381608,9
55381609,9
55381610,8
55381611,8
55381612,8
55381613,8|9
55381614,8|9
55381615,8|9
55381616,9
55381617,9
55381618,9
55381619,9
55381620,8
55381621,8
55381622,8
55381623,8
55381624,8
55381625,8|9
55381626,8|9
55381627,9
55381628,9
55381629,9
55381630,8
55381631,8
55381632,8
55381633,8
55381634,8
55381635,8
55381636,8|9
55381637,9
55381638,9
55381639,9
55381640,8
55381641,8
55381642,8
55381643,8
55381644,8
55381645,8
55381646,8|9
55381647,9
55381648,9
55381649,9
55381650,8
55381651,8
55381652,8
55381653,8
55381654,8
55381655,8
55381656,8|9
55381657,9
55381658,9
55381659,9
55381660,8
55381661,8
55381662,8
55381663,8
55381664,8
55381665,8|9
55381666,8|9
55381667,9
55381668,9
55381669,9
55381670,8
55381671,8
55381672,8
55381673,8
55381674,8
55381675,8|9
55381676,8|9
55381677,8|9
55381678,8|9
55381679,8|9
55381680,8
55381681,8
55381682,8
55381683,8
55381684,8
55381685,8|9
55381686,8|9
55381687,8|9
55381688,8
55381689,8|9
55381690,8
55381691,8
55381692,8
55381693,8
55381694,8
55381695,8
55381696,8
55381697,8
55381698,8
55381699,8
55381700,9
55381701,9
55381702,9
55381703,9
55381704,9
55381705,9
55381706,9
55381707,9
55381708,9
55381709,9
55381710,9
55381711,9
55381712,9
55381713,9
55381714,9
55381715,9
55381716,9
55381717,9
55381718,9
55381719,9
55381720,9
55381721,9
55381722,9
55381723,9
55381724,9
55381725,9
55381726,9
55381727,9
55381728,9
55381729,9
55381730,9
55381731,9
55381732,9
55381733,9
55381734,9
55381735,9
55381736,9
55381737,9
55381738,9
55381739,9
55381740,9
55381741,9
55381742,9
55381743,9
55381744,9
55381745,9
55381746,9
55381747,9
55381748,9
55381749,9
55381750,9
55381751,9
55381752,9
55381753,9
55381754,9
55381755,9
55381756,9
55381757,9
55381758,9
55381759,9
55381760,9
55381761,9
55381762,9
55381763,9
55381764,9
55381765,9
55381766,9
55381767,9
55381768,9
55381769,9
55381770,9
55381771,9
55381772,9
55381773,9
55381774,9
55381775,9
55381776,9
55381777,9
55381778,9
55381779,9
55381780,8|9
55381781,9
55381782,9
55381783,9
55381784,9
55381785,9
55381786,9
55381787,9
55381788,9
55381789,9
55381790,8|9
55381791,8|9
55381792,8|9
55381793,8|9
55381794,8|9
55381795,9
55381796,9
55381797,9
55381798,9
55381799,9
553820,8
553821,8
553822,8
553823,8
553824,8
553825,8
553826,8
55382700,8
55382701,8
55382702,8
55382703,8
55382704,8|9
55382705,9
55382706,9
55382707,9
55382708,9
55382709,9
55382710,8
55382711,8
55382712,8
55382713,8|9
55382714,8|9
55382715,9
55382716,9
55382717,9
55382718,9
55382719,9
55382720,8
55382721,8
55382722,8
55382723,8|9
55382724,9
55382725,9
55382726,9
55382727,9
55382728,9
55382729,9
55382730,8
55382731,8
55382732,8
55382733,8|9
55382734,9
55382735,9
55382736,9
55382737,9
55382738,9
55382739,9
55382740,8
55382741,8
55382742,8
55382743,8|9
55382744,9
55382745,9
55382746,9
55382747,9
55382748,9
55382749,9
55382750,8
55382751,8
55382752,8
55382753,8|9
55382754,9
55382755,9
55382756,9
55382757,9
55382758,9
55382759,9
55382760,8
55382761,8
55382762,8
55382763,8|9
55382764,8|9
55382765,9
55382766,9
55382767,8|9
55382768,8|9
55382769,9
55382770,8
55382771,8
55382772,8
55382773,8
55382774,8|9
55382775,8|9
55382776,8|9
55382777,8|9
55382778,8|9
55382779,9
55382780,8
55382781,8
55382782,8
55382783,8
55382784,8
55382785,8
55382786,8
55382787,8
55382788,8|9
55382789,9
55382790,8
55382791,8
55382792,8
55382793,8
55382794,8
55382795,8
55382796,8
55382797,8|9
55382798,8|9
55382799,9
553830,8
553831,8
553832,8
553833,8
553834,8
553835,8
553836,8
55383700,8
55383701,8
55383702,8
55383703,8
55383704,8
55383705,8
55383706,8
55383707,8|9
55383708,8|9
55383709,9
55383710,8
55383711,8
55383712,8
55383713,8
55383714,8
55383715,8
55383716,8
55383717,8|9
55383718,9
55383719,9
55383720,8
55383721,8
55383722,8
55383723,8
55383724,8
55383725,8
55383726,8
55383727,8|9
55383728,9
55383729,9
55383730,8
55383731,8
55383732,8
55383733,8
55383734,8
55383735,8
55383736,8
55383737,8|9
55383738,9
55383739,9
55383740,8
55383741,8
55383742,8
55383743,8
55383744,8
55383745,8
55383746,8
55383747,8|9
55383748,9
55383749,9
55383750,8
55383751,8
55383752,8
55383753,8
55383754,8
55383755,8
55383756,8
55383757,8|9
55383758,9
55383759,9
55383760,8
55383761,8
55383762,8
55383763,8
55383764,8
55383765,8
55383766,8
55383767,8|9
55383768,9
55383769,9
55383770,8
55383771,8
55383772,8
55383773,8
55383774,8
55383775,8
55383776,8
55383777,8|9
55383778,8|9
55383779,8|9
55383780,8
55383781,8
55383782,8
55383783,8
55383784,8
55383785,8
55383786,8
55383787,8
55383788,8
55383789,8
55383790,8
55383791,8
55383792,8
55383793,8
55383794,8
55383795,8
55383796,8
55383797,8
55383798,8
55383799,8
553840,8
553841,8
553842,8
553843,8
553844,8
553845,8
553846,8
553847,8
553850,8
553851,8
553852,8
553853,8
553854,8
553855,8
553856,8
553857,8
553860,8
553861,8
553862,8
553863,8
553864,8
553865,8
553866,8
553867,8
553872,8
553873,8
553874,8
553875,8
553876,8
553877,8
553900,9
553901,9
553902,9
553903,9
553904,9
553905,9
553906,9
553907,9
553910,9
553911,9
553912,9
553913,9
553914,9
553915,9
553916,9
553917,9
553920,9
553921,9
553922,9
553923,9
553924,9
553925,9
553926,9
553927,9
55393000,9
55393001,9
55393002,9
55393003,9
55393004,9
55393005,9
55393006,9
55393007,9
55393008,9
55393009,9
55393010,9
55393011,9
55393012,9
55393013,9
55393014,9
55393015,9
55393016,9
55393017,9
55393018,9
55393019,9
55393020,9
55393021,9
55393022,9
55393023,9
55393024,9
55393025,9
55393026,9
55393027,9
55393028,9
55393029,9
55393030,9
55393031,9
55393032,9
55393033,9
55393034,9
55393035,9
55393036,9
55393037,9
55393038,9
55393039,9
55393040,9
55393041,9
55393042,9
55393043,9
55393044,9
55393045,9
55393046,9
55393047,9
55393048,9
55393049,9
55393050,9
55393051,9
55393052,9
55393053,9
55393054,9
55393055,9
55393056,9
55393057,9
55393058,9
55393059,9
55393060,9
55393061,9
55393062,9
55393063,9
55393064,9
55393065,9
55393066,9
55393067,9
55393068,9
55393069,9
55393070,8|9
55393071,9
55393072,9
55393073,9
55393074,9
55393075,9
55393076,9
55393077,9
55393078,9
55393079,9
55393080,8|9
55393081,8|9
55393082,8|9
55393083,8|9
55393084,9
55393085,9
55393086,9
55393087,9
55393088,9
55393089,9
55393090,8
55393091,8
55393092,8
55393093,8|9
55393094,8|9
55393095,9
55393096,9
55393097,9
55393098,9
55393099,9
55393100,9
55393101,9
55393102,9
55393103,9
55393104,9
55393105,9
55393106,9
55393107,9
55393108,9
55393109,9
55393110,9
55393111,9
55393112,9
55393113,9
55393114,9
55393115,9
55393116,9
55393117,9
55393118,9
55393119,9
55393120,9
55393121,9
55393122,9
55393123,9
55393124,9
55393125,9
55393126,9
55393127,9
55393128,8|9
55393129,8|9
55393130,9
55393131,9
55393132,9
55393133,9
55393134,9
55393135,9
55393136,9
55393137,9
55393138,8|9
55393139,8|9
55393140,9
55393141,9
55393142,9
55393143,9
55393144,9
55393145,8|9
55393146,8|9
55393147,8|9
55393148,8|9
55393149,8|9
55393150,9
55393151,9
55393152,9
55393153,9
55393154,8|9
55393155,8|9
55393156,8|9
55393157,8|9
55393158,8|9
55393159,8|9
55393160,9
55393161,9
55393162,9
55393163,9
55393164,8|9
55393165,8
55393166,8
55393167,8
55393168,8
55393169,8|9
55393170,9
55393171,9
55393172,9
55393173,9
55393174,8|9
55393175,8
55393176,8
55393177,8
55393178,8
55393179,8|9
55393180,9
55393181,9
55393182,9
55393183,9
55393184,8|9
55393185,8
55393186,8
55393187,8
55393188,8
55393189,8
55393190,9
55393191,9
55393192,9
55393193,8|9
55393194,8|9
55393195,8
55393196,8
55393197,8
55393198,8
55393199,8
55393200,9
55393201,9
55393202,9
55393203,9
55393204,9
55393205,9
55393206,9
55393207,9
55393208,9
55393209,9
55393210,9
55393211,9
55393212,9
55393213,9
55393214,9
55393215,9
55393216,9
55393217,9
55393218,9
55393219,9
55393220,9
55393221,9
55393222,9
55393223,9
55393224,9
55393225,9
55393226,9
55393227,9
55393228,9
55393229,9
55393230,9
55393231,9
55393232,9
55393233,9
55393234,9
55393235,9
55393236,9
55393237,9
55393238,9
55393239,9
55393240,8|9
55393241,9
55393242,9
55393243,9
55393244,9
55393245,9
55393246,9
55393247,9
55393248,9
55393249,9
55393250,8|9
55393251,9
55393252,9
55393253,9
55393254,9
55393255,9
55393256,9
55393257,9
55393258,9
55393259,9
55393260,8|9
55393261,9
55393262,9
55393263,9
55393264,9
55393265,9
55393266,9
55393267,9
55393268,9
55393269,9
55393270,8|9
55393271,9
55393272,9
55393273,9
55393274,9
55393275,9
55393276,9
55393277,9
55393278,9
55393279,9
55393280,8|9
55393281,9
55393282,9
55393283,9
55393284,9
55393285,9
55393286,9
55393287,9
55393288,9
55393289,9
55393290,8|9
55393291,9
55393292,9
55393293,9
55393294,9
55393295,9
55393296,9
55393297,9
55393298,9
55393299,9
553933,9
553934,9
553935,9
553936,9
553937,9
55394000,8
55394001,8
55394002,8
55394003,8
55394004,8|9
55394005,8|9
55394006,9
55394007,9
55394008,9
55394009,9
55394010,8
55394011,8
55394012,8
55394013,8
55394014,8
55394015,8|9
55394016,8|9
55394017,8|9
55394018,9
55394019,9
55394020,8
55394021,8
55394022,8
55394023,8
55394024,8
55394025,8
55394026,8
55394027,8|9
55394028,9
55394029,9
55394030,8
55394031,8
55394032,8
55394033,8
55394034,8
55394035,8
55394036,8
55394037,8|9
55394038,9
55394039,9
55394040,8
55394041,8
55394042,8
55394043,8
55394044,8
55394045,8
55394046,8
55394047,8|9
55394048,9
55394049,8|9
55394050,8
55394051,8
55394052,8
55394053,8
55394054,8
55394055,8
55394056,8
55394057,8|9
55394058,9
55394059,8|9
55394060,8
55394061,8
55394062,8
55394063,8
55394064,8
55394065,8
55394066,8
55394067,8|9
55394068,8|9
55394069,8|9
55394070,8
55394071,8
55394072,8
55394073,8
55394074,8
55394075,8
55394076,8
55394077,8|9
55394078,8
55394079,8
55394080,8
55394081,8
55394082,8
55394083,8
55394084,8
55394085,8
55394086,8
55394087,8
55394088,8
55394089,8
55394090,8
55394091,8
55394092,8
55394093,8
55394094,8
55394095,8
55394096,8
55394097,8
55394098,8
55394099,8
55394100,9
55394101,9
55394102,8|9
55394103,8|9
55394104,8
55394105,8
55394106,8
55394107,8
55394108,8
55394109,8|9
55394110,9
55394111,8|9
55394112,8|9
55394113,8
55394114,8
55394115,8
55394116,8
55394117,8
55394118,8
55394119,8|9
55394120,8|9
55394121,8|9
55394122,8
55394123,8
55394124,8
55394125,8
55394126,8
55394127,8
55394128,8
55394129,8|9
55394130,8|9
55394131,8
55394132,8
55394133,8
55394134,8
55394135,8
55394136,8
55394137,8
55394138,8
55394139,8|9
55394140,8|9
55394141,8
55394142,8
55394143,8
55394144,8
55394145,8
55394146,8
55394147,8
55394148,8
55394149,8
55394150,8|9
55394151,8
55394152,8
55394153,8
55394154,8
55394155,8
55394156,8
55394157,8
55394158,8
55394159,8
55394160,8
55394161,8
55394162,8
55394163,8
55394164,8
55394165,8
55394166,8
55394167,8
55394168,8
55394169,8
55394170,8
55394171,8
55394172,8
55394173,8
55394174,8
55394175,8
55394176,8
55394177,8
55394178,8
55394179,8|9
55394180,8
55394181,8
55394182,8
55394183,8
55394184,8
55394185,8
55394186,8
55394187,8
55394188,8
55394189,8|9
55394190,8
55394191,8
55394192,8
55394193,8
55394194,8
55394195,8
55394196,8
55394197,8
55394198,8
55394199,8|9
55394200,8|9
55394201,9
55394202,9
55394203,9
55394204,9
55394205,9
55394206,9
55394207,9
55394208,9
55394209,9
55394210,9
55394211,9
55394212,9
55394213,9
55394214,9
55394215,9
55394216,9
55394217,9
55394218,9
55394219,9
55394220,9
55394221,9
55394222,9
55394223,9
55394224,9
55394225,9
55394226,9
55394227,9
55394228,9
55394229,9
55394230,8|9
55394231,9
55394232,9
55394233,9
55394234,9
55394235,9
55394236,9
55394237,9
55394238,9
55394239,9
55394240,8|9
55394241,9
55394242,9
55394243,9
55394244,9
55394245,9
55394246,9
55394247,9
55394248,9
55394249,9
55394250,8|9
55394251,9
55394252,9
55394253,9
55394254,9
55394255,9
55394256,9
55394257,9
55394258,9
55394259,9
55394260,8|9
55394261,9
55394262,9
55394263,9
55394264,9
55394265,9
55394266,9
55394267,9
55394268,9
55394269,9
55394270,8|9
55394271,9
55394272,9
55394273,9
55394274,9
55394275,9
55394276,9
55394277,9
55394278,9
55394279,9
55394280,9
55394281,9
55394282,9
55394283,9
55394284,9
55394285,9
55394286,9
55394287,9
55394288,9
55394289,9
55394290,9
55394291,9
55394292,9
55394293,9
55394294,9
55394295,9
55394296,9
55394297,9
55394298,9
55394299,9
553943,9
553944,9
553945,9
553946,9
553947,9
553950,8
55395100,8
55395101,8
55395102,8
55395103,8
55395104,8
55395105,8
55395106,8
55395107,8
55395108,8
55395109,8|9
55395110,8
55395111,8
55395112,8
55395113,8
55395114,8
55395115,8
55395116,8
55395117,8
55395118,8|9
55395119,8|9
55395120,8
55395121,8
55395122,8
55395123,8
55395124,8
55395125,8
55395126,8
55395127,8
55395128,8|9
55395129,9
55395130,8
55395131,8
55395132,8
55395133,8
55395134,8
55395135,8
55395136,8
55395137,8
55395138,8|9
55395139,9
55395140,8
55395141,8
55395142,8
55395143,8
55395144,8
55395145,8
55395146,8
55395147,8
55395148,8|9
55395149,8|9
55395150,8
55395151,8
55395152,8
55395153,8
55395154,8
55395155,8
55395156,8
55395157,8
55395158,8
55395159,8|9
55395160,8
55395161,8
55395162,8
55395163,8
55395164,8
55395165,8
55395166,8
55395167,8
55395168,8
55395169,8|9
55395170,8
55395171,8
55395172,8
55395173,8
55395174,8
55395175,8
55395176,8
55395177,8
55395178,8
55395179,8|9
55395180,8
55395181,8
55395182,8
55395183,8
55395184,8
55395185,8
55395186,8
55395187,8
55395188,8
55395189,8|9
55395190,8
55395191,8
55395192,8
55395193,8
55395194,8
55395195,8
55395196,8
55395197,8
55395198,8
55395199,8|9
55395200,9
55395201,9
55395202,9
55395203,9
55395204,9
55395205,9
55395206,9
55395207,9
55395208,9
55395209,9
55395210,9
55395211,9
55395212,9
55395213,9
55395214,9
55395215,9
55395216,9
55395217,9
55395218,9
55395219,9
55395220,9
55395221,9
55395222,9
55395223,9
55395224,9
55395225,9
55395226,9
55395227,9
55395228,9
55395229,9
55395230,9
55395231,9
55395232,9
55395233,9
55395234,9
55395235,9
55395236,9
55395237,9
55395238,9
55395239,9
55395240,9
55395241,9
55395242,9
55395243,9
55395244,9
55395245,9
55395246,9
55395247,9
55395248,9
55395249,9
55395250,9
55395251,9
55395252,9
55395253,9
55395254,9
55395255,9
55395256,9
55395257,9
55395258,9
55395259,9
55395260,9
55395261,9
55395262,9
55395263,9
55395264,9
55395265,9
55395266,9
55395267,9
55395268,9
55395269,9
55395270,9
55395271,9
55395272,9
55395273,9
55395274,9
55395275,9
55395276,9
55395277,9
55395278,9
55395279,9
55395280,8|9
55395281,9
55395282,9
55395283,9
55395284,9
55395285,9
55395286,9
55395287,9
55395288,9
55395289,9
55395290,8|9
55395291,9
55395292,9
55395293,9
55395294,9
55395295,9
55395296,9
55395297,9
55395298,9
55395299,9
553953,9
553954,9
553955,9
553956,9
553957,9
553960,8
55396100,8
55396101,8
55396102,8
55396103,8
55396104,8
55396105,8
55396106,8
55396107,8
55396108,8
55396109,8|9
55396110,8
55396111,8
55396112,8
55396113,8
55396114,8
55396115,8
55396116,8
55396117,8
55396118,8
55396119,8|9
55396120,8
55396121,8
55396122,8
55396123,8
55396124,8
55396125,8
55396126,8
55396127,8
55396128,8|9
55396129,8|9
55396130,8
55396131,8
55396132,8
55396133,8
55396134,8
55396135,8|9
55396136,8|9
55396137,8|9
55396138,8|9
55396139,9
55396140,8
55396141,8
55396142,8
55396143,8
55396144,8
55396145,8|9
55396146,9
55396147,8|9
55396148,8|9
55396149,9
55396150,8
55396151,8
55396152,8
55396153,8
55396154,8|9
55396155,8|9
55396156,9
55396157,8|9
55396158,9
55396159,9
55396160,8
55396161,8
55396162,8
55396163,8|9
55396164,8|9
55396165,9
55396166,9
55396167,9
55396168,9
55396169,9
55396170,8
55396171,8
55396172,8
55396173,8|9
55396174,9
55396175,9
55396176,9
55396177,9
55396178,9
55396179,9
55396180,8
55396181,8
55396182,8
55396183,8|9
55396184,9
55396185,9
55396186,9
55396187,9
55396188,9
55396189,9
55396190,8
55396191,8
55396192,8
55396193,8|9
55396194,9
55396195,9
55396196,9
55396197,9
55396198,9
55396199,9
553962,9
553963,9
553964,9
553965,9
553966,9
553967,9
553970,8
55397100,8
55397101,8
55397102,8
55397103,8|9
55397104,8|9
55397105,9
55397106,9
55397107,9
55397108,9
55397109,9
55397110,8
55397111,8
55397112,8
55397113,8
55397114,8|9
55397115,8|9
55397116,9
55397117,9
55397118,9
55397119,9
55397120,8
55397121,8
55397122,8
55397123,8
55397124,8
55397125,8|9
55397126,9
55397127,9
55397128,9
55397129,9
55397130,8
55397131,8
55397132,8
55397133,8
55397134,8
55397135,8|9
55397136,8|9
55397137,9
55397138,9
55397139,9
55397140,8
55397141,8
55397142,8
55397143,8
55397144,8
55397145,8
55397146,8|9
55397147,8|9
55397148,9
55397149,9
55397150,8
55397151,8
55397152,8
55397153,8
55397154,8
55397155,8
55397156,8
55397157,8|9
55397158,9
55397159,9
55397160,8
55397161,8
55397162,8
55397163,8
55397164,8
55397165,8
55397166,8
55397167,8|9
55397168,9
55397169,9
55397170,8
55397171,8
55397172,8
55397173,8
55397174,8
55397175,8
55397176,8
55397177,8|9
55397178,9
55397179,9
55397180,8
55397181,8
55397182,8
55397183,8
55397184,8
55397185,8
55397186,8
55397187,8|9
55397188,9
55397189,9
55397190,8
55397191,8
55397192,8
55397193,8
55397194,8
55397195,8
55397196,8
55397197,8|9
55397198,9
55397199,9
553972,9
553973,9
553974,9
553975,9
553976,9
553977,9
554000,9
554001,9
554002,9
554003,9
554004,9
554005,9
554010,9
554011,9
554012,9
554013,9
554014,9
554015,9
554016,9
554020,9
554021,9
554022,9
554023,9
554024,9
554025,9
554026,9
554027,9
554030,9
554031,9
554032,9
554033,9
554034,9
554035,9
554036,9
554037,9
554040,9
554041,9
554042,9
554043,9
554044,9
554045,9
554046,9
554047,9
554050,9
554051,9
554052,9
554053,9
554054,9
554055,9
554056,9
554057,9
554060,9
554061,9
554062,9
554063,9
554064,9
554065,9
554066,9
554067,9
554070,9
554071,9
554072,9
554073,9
554074,9
554075,9
554076,9
554077,9
554150,9
554160,9
554170,9
563605,7
563606,7
563607,7
563617,7
563626,7
563636,7
563637,7
563667,7
563700,7
563701,7
563702,7
563710,7
563711,7
563712,7
563721,7
563722,7
563803,8
563804,8
563805,8
563806,8
563807,8
563814,8
563815,8
563816,8
563817,8
563825,8
563826,8
563827,8
563835,8
563836,8
563837,8
563846,8
563847,8
563851,8
563852,8
563856,8
563857,8
563861,8
563862,8
563863,8
563866,8
563867,8
563871,8
563872,8
563873,8
563874,8
563900,8
56390100,8
56390101,8
56390102,8
56390103,8
56390104,8
56390105,8
56390106,8
56390107,8|9
56390108,8|9
56390109,9
56390110,8
56390111,8
56390112,8
56390113,8
56390114,8
56390115,8
56390116,8
56390117,8
56390118,8|9
56390119,9
56390120,8
56390121,8
56390122,8
56390123,8
56390124,8
56390125,8
56390126,8
56390127,8
56390128,8|9
56390129,9
56390130,8
56390131,8
56390132,8
56390133,8
56390134,8
56390135,8
56390136,8
56390137,8
56390138,8|9
56390139,9
56390140,8
56390141,8
56390142,8
56390143,8
56390144,8
56390145,8
56390146,8
56390147,8
56390148,8|9
56390149,8|9
56390150,8
56390151,8
56390152,8
56390153,8
56390154,8
56390155,8
56390156,8
56390157,8
56390158,8|9
56390159,9
56390160,8
56390161,8
56390162,8
56390163,8
56390164,8
56390165,8
56390166,8
56390167,8|9
56390168,8|9
56390169,9
56390170,8
56390171,8
56390172,8
56390173,8
56390174,8
56390175,8
56390176,8|9
56390177,8|9
56390178,8|9
56390179,9
56390180,8
56390181,8
56390182,8
56390183,8
56390184,8
56390185,8
56390186,8|9
56390187,9
56390188,9
56390189,9
56390190,8
56390191,8
56390192,8
56390193,8
56390194,8
56390195,8|9
56390196,8|9
56390197,9
56390198,9
56390199,9
563902,9
563903,9
563904,9
563905,9
563906,9
563907,9
563910,8
56391100,8
56391101,8
56391102,8
56391103,8
56391104,8
56391105,8
56391106,8|9
56391107,9
56391108,9
56391109,9
56391110,8
56391111,8
56391112,8
56391113,8
56391114,8
56391115,8
56391116,8|9
56391117,9
56391118,9
56391119,9
56391120,8
56391121,8
56391122,8
56391123,8
56391124,8
56391125,8
56391126,8|9
56391127,8|9
56391128,9
56391129,9
56391130,8
56391131,8
56391132,8
56391133,8
56391134,8
56391135,8
56391136,8
56391137,8|9
56391138,8|9
56391139,8|9
56391140,8
56391141,8
56391142,8
56391143,8
56391144,8
56391145,8
56391146,8
56391147,8
56391148,8
56391149,8|9
56391150,8
56391151,8
56391152,8
56391153,8
56391154,8
56391155,8
56391156,8
56391157,8
56391158,8
56391159,8
56391160,8
56391161,8
56391162,8
56391163,8
56391164,8
56391165,8
56391166,8
56391167,8
56391168,8
56391169,8
56391170,8
56391171,8
56391172,8
56391173,8
56391174,8
56391175,8
56391176,8
56391177,8
56391178,8
56391179,8
56391180,8
56391181,8
56391182,8
56391183,8
56391184,8
56391185,8
56391186,8
56391187,8
56391188,8
56391189,8
56391190,8
56391191,8
56391192,8
56391193,8
56391194,8
56391195,8
56391196,8
56391197,8
56391198,8
56391199,8
56391200,9
56391201,9
56391202,9
56391203,9
56391204,9
56391205,9
56391206,9
56391207,9
56391208,9
56391209,9
56391210,9
56391211,9
56391212,9
56391213,9
56391214,9
56391215,9
56391216,9
56391217,9
56391218,9
56391219,9
56391220,9
56391221,9
56391222,9
56391223,9
56391224,9
56391225,9
56391226,9
56391227,9
56391228,9
56391229,9
56391230,8|9
56391231,8|9
56391232,8|9
56391233,9
56391234,9
56391235,9
56391236,9
56391237,9
56391238,9
56391239,9
56391240,8|9
56391241,8|9
56391242,8|9
56391243,8|9
56391244,8|9
56391245,8|9
56391246,8|9
56391247,9
56391248,9
56391249,9
56391250,8
56391251,8
56391252,8
56391253,8
56391254,8|9
56391255,8|9
56391256,8|9
56391257,8|9
56391258,8|9
56391259,8|9
56391260,8
56391261,8
56391262,8
56391263,8
56391264,8
56391265,8
56391266,8
56391267,8
56391268,8|9
56391269,8|9
56391270,8
56391271,8
56391272,8
56391273,8
56391274,8
56391275,8
56391276,8
56391277,8
56391278,8
56391279,8
56391280,8
56391281,8
56391282,8
56391283,8
56391284,8
56391285,8
56391286,8
56391287,8
56391288,8
56391289,8
56391290,8
56391291,8
56391292,8
56391293,8
56391294,8
56391295,8
56391296,8
56391297,8
56391298,8
56391299,8
56391300,9
56391301,9
56391302,9
56391303,9
56391304,9
56391305,9
56391306,9
56391307,9
56391308,9
56391309,9
56391310,9
56391311,9
56391312,9
56391313,9
56391314,9
56391315,9
56391316,9
56391317,9
56391318,9
56391319,9
56391320,9
56391321,9
56391322,9
56391323,9
56391324,9
56391325,9
56391326,9
56391327,9
56391328,9
56391329,9
56391330,9
56391331,9
56391332,9
56391333,9
56391334,9
56391335,9
56391336,9
56391337,9
56391338,9
56391339,9
56391340,9
56391341,9
56391342,9
56391343,9
56391344,9
56391345,9
56391346,9
56391347,9
56391348,9
56391349,9
56391350,8|9
56391351,8|9
56391352,8|9
56391353,9
56391354,9
56391355,9
56391356,9
56391357,9
56391358,9
56391359,9
56391360,8
56391361,8
56391362,8|9
56391363,9
56391364,9
56391365,9
56391366,9
56391367,9
56391368,9
56391369,9
56391370,8
56391371,8
56391372,8|9
56391373,9
56391374,9
56391375,9
56391376,9
56391377,9
56391378,9
56391379,9
56391380,8
56391381,8
56391382,8|9
56391383,9
56391384,9
56391385,9
56391386,9
56391387,9
56391388,9
56391389,9
56391390,8
56391391,8
56391392,8|9
56391393,8|9
56391394,9
56391395,9
56391396,9
56391397,9
56391398,9
56391399,9
563914,9
563915,9
563916,9
563917,9
563920,8
563921,8
563922,8
56392300,8
56392301,8
56392302,8|9
56392303,8|9
56392304,9
56392305,9
56392306,9
56392307,8|9
56392308,8|9
56392309,9
56392310,8
56392311,8
56392312,8
56392313,8|9
56392314,8|9
56392315,8|9
56392316,8|9
56392317,8|9
56392318,8|9
56392319,8|9
56392320,8
56392321,8
56392322,8
56392323,8
56392324,8
56392325,8|9
56392326,8|9
56392327,8
56392328,8
56392329,8
56392330,8
56392331,8
56392332,8
56392333,8
56392334,8
56392335,8
56392336,8
56392337,8
56392338,8
56392339,8
56392340,8
56392341,8
56392342,8
56392343,8
56392344,8
56392345,8
56392346,8
56392347,8
56392348,8
56392349,8
56392350,8
56392351,8
56392352,8
56392353,8
56392354,8
56392355,8
56392356,8
56392357,8
56392358,8
56392359,8
56392360,8
56392361,8
56392362,8
56392363,8
56392364,8
56392365,8
56392366,8
56392367,8
56392368,8
56392369,8
56392370,8
56392371,8
56392372,8
56392373,8
56392374,8
56392375,8
56392376,8
56392377,8
56392378,8
56392379,8
56392380,8
56392381,8
56392382,8
56392383,8
56392384,8
56392385,8
56392386,8
56392387,8
56392388,8
56392389,8
56392390,8
56392391,8
56392392,8
56392393,8
56392394,8
56392395,8
56392396,8
56392397,8
56392398,8
56392399,8
56392400,9
56392401,9
56392402,9
56392403,8|9
56392404,8|9
56392405,8|9
56392406,8|9
56392407,9
56392408,9
56392409,9
56392410,8|9
56392411,8|9
56392412,8|9
56392413,8|9
56392414,8
56392415,8
56392416,8|9
56392417,9
56392418,9
56392419,9
56392420,8
56392421,8
56392422,8
56392423,8
56392424,8
56392425,8
56392426,8|9
56392427,8|9
56392428,9
56392429,9
56392430,8
56392431,8
56392432,8
56392433,8
56392434,8
56392435,8
56392436,8|9
56392437,8|9
56392438,9
56392439,9
56392440,8
56392441,8
56392442,8
56392443,8
56392444,8
56392445,8|9
56392446,8|9
56392447,9
56392448,9
56392449,9
56392450,8
56392451,8
56392452,8
56392453,8
56392454,8
56392455,8|9
56392456,9
56392457,9
56392458,9
56392459,9
56392460,8
56392461,8
56392462,8
56392463,8
56392464,8
56392465,8|9
56392466,9
56392467,9
56392468,9
56392469,9
56392470,8
56392471,8
56392472,8
56392473,8
56392474,8
56392475,8|9
56392476,9
56392477,9
56392478,9
56392479,9
56392480,8
56392481,8
56392482,8
56392483,8
56392484,8
56392485,8|9
56392486,9
56392487,9
56392488,9
56392489,9
56392490,8
56392491,8
56392492,8
56392493,8
56392494,8
56392495,8|9
56392496,9
56392497,9
56392498,9
56392499,9
563925,9
563926,9
563927,9
563930,8
563931,8
563932,8
563933,8
56393400,8
56393401,8
56393402,8
56393403,8
56393404,8
56393405,8|9
56393406,9
56393407,9
56393408,9
56393409,9
56393410,8
56393411,8
56393412,8
56393413,8
56393414,8|9
56393415,8|9
56393416,9
56393417,9
56393418,9
56393419,9
56393420,8
56393421,8
56393422,8
56393423,8|9
56393424,8|9
56393425,9
56393426,9
56393427,9
56393428,9
56393429,9
56393430,8
56393431,8
56393432,8
56393433,8|9
56393434,8|9
56393435,9
56393436,9
56393437,9
56393438,9
56393439,9
56393440,8
56393441,8
56393442,8
56393443,8|9
56393444,8|9
56393445,9
56393446,9
56393447,9
56393448,9
56393449,9
56393450,8
56393451,8
56393452,8
56393453,8|9
56393454,9
56393455,9
56393456,9
56393457,9
56393458,9
56393459,9
56393460,8
56393461,8
56393462,8
56393463,8|9
56393464,8|9
56393465,9
56393466,9
56393467,9
56393468,9
56393469,9
56393470,8
56393471,8
56393472,8
56393473,8|9
56393474,8|9
56393475,9
56393476,9
56393477,9
56393478,9
56393479,9
56393480,8
56393481,8
56393482,8
56393483,8
56393484,8|9
56393485,8|9
56393486,8|9
56393487,9
56393488,9
56393489,9
56393490,8
56393491,8
56393492,8
56393493,8
56393494,8
56393495,8
56393496,8|9
56393497,8|9
56393498,9
56393499,9
563935,9
563936,9
563937,9
563940,8
563941,8
563942,8
563943,8
56394400,8
56394401,8
56394402,8
56394403,8
56394404,8
56394405,8
56394406,8
56394407,8|9
56394408,8|9
56394409,9
56394410,8
56394411,8
56394412,8
56394413,8
56394414,8
56394415,8
56394416,8
56394417,8
56394418,8|9
56394419,9
56394420,8
56394421,8
56394422,8
56394423,8
56394424,8
56394425,8
56394426,8
56394427,8
56394428,8|9
56394429,8|9
56394430,8
56394431,8
56394432,8
56394433,8
56394434,8
56394435,8
56394436,8
56394437,8
56394438,8
56394439,8|9
56394440,8
56394441,8
56394442,8
56394443,8
56394444,8
56394445,8
56394446,8
56394447,8
56394448,8
56394449,8|9
56394450,8
56394451,8
56394452,8
56394453,8
56394454,8
56394455,8
56394456,8
56394457,8
56394458,8
56394459,8|9
56394460,8
56394461,8
56394462,8
56394463,8
56394464,8
56394465,8
56394466,8
56394467,8
56394468,8
56394469,8
56394470,8
56394471,8
56394472,8
56394473,8
56394474,8
56394475,8
56394476,8
56394477,8
56394478,8
56394479,8
56394480,8
56394481,8
56394482,8
56394483,8
56394484,8
56394485,8
56394486,8
56394487,8
56394488,8
56394489,8
56394490,8
56394491,8
56394492,8
56394493,8
56394494,8
56394495,8
56394496,8
56394497,8
56394498,8
56394499,8
56394500,9
56394501,9
56394502,9
56394503,9
56394504,9
56394505,9
56394506,9
56394507,9
56394508,9
56394509,9
56394510,9
56394511,9
56394512,9
56394513,9
56394514,9
56394515,9
56394516,9
56394517,9
56394518,9
56394519,9
56394520,8|9
56394521,9
56394522,9
56394523,9
56394524,9
56394525,9
56394526,9
56394527,9
56394528,9
56394529,9
56394530,8|9
56394531,9
56394532,9
56394533,9
56394534,9
56394535,9
56394536,9
56394537,9
56394538,9
56394539,9
56394540,9
56394541,9
56394542,9
56394543,9
56394544,9
56394545,9
56394546,9
56394547,9
56394548,9
56394549,9
56394550,8|9
56394551,9
56394552,9
56394553,9
56394554,9
56394555,9
56394556,9
56394557,9
56394558,9
56394559,9
56394560,8|9
56394561,8|9
56394562,9
56394563,9
56394564,9
56394565,9
56394566,9
56394567,9
56394568,9
56394569,9
56394570,8
56394571,8|9
56394572,8|9
56394573,9
56394574,9
56394575,9
56394576,9
56394577,9
56394578,9
56394579,9
56394580,8
56394581,8
56394582,8|9
56394583,9
56394584,9
56394585,9
56394586,9
56394587,9
56394588,9
56394589,9
56394590,8
56394591,8
56394592,8|9
56394593,9
56394594,9
56394595,9
56394596,9
56394597,9
56394598,9
56394599,9
563946,9
563947,9
563950,8
563951,8
563952,8
563953,8
563954,8
56395500,8
56395501,8
56395502,8|9
56395503,8|9
56395504,9
56395505,9
56395506,9
56395507,9
56395508,9
56395509,9
56395510,8
56395511,8
56395512,8
56395513,8|9
56395514,9
56395515,9
56395516,9
56395517,9
56395518,9
56395519,9
56395520,8
56395521,8
56395522,8
56395523,8|9
56395524,8|9
56395525,9
56395526,9
56395527,9
56395528,9
56395529,9
56395530,8
56395531,8
56395532,8
56395533,8
56395534,8|9
56395535,8|9
56395536,9
56395537,9
56395538,9
56395539,9
56395540,8
56395541,8
56395542,8
56395543,8
56395544,8
56395545,8|9
56395546,8|9
56395547,9
56395548,9
56395549,9
56395550,8
56395551,8
56395552,8
56395553,8
56395554,8
56395555,8
56395556,8|9
56395557,8|9
56395558,9
56395559,9
56395560,8
56395561,8
56395562,8
56395563,8
56395564,8
56395565,8
56395566,8
56395567,8|9
56395568,9
56395569,9
56395570,8
56395571,8
56395572,8
56395573,8
56395574,8
56395575,8
56395576,8
56395577,8|9
56395578,8|9
56395579,8|9
56395580,8
56395581,8
56395582,8
56395583,8
56395584,8
56395585,8
56395586,8
56395587,8
56395588,8
56395589,8|9|10
56395590,8
56395591,8
56395592,8
56395593,8
56395594,8
56395595,8
56395596,8
56395597,8
56395598,8|9|10
56395599,8|9|10
56395600,9
56395601,9
56395602,9
56395603,9
56395604,9
56395605,9
56395606,9
56395607,9
56395608,9
56395609,9
56395610,9
56395611,9
56395612,9
56395613,9
56395614,9
56395615,9
56395616,9
56395617,9
56395618,9
56395619,9
56395620,9
56395621,9
56395622,9
56395623,9
56395624,9
56395625,9
56395626,9
56395627,9
56395628,9
56395629,9
56395630,9
56395631,9
56395632,9
56395633,9
56395634,9
56395635,9
56395636,9
56395637,9
56395638,9
56395639,9
56395640,9
56395641,9
56395642,9
56395643,9
56395644,9
56395645,9
56395646,9
56395647,9
56395648,9
56395649,9
56395650,9
56395651,9
56395652,9
56395653,9
56395654,9
56395655,9
56395656,9
56395657,9
56395658,9
56395659,9
56395660,9
56395661,9
56395662,9
56395663,9
56395664,9|10
56395665,9|10
56395666,9
56395667,9
56395668,9
56395669,9
56395670,9
56395671,9
56395672,9
56395673,9|10
56395674,9|10
56395675,9|10
56395676,9|10
56395677,9|10
56395678,9
56395679,9|10
56395680,9|10
56395681,9
56395682,9
56395683,9|10
56395684,10
56395685,10
56395686,10
56395687,9|10
56395688,9|10
56395689,9|10
56395690,9|10
56395691,9|10
56395692,9|10
56395693,9|10
56395694,10
56395695,10
56395696,10
56395697,10
56395698,9|10
56395699,9|10
56395700,9
56395701,9
56395702,9
56395703,9
56395704,9
56395705,9
56395706,9
56395707,9
56395708,9
56395709,9
56395710,9
56395711,9
56395712,9
56395713,9
56395714,9
56395715,9
56395716,9
56395717,9
56395718,9|10
56395719,9|10
56395720,9
56395721,9
56395722,9
56395723,9
56395724,9
56395725,9
56395726,9
56395727,9
56395728,9|10
56395729,10
56395730,9
56395731,9
56395732,9
56395733,9
56395734,9
56395735,9
56395736,9
56395737,9|10
56395738,9|10
56395739,10
56395740,9
56395741,9
56395742,9
56395743,9
56395744,9
56395745,9
56395746,9
56395747,9|10
56395748,10
56395749,10
56395750,9
56395751,9
56395752,9
56395753,9
56395754,9
56395755,9
56395756,9|10
56395757,9|10
56395758,10
56395759,10
56395760,9
56395761,9
56395762,9
56395763,9
56395764,9
56395765,9
56395766,9|10
56395767,10
56395768,10
56395769,10
56395770,9|10
56395771,9|10
56395772,9|10
56395773,9|10
56395774,9|10
56395775,9|10
56395776,9|10
56395777,10
56395778,10
56395779,10
56395780,9|10
56395781,10
56395782,10
56395783,10
56395784,9|10
56395785,9|10
56395786,10
56395787,10
56395788,10
56395789,10
56395790,10
56395791,10
56395792,10
56395793,10
56395794,9|10
56395795,9|10
56395796,10
56395797,10
56395798,10
56395799,10
563960,8
563961,8
563962,8
563963,8
563964,8
56396500,8
56396501,8
56396502,8
56396503,8
56396504,8
56396505,8
56396506,8
56396507,8|9|10
56396508,8|9|10
56396509,10
56396510,8
56396511,8
56396512,8
56396513,8
56396514,8|9|10
56396515,8|9|10
56396516,8|9
56396517,8|9|10
56396518,10
56396519,10
56396520,8
56396521,8
56396522,8
56396523,8|10
56396524,8|10
56396525,9|10
56396526,8|9|10
56396527,8|9|10
56396528,10
56396529,10
56396530,8
56396531,8
56396532,8|10
56396533,8|10
56396534,10
56396535,10
56396536,10
56396537,10
56396538,10
56396539,10
56396540,8
56396541,8
56396542,8|10
56396543,10
56396544,10
56396545,10
56396546,10
56396547,10
56396548,10
56396549,10
56396550,8
56396551,8|10
56396552,8|10
56396553,10
56396554,10
56396555,10
56396556,10
56396557,10
56396558,10
56396559,10
56396560,8|10
56396561,8|10
56396562,10
56396563,10
56396564,10
56396565,10
56396566,10
56396567,10
56396568,10
56396569,10
56396570,8|10
56396571,10
56396572,10
56396573,10
56396574,10
56396575,10
56396576,10
56396577,10
56396578,10
56396579,10
56396580,8|10
56396581,10
56396582,10
56396583,10
56396584,10
56396585,10
56396586,10
56396587,10
56396588,10
56396589,10
56396590,8|10
56396591,10
56396592,10
56396593,10
56396594,10
56396595,10
56396596,10
56396597,10
56396598,10
56396599,10
563966,10
563967,10
563970,8
563971,8
563972,8
563973,8
56397400,8
56397401,8
56397402,8
56397403,8
56397404,8
56397405,8
56397406,8
56397407,8
56397408,8
56397409,8|10
56397410,8
56397411,8
56397412,8
56397413,8
56397414,8
56397415,8
56397416,8
56397417,8
56397418,8
56397419,8
56397420,8
56397421,8
56397422,8
56397423,8
56397424,8
56397425,8
56397426,8
56397427,8
56397428,8
56397429,8
56397430,8
56397431,8
56397432,8
56397433,8
56397434,8
56397435,8
56397436,8
56397437,8
56397438,8
56397439,8
56397440,8
56397441,8
56397442,8
56397443,8
56397444,8
56397445,8
56397446,8
56397447,8
56397448,8
56397449,8
56397450,8
56397451,8
56397452,8
56397453,8
56397454,8
56397455,8
56397456,8
56397457,8
56397458,8
56397459,8
56397460,8
56397461,8
56397462,8
56397463,8
56397464,8
56397465,8
56397466,8
56397467,8
56397468,8
56397469,8
56397470,8
56397471,8
56397472,8
56397473,8
56397474,8
56397475,8
56397476,8
56397477,8
56397478,8
56397479,8
56397480,8
56397481,8
56397482,8
56397483,8
56397484,8
56397485,8
56397486,8
56397487,8
56397488,8
56397489,8
56397490,8
56397491,8
56397492,8
56397493,8
56397494,8
56397495,8
56397496,8
56397497,8
56397498,8
56397499,8
56397500,8|10
56397501,10
56397502,10
56397503,10
56397504,10
56397505,10
56397506,10
56397507,10
56397508,10
56397509,10
56397510,8|10
56397511,8|10
56397512,10
56397513,10
56397514,10
56397515,10
56397516,10
56397517,10
56397518,10
56397519,10
56397520,8
56397521,8|10
56397522,10
56397523,10
56397524,10
56397525,10
56397526,10
56397527,10
56397528,10
56397529,10
56397530,8
56397531,8|10
56397532,10
56397533,10
56397534,10
56397535,10
56397536,10
56397537,10
56397538,10
56397539,10
56397540,8
56397541,8|10
56397542,10
56397543,10
56397544,10
56397545,10
56397546,10
56397547,10
56397548,10
56397549,10
56397550,8
56397551,8|10
56397552,10
56397553,10
56397554,10
56397555,10
56397556,10
56397557,10
56397558,10
56397559,10
56397560,8
56397561,8|10
56397562,10
56397563,10
56397564,10
56397565,10
56397566,10
56397567,10
56397568,10
56397569,10
56397570,8
56397571,8|10
56397572,10
56397573,10
56397574,10
56397575,10
56397576,10
56397577,10
56397578,10
56397579,10
56397580,8
56397581,8|10
56397582,10
56397583,10
56397584,10
56397585,10
56397586,10
56397587,10
56397588,10
56397589,10
56397590,8
56397591,8|10
56397592,8|10
56397593,10
56397594,10
56397595,10
56397596,10
56397597,10
56397598,10
56397599,10
563976,10
563977,10
564000,9
564001,9
564002,9
564003,9
564004,9
564005,9
564006,9
564007,9
564010,9
564011,9
564012,9
564013,9
564014,9
564015,9
564016,9
564017,9
564020,9
564021,9
564022,9
564023,9
564024,9
564025,9
564026,9
564027,9
564030,9
564031,9
564032,9
564033,9
564034,9
564035,9
564036,9
564037,9
56404000,9
56404001,9
56404002,9
56404003,9
56404004,9
56404005,9
56404006,9
56404007,9
56404008,9
56404009,9
56404010,9
56404011,9
56404012,9
56404013,9
56404014,9
56404015,9
56404016,9
56404017,9
56404018,9
56404019,9
56404020,9
56404021,9
56404022,9
56404023,9
56404024,9
56404025,9
56404026,9
56404027,9
56404028,9
56404029,9
56404030,9
56404031,9
56404032,9
56404033,9
56404034,9
56404035,9
56404036,9
56404037,9
56404038,9
56404039,9
56404040,9
56404041,9
56404042,9
56404043,9
56404044,9
56404045,9
56404046,9
56404047,9
56404048,9
56404049,9
56404050,9
56404051,9
56404052,9
56404053,9
56404054,9
56404055,9
56404056,9
56404057,9
56404058,9
56404059,9
56404060,9
56404061,9
56404062,9
56404063,9
56404064,9
56404065,9
56404066,9
56404067,9
56404068,9
56404069,9
56404070,9
56404071,9
56404072,9
56404073,9
56404074,9
56404075,9
56404076,9
56404077,9
56404078,9
56404079,9
56404080,9
56404081,9
56404082,9
56404083,9
56404084,9
56404085,9
56404086,9
56404087,9|10
56404088,9|10
56404089,9|10
56404090,9
56404091,9
56404092,9
56404093,9
56404094,9
56404095,9
56404096,9
56404097,9|10
56404098,10
56404099,10
56404100,9
56404101,9
56404102,9
56404103,9
56404104,9
56404105,9
56404106,9
56404107,9
56404108,9
56404109,9
56404110,9
56404111,9
56404112,9
56404113,9
56404114,9
56404115,9
56404116,9
56404117,9
56404118,9
56404119,9
56404120,9
56404121,9
56404122,9
56404123,9
56404124,9
56404125,9
56404126,9
56404127,9
56404128,9
56404129,9
56404130,9
56404131,9
56404132,9
56404133,9
56404134,9
56404135,9
56404136,9
56404137,9
56404138,9
56404139,9
56404140,9
56404141,9
56404142,9
56404143,9
56404144,9
56404145,9
56404146,9
56404147,9
56404148,9
56404149,9
56404150,9
56404151,9
56404152,9
56404153,9
56404154,9
56404155,9
56404156,9
56404157,9
56404158,9
56404159,9
56404160,9
56404161,9
56404162,9
56404163,9
56404164,9
56404165,9
56404166,9
56404167,9
56404168,9
56404169,9
56404170,9
56404171,9
56404172,9
56404173,9
56404174,9
56404175,9
56404176,9
56404177,9
56404178,9
56404179,9
56404180,9|10
56404181,9|10
56404182,9
56404183,9
56404184,9
56404185,9
56404186,9
56404187,9
56404188,9
56404189,9
56404190,10
56404191,9|10
56404192,9
56404193,9
56404194,9
56404195,9
56404196,9|10
56404197,9|10
56404198,9|10
56404199,9|10
564042,9
564043,9
564044,9
564045,9
564046,9
564047,9
56405000,9
56405001,9
56405002,9
56405003,9
56405004,9
56405005,9|10
56405006,9|10
56405007,9|10
56405008,10
56405009,10
56405010,9|10
56405011,9|10
56405012,9|10
56405013,9
56405014,9
56405015,9|10
56405016,10
56405017,10
56405018,10
56405019,10
56405020,10
56405021,10
56405022,9|10
56405023,9|10
56405024,9|10
56405025,9|10
56405026,10
56405027,10
56405028,10
56405029,10
56405030,10
56405031,10
56405032,10
56405033,9|10
56405034,9|10
56405035,10
56405036,10
56405037,10
56405038,10
56405039,10
56405040,10
56405041,10
56405042,10
56405043,10
56405044,10
56405045,10
56405046,10
56405047,10
56405048,10
56405049,10
56405050,10
56405051,10
56405052,10
56405053,10
56405054,10
56405055,10
56405056,10
56405057,10
56405058,10
56405059,10
56405060,10
56405061,10
56405062,10
56405063,10
56405064,10
56405065,10
56405066,10
56405067,10
56405068,10
56405069,10
56405070,10
56405071,10
56405072,10
56405073,10
56405074,10
56405075,10
56405076,10
56405077,10
56405078,10
56405079,10
56405080,10
56405081,10
56405082,10
56405083,10
56405084,10
56405085,10
56405086,10
56405087,10
56405088,10
56405089,10
56405090,10
56405091,10
56405092,10
56405093,10
56405094,10
56405095,10
56405096,10
56405097,10
56405098,10
56405099,10
56405100,10
56405101,9|10
56405102,9|10
56405103,9|10
56405104,9|10
56405105,9|10
56405106,9|10
56405107,10
56405108,10
56405109,9|10
56405110,10
56405111,10
56405112,10
56405113,10
56405114,10
56405115,10
56405116,10
56405117,10
56405118,10
56405119,9|10
56405120,10
56405121,10
56405122,10
56405123,10
56405124,10
56405125,10
56405126,10
56405127,10
56405128,10
56405129,10
56405130,10
56405131,10
56405132,10
56405133,10
56405134,10
56405135,10
56405136,10
56405137,10
56405138,10
56405139,10
56405140,10
56405141,10
56405142,10
56405143,10
56405144,10
56405145,10
56405146,10
56405147,10
56405148,10
56405149,10
56405150,10
56405151,10
56405152,10
56405153,10
56405154,10
56405155,10
56405156,10
56405157,10
56405158,10
56405159,10
56405160,10
56405161,10
56405162,10
56405163,10
56405164,10
56405165,10
56405166,10
56405167,10
56405168,10
56405169,10
56405170,10
56405171,10
56405172,10
56405173,10
56405174,10
56405175,10
56405176,10
56405177,10
56405178,10
56405179,10
56405180,10
56405181,10
56405182,10
56405183,10
56405184,10
56405185,10
56405186,10
56405187,10
56405188,10
56405189,10
56405190,10
56405191,10
56405192,10
56405193,10
56405194,10
56405195,10
56405196,10
56405197,10
56405198,10
56405199,10
56405200,9
56405201,9
56405202,9
56405203,9
56405204,9
56405205,9
56405206,9
56405207,9
56405208,9
56405209,9
56405210,9|10
56405211,9
56405212,9
56405213,9
56405214,9
56405215,9
56405216,9
56405217,9
56405218,9
56405219,9
56405220,9|10
56405221,9|10
56405222,9
56405223,9
56405224,9
56405225,9
56405226,9
56405227,9
56405228,9
56405229,9
56405230,10
56405231,9|10
56405232,9|10
56405233,9
56405234,9
56405235,9
56405236,9
56405237,9
56405238,9
56405239,9
56405240,10
56405241,10
56405242,9|10
56405243,9
56405244,9
56405245,9
56405246,9
56405247,9
56405248,9
56405249,9
56405250,10
56405251,10
56405252,9|10
56405253,9
56405254,9
56405255,9
56405256,9
56405257,9
56405258,9
56405259,9
56405260,10
56405261,10
56405262,9|10
56405263,9|10
56405264,9
56405265,9
56405266,9
56405267,9
56405268,9
56405269,9
56405270,10
56405271,10
56405272,9|10
56405273,9|10
56405274,9
56405275,9
56405276,9
56405277,9
56405278,9
56405279,9
56405280,10
56405281,9|10
56405282,9|10
56405283,9
56405284,9
56405285,9
56405286,9
56405287,9
56405288,9
56405289,9
56405290,10
56405291,9|10
56405292,9
56405293,9
56405294,9
56405295,9
56405296,9
56405297,9
56405298,9
56405299,9
564053,9
564054,9
56405500,9
56405501,9
56405502,9
56405503,9
56405504,9
56405505,9
56405506,9
56405507,9
56405508,9
56405509,9
56405510,9
56405511,9
56405512,9
56405513,9
56405514,9
56405515,9
56405516,9
56405517,9
56405518,9
56405519,9
56405520,9
56405521,9
56405522,9
56405523,9
56405524,9
56405525,9
56405526,9
56405527,9
56405528,9
56405529,9
56405530,9
56405531,9
56405532,9
56405533,9
56405534,9
56405535,9
56405536,9
56405537,9
56405538,9|10
56405539,9
56405540,9
56405541,9
56405542,9
56405543,9
56405544,9
56405545,9
56405546,9
56405547,9|10
56405548,9|10
56405549,9|10
56405550,9
56405551,9
56405552,9
56405553,9
56405554,9
56405555,9
56405556,9
56405557,9|10
56405558,10
56405559,10
56405560,9
56405561,9
56405562,9
56405563,9
56405564,9
56405565,9|10
56405566,9|10
56405567,9|10
56405568,10
56405569,10
56405570,9
56405571,9
56405572,9
56405573,9
56405574,9|10
56405575,9|10
56405576,10
56405577,10
56405578,10
56405579,10
56405580,9
56405581,9
56405582,9
56405583,9
56405584,9|10
56405585,10
56405586,10
56405587,10
56405588,10
56405589,10
56405590,9
56405591,9
56405592,9
56405593,9
56405594,9|10
56405595,10
56405596,10
56405597,10
56405598,10
56405599,10
56405600,9
56405601,9
56405602,9
56405603,9
56405604,9
56405605,9
56405606,9
56405607,9
56405608,9
56405609,9
56405610,9
56405611,9
56405612,9
56405613,9
56405614,9
56405615,9
56405616,9
56405617,9
56405618,9
56405619,9
56405620,9
56405621,9
56405622,9|10
56405623,9|10
56405624,9
56405625,9
56405626,9
56405627,9
56405628,9
56405629,9
56405630,9
56405631,9|10
56405632,9|10
56405633,9|10
56405634,9|10
56405635,9
56405636,9
56405637,9
56405638,9
56405639,9
56405640,9|10
56405641,9|10
56405642,9|10
56405643,9|10
56405644,9
56405645,9
56405646,9
56405647,9
56405648,9
56405649,9
56405650,10
56405651,9|10
56405652,9|10
56405653,9|10
56405654,9|10
56405655,9|10
56405656,9|10
56405657,9|10
56405658,9|10
56405659,9
56405660,10
56405661,9|10
56405662,9|10
56405663,9|10
56405664,10
56405665,10
56405666,10
56405667,10
56405668,9|10
56405669,9
56405670,10
56405671,10
56405672,10
56405673,10
56405674,10
56405675,10
56405676,10
56405677,10
56405678,9|10
56405679,9
56405680,10
56405681,10
56405682,10
56405683,10
56405684,10
56405685,10
56405686,10
56405687,10
56405688,9|10
56405689,9
56405690,10
56405691,10
56405692,10
56405693,10
56405694,10
56405695,10
56405696,10
56405697,10
56405698,9|10
56405699,9
564057,9
564060,10
564061,10
56406200,9|10
56406201,9|10
56406202,9
56406203,9
56406204,9
56406205,9
56406206,9
56406207,9
56406208,9
56406209,9
56406210,10
56406211,9|10
56406212,9
56406213,9
56406214,9
56406215,9
56406216,9
56406217,9
56406218,9
56406219,9
56406220,10
56406221,9|10
56406222,9
56406223,9
56406224,9
56406225,9
56406226,9
56406227,9
56406228,9
56406229,9
56406230,10
56406231,9|10
56406232,9
56406233,9
56406234,9
56406235,9
56406236,9
56406237,9
56406238,9
56406239,9
56406240,10
56406241,9|10
56406242,9
56406243,9
56406244,9
56406245,9
56406246,9
56406247,9
56406248,9
56406249,9
56406250,10
56406251,9|10
56406252,9
56406253,9
56406254,9
56406255,9
56406256,9
56406257,9
56406258,9
56406259,9
56406260,10
56406261,9|10
56406262,9
56406263,9
56406264,9
56406265,9
56406266,9
56406267,9
56406268,9
56406269,9
56406270,10
56406271,9|10
56406272,9
56406273,9
56406274,9
56406275,9
56406276,9
56406277,9
56406278,9
56406279,9
56406280,10
56406281,9|10
56406282,9
56406283,9
56406284,9
56406285,9
56406286,9
56406287,9
56406288,9
56406289,9
56406290,10
56406291,9|10
56406292,9
56406293,9
56406294,9
56406295,9
56406296,9
56406297,9
56406298,9
56406299,9
56406300,9
56406301,9
56406302,9
56406303,9
56406304,9
56406305,9
56406306,9
56406307,9
56406308,9
56406309,9
56406310,9
56406311,9
56406312,9
56406313,9
56406314,9
56406315,9
56406316,9
56406317,9
56406318,9
56406319,9
56406320,9
56406321,9
56406322,9
56406323,9
56406324,9
56406325,9
56406326,9
56406327,9
56406328,9
56406329,9
56406330,9
56406331,9
56406332,9
56406333,9
56406334,9
56406335,9
56406336,9
56406337,9
56406338,9
56406339,9
56406340,9
56406341,9
56406342,9
56406343,9
56406344,9
56406345,9
56406346,9
56406347,9
56406348,9
56406349,9
56406350,9
56406351,9
56406352,9
56406353,9
56406354,9
56406355,9
56406356,9
56406357,9
56406358,9
56406359,9
56406360,9
56406361,9
56406362,9
56406363,9
56406364,9
56406365,9
56406366,9
56406367,9
56406368,9
56406369,9
56406370,9
56406371,9
56406372,9
56406373,9
56406374,9
56406375,9
56406376,9
56406377,9
56406378,9
56406379,9|10
56406380,9
56406381,9
56406382,9
56406383,9
56406384,9
56406385,9
56406386,9
56406387,9
56406388,9|10
56406389,9|10
56406390,9
56406391,9
56406392,9
56406393,9
56406394,9
56406395,9
56406396,9
56406397,9|10
56406398,9|10
56406399,10
56406400,9
56406401,9
56406402,9
56406403,9
56406404,9
56406405,9
56406406,9
56406407,9
56406408,9
56406409,9
56406410,9
56406411,9
56406412,9
56406413,9
56406414,9
56406415,9
56406416,9
56406417,9
56406418,9
56406419,9
56406420,9
56406421,9
56406422,9
56406423,9
56406424,9
56406425,9
56406426,9
56406427,9
56406428,9
56406429,9
56406430,9
56406431,9
56406432,9
56406433,9
56406434,9
56406435,9
56406436,9
56406437,9
56406438,9
56406439,9
56406440,9
56406441,9
56406442,9
56406443,9
56406444,9
56406445,9
56406446,9
56406447,9
56406448,9
56406449,9
56406450,9
56406451,9
56406452,9
56406453,9
56406454,9
56406455,9
56406456,9
56406457,9
56406458,9
56406459,9
56406460,9
56406461,9
56406462,9
56406463,9
56406464,9
56406465,9
56406466,9
56406467,9
56406468,9
56406469,9
56406470,9
56406471,9
56406472,9
56406473,9
56406474,9
56406475,9
56406476,9
56406477,9
56406478,9
56406479,9
56406480,9|10
56406481,9|10
56406482,9|10
56406483,9|10
56406484,9
56406485,9
56406486,9
56406487,9|10
56406488,9
56406489,9|10
56406490,10
56406491,9|10
56406492,10
56406493,9|10
56406494,9|10
56406495,9|10
56406496,9|10
56406497,9|10
56406498,9|10
56406499,9|10
56406500,9
56406501,9
56406502,9
56406503,9
56406504,9|10
56406505,10
56406506,10
56406507,10
56406508,10
56406509,10
56406510,9
56406511,9
56406512,9
56406513,9
56406514,9|10
56406515,9|10
56406516,10
56406517,10
56406518,10
56406519,10
56406520,9
56406521,9
56406522,9
56406523,9
56406524,9
56406525,9|10
56406526,10
56406527,10
56406528,10
56406529,10
56406530,9
56406531,9
56406532,9
56406533,9
56406534,9|10
56406535,9|10
56406536,10
56406537,10
56406538,10
56406539,10
56406540,9
56406541,9
56406542,9
56406543,9
56406544,9|10
56406545,10
56406546,10
56406547,10
56406548,10
56406549,10
56406550,9
56406551,9
56406552,9
56406553,9
56406554,9|10
56406555,9|10
56406556,10
56406557,10
56406558,10
56406559,10
56406560,9
56406561,9
56406562,9
56406563,9
56406564,9|10
56406565,9|10
56406566,10
56406567,10
56406568,10
56406569,10
56406570,9|10
56406571,9|10
56406572,9|10
56406573,9|10
56406574,9|10
56406575,10
56406576,10
56406577,10
56406578,10
56406579,10
56406580,9|10
56406581,10
56406582,9|10
56406583,9|10
56406584,10
56406585,10
56406586,10
56406587,10
56406588,10
56406589,10
56406590,10
56406591,10
56406592,10
56406593,10
56406594,10
56406595,10
56406596,10
56406597,10
56406598,10
56406599,10
56406600,10
56406601,10
56406602,10
56406603,10
56406604,10
56406605,10
56406606,10
56406607,10
56406608,9|10
56406609,9
56406610,10
56406611,10
56406612,10
56406613,10
56406614,10
56406615,10
56406616,10
56406617,10
56406618,9|10
56406619,9
56406620,10
56406621,10
56406622,10
56406623,10
56406624,10
56406625,10
56406626,10
56406627,10
56406628,9|10
56406629,9
56406630,10
56406631,10
56406632,10
56406633,10
56406634,10
56406635,10
56406636,10
56406637,10
56406638,9|10
56406639,9
56406640,10
56406641,10
56406642,10
56406643,10
56406644,10
56406645,10
56406646,10
56406647,10
56406648,9|10
56406649,9
56406650,10
56406651,10
56406652,10
56406653,10
56406654,10
56406655,10
56406656,10
56406657,10
56406658,9|10
56406659,9
56406660,10
56406661,10
56406662,10
56406663,10
56406664,10
56406665,10
56406666,10
56406667,10
56406668,9|10
56406669,9
56406670,10
56406671,10
56406672,10
56406673,10
56406674,10
56406675,10
56406676,10
56406677,10
56406678,9|10
56406679,9|10
56406680,10
56406681,10
56406682,10
56406683,10
56406684,10
56406685,10
56406686,10
56406687,10
56406688,10
56406689,10
56406690,10
56406691,10
56406692,10
56406693,10
56406694,10
56406695,10
56406696,10
56406697,10
56406698,10
56406699,10
56406700,9
56406701,9
56406702,9
56406703,9
56406704,9
56406705,9
56406706,9
56406707,9
56406708,9
56406710,9
56406711,9
56406712,9
56406713,9
56406714,9
56406715,9
56406716,9
56406717,9
56406720,9
56406721,9
56406722,9
56406723,9
56406724,9
56406725,9
56406726,9
56406730,9
56406731,9
56406732,9
56406733,9
56406734,9
56406735,9
56406736,9
56406737,9
56406740,9
56406741,9
56406742,9
56406743,9
56406744,9
56406745,9
56406748,9
56406750,9
56406751,9
56406752,9
56406753,9
56406754,9
56406755,9
56406760,9
56406761,9
56406762,9
56406763,9
56406764,9
56406770,9|10
56406771,9|10
56406772,9|10
56406773,9|10
56406774,9|10
56406780,9|10
56406781,9|10
56406782,9|10
56406783,10
56406784,10
56406790,10
56406791,10
56406792,10
56406793,10
56406794,10
564070,10
564071,10
56407200,10
56407201,9|10
56407202,9|10
56407203,9
56407204,9
56407205,9
56407206,9
56407207,9
56407208,9
56407209,9
56407210,10
56407211,10
56407212,9|10
56407213,9
56407214,9
56407215,9
56407216,9
56407217,9
56407218,9
56407219,9
56407220,10
56407221,10
56407222,9|10
56407223,9
56407224,9
56407225,9
56407226,9
56407227,9
56407228,9
56407229,9
56407230,10
56407231,10
56407232,9|10
56407233,9
56407234,9
56407235,9
56407236,9
56407237,9
56407238,9
56407239,9
56407240,10
56407241,9|10
56407242,9|10
56407243,9
56407244,9
56407245,9|10
56407246,9|10
56407247,9|10
56407248,9|10
56407249,9|10
56407250,10
56407251,9|10
56407252,9
56407253,9
56407254,9|10
56407255,9|10
56407256,9|10
56407257,10
56407258,9|10
56407259,9|10
56407260,10
56407261,9|10
56407262,9|10
56407263,9|10
56407264,9|10
56407265,10
56407266,10
56407267,10
56407268,10
56407269,10
56407270,10
56407271,10
56407272,9|10
56407273,10
56407274,10
56407275,10
56407276,10
56407277,10
56407278,10
56407279,10
56407280,10
56407281,10
56407282,10
56407283,10
56407284,10
56407285,10
56407286,10
56407287,10
56407288,10
56407289,10
56407290,10
56407291,10
56407292,10
56407293,10
56407294,10
56407295,10
56407296,10
56407297,10
56407298,10
56407299,10
56407300,9
56407301,9
56407302,9
56407303,9
56407304,9
56407305,9
56407306,9
56407307,9|10
56407308,10
56407309,10
56407310,9
56407311,9
56407312,9
56407313,9
56407314,9
56407315,9
56407316,9
56407317,9|10
56407318,10
56407319,10
56407320,9
56407321,9
56407322,9
56407323,9
56407324,9
56407325,9
56407326,9
56407327,9|10
56407328,10
56407329,10
56407330,9
56407331,9
56407332,9
56407333,9
56407334,9
56407335,9
56407336,9
56407337,9|10
56407338,10
56407339,10
56407340,9|10
56407341,9
56407342,9
56407343,9|10
56407344,9|10
56407345,9|10
56407346,9|10
56407347,9|10
56407348,10
56407349,10
56407350,9|10
56407351,9
56407352,9|10
56407353,9|10
56407354,10
56407355,10
56407356,10
56407357,10
56407358,10
56407359,10
56407360,9|10
56407361,9|10
56407362,9|10
56407363,10
56407364,10
56407365,10
56407366,10
56407367,10
56407368,10
56407369,10
56407370,10
56407371,10
56407372,10
56407373,10
56407374,10
56407375,10
56407376,10
56407377,10
56407378,10
56407379,10
56407380,10
56407381,10
56407382,10
56407383,10
56407384,10
56407385,10
56407386,10
56407387,10
56407388,10
56407389,10
56407390,10
56407391,10
56407392,10
56407393,10
56407394,10
56407395,10
56407396,10
56407397,10
56407398,10
56407399,10
56407400,10
56407401,10
56407402,10
56407403,10
56407404,10
56407405,9|10
56407406,10
56407407,10
56407408,10
56407409,10
56407410,10
56407411,10
56407412,10
56407413,10
56407414,10
56407415,10
56407416,10
56407417,10
56407418,10
56407419,10
56407420,10
56407421,10
56407422,10
56407423,10
56407424,10
56407425,10
56407426,10
56407427,10
56407428,10
56407429,10
56407430,10
56407431,10
56407432,10
56407433,10
56407434,10
56407435,10
56407436,10
56407437,10
56407438,10
56407439,10
56407440,10
56407441,10
56407442,10
56407443,10
56407444,10
56407445,10
56407446,10
56407447,10
56407448,10
56407449,10
56407450,10
56407451,10
56407452,10
56407453,10
56407454,10
56407455,10
56407456,10
56407457,10
56407458,10
56407459,10
56407460,10
56407461,10
56407462,10
56407463,10
56407464,10
56407465,10
56407466,10
56407467,10
56407468,10
56407469,10
56407470,10
56407471,10
56407472,10
56407473,10
56407474,10
56407475,10
56407476,10
56407477,10
56407478,10
56407479,10
56407480,10
56407481,10
56407482,10
56407483,10
56407484,10
56407485,10
56407486,10
56407487,10
56407488,10
56407489,10
56407490,10
56407491,10
56407492,10
56407493,10
56407494,10
56407495,10
56407496,10
56407497,10
56407498,10
56407499,10
564075,10
564076,10
564077,10
564100,9
564110,9
564120,9
564130,9
564140,9
564150,9
573801,8
573802,8
573803,8
573804,8
573811,8
573812,8
573813,8
573814,8
573822,8
573823,8
573824,8
573833,8
573834,8
573843,8
573844,8
573901,8
573902,8
573903,8
573904,8
57390500,8
57390501,8
57390502,8|10
57390503,10
57390504,10
57390505,10
57390506,10
57390507,10
57390508,10
57390509,10
57390510,8
57390511,8
57390512,8|10
57390513,10
57390514,10
57390515,10
57390516,10
57390517,10
57390518,10
57390519,10
57390520,8
57390521,8
57390522,8|10
57390523,10
57390524,10
57390525,10
57390526,10
57390527,10
57390528,10
57390529,10
57390530,8
57390531,8
57390532,8|10
57390533,10
57390534,10
57390535,10
57390536,10
57390537,10
57390538,10
57390539,10
57390540,8
57390541,8
57390542,8|10
57390543,8|10
57390544,8|10
57390545,10
57390546,10
57390547,10
57390548,10
57390549,10
57390550,8
57390551,8
57390552,8
57390553,8
57390554,8|10
57390555,10
57390556,10
57390557,10
57390558,10
57390559,10
57390560,8
57390561,8
57390562,8
57390563,8
57390564,8|10
57390565,8|10
57390566,10
57390567,10
57390568,10
57390569,10
57390570,8
57390571,8
57390572,8
57390573,8
57390574,8|10
57390575,8|10
57390576,10
57390577,10
57390578,10
57390579,10
57390580,8
57390581,8
57390582,8
57390583,8
57390584,8|10
57390585,8|10
57390586,10
57390587,10
57390588,10
57390589,10
57390590,8
57390591,8
57390592,8
57390593,8|10
57390594,8|10
57390595,8|10
57390596,10
57390597,10
57390598,10
57390599,10
573906,10
573907,10
573912,8
573913,8
573914,8
57391500,8
57391501,8
57391502,8
57391503,8|10
57391504,10
57391505,10
57391506,10
57391507,10
57391508,10
57391509,10
57391510,8
57391511,8
57391512,8
57391513,8|10
57391514,8|10
57391515,10
57391516,10
57391517,10
57391518,10
57391519,10
57391520,8
57391521,8
57391522,8
57391523,8
57391524,8|10
57391525,10
57391526,10
57391527,10
57391528,10
57391529,10
57391530,8
57391531,8
57391532,8
57391533,8
57391534,8|10
57391535,8|10
57391536,10
57391537,10
57391538,10
57391539,10
57391540,8
57391541,8
57391542,8
57391543,8
57391544,8
57391545,8|10
57391546,10
57391547,10
57391548,10
57391549,10
57391550,8
57391551,8
57391552,8
57391553,8
57391554,8
57391555,8|10
57391556,10
57391557,10
57391558,10
57391559,10
57391560,8
57391561,8
57391562,8
57391563,8
57391564,8
57391565,8|10
57391566,10
57391567,10
57391568,10
57391569,10
57391570,8
57391571,8
57391572,8
57391573,8
57391574,8
57391575,8|10
57391576,10
57391577,10
57391578,10
57391579,10
57391580,8
57391581,8
57391582,8
57391583,8
57391584,8|10
57391585,8|10
57391586,10
57391587,10
57391588,10
57391589,10
57391590,8
57391591,8
57391592,8
57391593,8
57391594,8|10
57391595,10
57391596,10
57391597,10
57391598,10
57391599,10
573916,10
573917,10
573923,8
573924,8
57392500,8
57392501,8
57392502,8
57392503,8
57392504,8|10
57392505,10
57392506,10
57392507,10
57392508,10
57392509,10
57392510,8
57392511,8
57392512,8
57392513,8
57392514,8|10
57392515,8|10
57392516,10
57392517,10
57392518,10
57392519,10
57392520,8
57392521,8
57392522,8
57392523,8
57392524,8
57392525,8|10
57392526,10
57392527,10
57392528,10
57392529,10
57392530,8
57392531,8
57392532,8
57392533,8
57392534,8
57392535,8|10
57392536,8|10
57392537,10
57392538,10
57392539,8|10
57392540,8
57392541,8
57392542,8
57392543,8
57392544,8
57392545,8|10
57392546,8|10
57392547,8|10
57392548,8|10
57392549,8|10
57392550,8
57392551,8
57392552,8
57392553,8
57392554,8
57392555,8
57392556,8
57392557,8
57392558,8
57392559,8
57392560,8
57392561,8
57392562,8
57392563,8
57392564,8
57392565,8
57392566,8
57392567,8
57392568,8
57392569,8
57392570,8
57392571,8
57392572,8
57392573,8
57392574,8
57392575,8
57392576,8
57392577,8
57392578,8
57392579,8
57392580,8
57392581,8
57392582,8
57392583,8
57392584,8
57392585,8
57392586,8
57392587,8
57392588,8
57392589,8
57392590,8
57392591,8
57392592,8
57392593,8
57392594,8
57392595,8
57392596,8
57392597,8
57392598,8
57392599,8
57392600,10
57392601,10
57392602,10
57392603,10
57392604,10
57392605,10
57392606,10
57392607,10
57392608,10
57392609,10
57392610,10
57392611,10
57392612,10
57392613,10
57392614,10
57392615,10
57392616,10
57392617,10
57392618,10
57392619,10
57392620,10
57392621,10
57392622,10
57392623,10
57392624,10
57392625,10
57392626,10
57392627,10
57392628,10
57392629,10
57392630,8|10
57392631,8|10
57392632,8|10
57392633,8|10
57392634,10
57392635,10
57392636,10
57392637,10
57392638,10
57392639,10
57392640,8
57392641,8
57392642,8
57392643,8|10
57392644,8|10
57392645,10
57392646,10
57392647,10
57392648,10
57392649,10
57392650,8
57392651,8
57392652,8
57392653,8
57392654,8|10
57392655,8|10
57392656,8|10
57392657,10
57392658,10
57392659,10
57392660,8
57392661,8
57392662,8
57392663,8
57392664,8
57392665,8
57392666,8|10
57392667,8|10
57392668,10
57392669,10
57392670,8
57392671,8
57392672,8
57392673,8
57392674,8
57392675,8
57392676,8
57392677,8|10
57392678,8|10
57392679,10
57392680,8
57392681,8
57392682,8
57392683,8
57392684,8
57392685,8
57392686,8
57392687,8
57392688,8|10
57392689,8|10
57392690,8
57392691,8
57392692,8
57392693,8
57392694,8
57392695,8
57392696,8
57392697,8
57392698,8
57392699,8|10
573927,10
573933,8
573934,8
573935,8
57393600,8
57393601,8
57393602,8
57393603,8
57393604,8
57393605,8
57393606,8
57393607,8
57393608,8
57393609,8|10
57393610,8
57393611,8
57393612,8
57393613,8
57393614,8
57393615,8
57393616,8
57393617,8
57393618,8
57393619,8
57393620,8
57393621,8
57393622,8
57393623,8
57393624,8
57393625,8
57393626,8
57393627,8
57393628,8
57393629,8
57393630,8
57393631,8
57393632,8
57393633,8
57393634,8
57393635,8
57393636,8
57393637,8
57393638,8
57393639,8
57393640,8
57393641,8
57393642,8
57393643,8
57393644,8
57393645,8
57393646,8
57393647,8
57393648,8
57393649,8
57393650,8
57393651,8
57393652,8
57393653,8
57393654,8
57393655,8
57393656,8
57393657,8
57393658,8
57393659,8
57393660,8
57393661,8
57393662,8
57393663,8
57393664,8
57393665,8
57393666,8
57393667,8
57393668,8
57393669,8
57393670,8
57393671,8
57393672,8
57393673,8
57393674,8
57393675,8
57393676,8
57393677,8
57393678,8
57393679,8
57393680,8
57393681,8
57393682,8
57393683,8
57393684,8
57393685,8
57393686,8
57393687,8
57393688,8
57393689,8|10
57393690,8
57393691,8
57393692,8
57393693,8
57393694,8
57393695,8
57393696,8
57393697,8
57393698,8|10
57393699,8|10
57393700,8|10
57393701,10
57393702,10
57393703,10
57393704,10
57393705,10
57393706,10
57393707,10
57393708,10
57393709,10
57393710,8|10
57393711,10
57393712,10
57393713,10
57393714,10
57393715,10
57393716,10
57393717,10
57393718,10
57393719,10
57393720,8|10
57393721,8|10
57393722,10
57393723,10
57393724,10
57393725,10
57393726,10
57393727,10
57393728,10
57393729,10
57393730,8
57393731,8|10
57393732,10
57393733,10
57393734,10
57393735,10
57393736,10
57393737,10
57393738,10
57393739,10
57393740,8
57393741,8|10
57393742,10
57393743,10
57393744,10
57393745,10
57393746,10
57393747,10
57393748,10
57393749,10
57393750,8
57393751,8|10
57393752,10
57393753,10
57393754,10
57393755,10
57393756,10
57393757,10
57393758,10
57393759,10
57393760,8|10
57393761,8|10
57393762,10
57393763,10
57393764,10
57393765,10
57393766,10
57393767,10
57393768,10
57393769,10
57393770,8|10
57393771,10
57393772,10
57393773,10
57393774,10
57393775,10
57393776,10
57393777,10
57393778,10
57393779,10
57393780,8|10
57393781,10
57393782,10
57393783,10
57393784,10
57393785,10
57393786,10
57393787,10
57393788,10
57393789,10
57393790,10
57393791,10
57393792,10
57393793,10
57393794,10
57393795,10
57393796,10
57393797,10
57393798,10
57393799,10
573943,8
573944,8
57394500,8
57394501,8
57394502,8
57394503,8
57394504,8
57394505,8
57394506,8
57394507,8
57394508,8
57394509,8
57394510,8
57394511,8
57394512,8
57394513,8
57394514,8
57394515,8
57394516,8
57394517,8
57394518,8
57394519,8
57394520,8
57394521,8
57394522,8
57394523,8
57394524,8
57394525,8
57394526,8
57394527,8
57394528,8
57394529,8
57394530,8
57394531,8
57394532,8
57394533,8
57394534,8
57394535,8
57394536,8
57394537,8
57394538,8
57394539,8|10
57394540,8
57394541,8
57394542,8
57394543,8
57394544,8
57394545,8
57394546,8
57394547,8
57394548,8|10
57394549,8|10
57394550,8
57394551,8
57394552,8
57394553,8
57394554,8
57394555,8
57394556,8
57394557,8
57394558,8|10
57394559,10
57394560,8
57394561,8
57394562,8
57394563,8
57394564,8
57394565,8
57394566,8|10
57394567,8|10
57394568,8|10
57394569,10
57394570,8
57394571,8
57394572,8
57394573,8
57394574,8
57394575,8
57394576,8|10
57394577,8|10
57394578,8|10
57394579,10
57394580,8
57394581,8
57394582,8
57394583,8
57394584,8
57394585,8
57394586,8|10
57394587,10
57394588,10
57394589,10
57394590,8
57394591,8
57394592,8
57394593,8
57394594,8
57394595,8
57394596,8|10
57394597,8|10
57394598,10
57394599,10
57394600,8
57394601,8
57394602,8
57394603,8
57394604,8
57394605,8
57394606,8
57394607,8|10
57394608,8|10
57394609,10
57394610,8
57394611,8
57394612,8
57394613,8|10
57394614,8
57394615,8
57394616,8|10
57394617,8|10
57394618,10
57394619,10
57394620,8
57394621,8|10
57394622,8|10
57394623,8|10
57394624,8|10
57394625,8|10
57394626,8|10
57394627,10
57394628,10
57394629,10
57394630,8|10
57394631,8|10
57394632,10
57394633,10
57394634,10
57394635,10
57394636,10
57394637,10
57394638,10
57394639,10
57394640,10
57394641,10
57394642,10
57394643,10
57394644,10
57394645,10
57394646,10
57394647,10
57394648,10
57394649,10
57394650,10
57394651,10
57394652,10
57394653,10
57394654,10
57394655,10
57394656,10
57394657,10
57394658,10
57394659,10
57394660,10
57394661,10
57394662,10
57394663,10
57394664,10
57394665,10
57394666,10
57394667,10
57394668,10
57394669,10
57394670,10
57394671,10
57394672,10
57394673,10
57394674,10
57394675,10
57394676,10
57394677,10
57394678,10
57394679,10
57394680,10
57394681,10
57394682,10
57394683,10
57394684,10
57394685,10
57394686,10
57394687,10
57394688,10
57394689,10
57394690,10
57394691,10
57394692,10
57394693,10
57394694,10
57394695,10
57394696,10
57394697,10
57394698,10
57394699,10
573947,10
573951,8
573952,8
573953,8
573954,8
57395500,8
57395501,8
57395502,8
57395503,8
57395504,8
57395505,8
57395506,8
57395507,8|10
57395508,10
57395509,10
57395510,8
57395511,8
57395512,8
57395513,8
57395514,8
57395515,8
57395516,8
57395517,8|10
57395518,10
57395519,10
57395520,8
57395521,8
57395522,8
57395523,8
57395524,8
57395525,8
57395526,8
57395527,8|10
57395528,10
57395529,10
57395530,8
57395531,8
57395532,8
57395533,8
57395534,8
57395535,8
57395536,8
57395537,8|10
57395538,10
57395539,10
57395540,8
57395541,8
57395542,8
57395543,8
57395544,8
57395545,8
57395546,8
57395547,8|10
57395548,10
57395549,10
57395550,8
57395551,8
57395552,8
57395553,8
57395554,8
57395555,8
57395556,8
57395557,8|10
57395558,10
57395559,10
57395560,8
57395561,8
57395562,8
57395563,8
57395564,8
57395565,8
57395566,8|10
57395567,8|10
57395568,10
57395569,10
57395570,8
57395571,8
57395572,8
57395573,8
57395574,8
57395575,8
57395576,8|10
57395577,8|10
57395578,10
57395579,10
57395580,8
57395581,8
57395582,8
57395583,8
57395584,8
57395585,8
57395586,8
57395587,8|10
57395588,8|10
57395589,10
57395590,8
57395591,8
57395592,8
57395593,8
57395594,8
57395595,8
57395596,8|10
57395597,8|10
57395598,10
57395599,10
573956,10
573957,10
57396401,8
57396402,8
57396403,8
57396404,8
57396405,8
57396406,8
57396407,8
57396408,8
57396409,8
57396411,8
57396412,8
57396413,8
57396414,8
57396415,8
57396416,8
57396417,8
57396418,8
57396419,8
57396422,8
57396423,8
57396424,8
57396425,8
57396426,8
57396427,8|10
57396428,8|10
57396429,8|10
57396433,8
57396434,8
57396435,8
57396436,8|10
57396437,8|10
57396438,10
57396439,8|10
57396443,8
57396444,8
57396445,8|10
57396446,8|10
57396447,10
57396448,10
57396449,10
57396453,8
57396454,8|10
57396455,8|10
57396456,10
57396457,10
57396458,10
57396459,10
57396463,8|10
57396464,8|10
57396465,10
57396466,10
57396467,10
57396468,10
57396469,10
57396473,10
57396474,10
57396475,10
57396476,10
57396477,10
57396478,10
57396479,10
57396483,10
57396484,10
57396485,10
57396486,10
57396487,10
57396488,10
57396489,10
57396494,10
57396495,10
57396496,10
57396497,10
57396498,10
57396499,10
57396500,8
57396501,8|10
57396502,8|10
57396503,8|10
57396504,8|10
57396505,8|10
57396506,8|10
57396507,10
57396508,10
57396509,10
57396510,8|10
57396511,8|10
57396512,8|10
57396513,8|10
57396514,10
57396515,10
57396516,10
57396517,10
57396518,10
57396519,10
57396520,8|10
57396521,10
57396522,10
57396523,10
57396524,10
57396525,10
57396526,10
57396527,10
57396528,10
57396529,10
57396530,10
57396531,10
57396532,10
57396533,10
57396534,10
57396535,10
57396536,10
57396537,10
57396538,10
57396539,10
57396540,10
57396541,10
57396542,10
57396543,10
57396544,10
57396545,10
57396546,10
57396547,10
57396548,10
57396549,10
57396550,10
57396551,10
57396552,10
57396553,10
57396554,10
57396555,10
57396556,10
57396557,10
57396558,10
57396559,10
57396560,10
57396561,10
57396562,10
57396563,10
57396564,10
57396565,10
57396566,10
57396567,10
57396568,10
57396569,10
57396570,10
57396571,10
57396572,10
57396573,10
57396574,10
57396575,10
57396576,10
57396577,10
57396578,10
57396579,10
57396580,10
57396581,10
57396582,10
57396583,10
57396584,10
57396585,10
57396586,10
57396587,10
57396588,10
57396589,10
57396590,10
57396591,10
57396592,10
57396593,10
57396594,10
57396595,10
57396596,10
57396597,10
57396598,10
57396599,10
573966,10
573967,10
573974,10
573975,10
573976,10
573977,10
574000,10
574001,10
574002,10
574003,10
574004,10
574005,10
574006,10
574007,10
574010,10
574011,10
574012,10
574013,10
574014,10
574015,10
574016,10
574017,10
574020,10
574021,10
574022,10
574023,10
574024,10
574025,10
574026,10
574027,10
574030,10
574031,10
574032,10
574033,10
574034,10
574035,10
574036,10
574037,10
574040,10
574041,10
574042,10
574043,10
574044,10
574045,10
574046,10
574047,10
574050,10
574051,10
574052,10
574053,10
574054,10
574055,10
574056,10
574057,10
574060,10
574061,10
574062,10
574063,10
574064,10
574065,10
574066,10
574067,10
574070,10
574071,10
574072,10
574073,10
574074,10
574075,10
574076,10
574077,10
574120,10
574123,10
574124,10
574130,10
574131,10
574133,10
574134,10
574140,10
574141,10
574142,10
574143,10
574144,10
574150,10
574151,10
574152,10
574153,10
574154,10
574160,10
574161,10
574162,10
574163,10
574164,10
574170,10
574171,10
574172,10
574173,10
574174,10
583904,10
583905,10
583906,10
583907,10
583915,10
583916,10
583917,10
583926,10
583927,10
583936,10
583937,10
583946,10
583947,10
583956,10
583957,10
583964,10
583967,10
583977,10
584000,10
584001,10
584002,10
584003,10
584004,10
584005,10
584006,10
584007,10
584010,10
584011,10
584012,10
584013,10
584014,10
584015,10
584016,10
584017,10
584020,10
584021,10
584022,10
584023,10
584024,10
584025,10
584026,10
584027,10
584030,10
584031,10
584032,10
584033,10
584034,10
584035,10
584036,10
584037,10
584040,10
584041,10
584042,10
584043,10
584044,10
584045,10
584046,10
584047,10
584050,10
584051,10
584052,10
584053,10
584054,10
584055,10
584056,10
584057,10
584060,10
584061,10
584062,10
584063,10
584064,10
584065,10
584066,10
584067,10
584070,10
584071,10
584072,10
584073,10
584074,10
584075,10
584076,10
584077,10
584100,10
584101,10
584102,10
584103,10
584104,10
584110,10
584111,10
584112,10
584113,10
584114,10
584115,10
584120,10
584121,10
584122,10
584123,10
584124,10
584125,10
584130,10
584131,10
584132,10
584133,10
584134,10
584135,10
584140,10
584141,10
584142,10
584143,10
584144,10
584145,10
584146,10
584147,10
584150,10
584151,10
584152,10
584153,10
584154,10
584155,10
584156,10
584157,10
584160,10
584161,10
584162,10
584163,10
584164,10
584165,10
584166,10
584167,10
584170,10
584171,10
584172,10
584173,10
584174,10
584175,10
584176,10
584177,10
593907,10
593965,10
593966,10
593967,10
593975,10
593976,10
593977,10
594000,10
594001,10
594002,10
594003,10
594004,10
594005,10
594006,10
594007,10
594010,10
594011,10
594012,10
594013,10
594014,10
594015,10
594016,10
594017,10
594020,10
594021,10
594022,10
594023,10
594024,10
594025,10
594026,10
594027,10
594030,10
594031,10
594032,10
594033,10
594034,10
594035,10
594036,10
594037,10
594040,10
594041,10
594042,10
594043,10
594044,10
594045,10
594046,10
594047,10
594050,10
594051,10
594052,10
594053,10
594054,10
594055,10
594056,10
594057,10
594060,10
594061,10
594062,10
594063,10
594064,10
594065,10
594066,10
594067,10
594070,10
594071,10
594072,10
594073,10
594074,10
594075,10
594076,10
594077,10
594100,10
594101,10
594102,10
594103,10
594104,10
594105,10
594106,10
594107,10
594110,10
594111,10
594112,10
594113,10
594114,10
594115,10
594116,10
594117,10
594120,10
594121,10
594122,10
594123,10
594124,10
594125,10
594126,10
594127,10
594130,10
594131,10
594132,10
594133,10
594134,10
594135,10
594136,10
594137,10
594140,10
594141,10
594142,10
594143,10
594144,10
594145,10
594146,10
594147,10
594150,10
594151,10
594152,10
594153,10
594154,10
594155,10
594156,10
594157,10
594160,10
594161,10
594162,10
594163,10
594164,10
594165,10
594166,10
594167,10
594170,10
594171,10
594172,10
594173,10
594174,10
594175,10
594176,10
594177,10
594200,10
594210,10
594220,10
594230,10
594240,10
594250,10
603905,10
603907,10
603917,10
603927,10
603947,10
603957,10
603963,10
603964,10
603966,10
603967,10
603976,10
603977,10
604000,10
604001,10
604002,10
604003,10
604004,10
604005,10
604006,10
604007,10
604010,10
604011,10
604012,10
604013,10
604014,10
604015,10
604016,10
604017,10
604020,10
604021,10
604022,10
604023,10
604024,10
604025,10
604026,10
604027,10
604030,10
604031,10
604032,10
604033,10
604034,10
604035,10
604036,10
604037,10
604040,10
604041,10
604042,10
604043,10
604044,10
604045,10
604046,10
604047,10
604050,10
604051,10
604052,10
604053,10
604054,10
604055,10
604056,10
604057,10
604060,10
604061,10
604062,10
604063,10
604064,10
604065,10
604066,10
604067,10
604070,10
604071,10
604072,10
604073,10
604074,10
604075,10
604076,10
604077,10
604100,10
604101,10
604102,10
604103,10
604104,10
604105,10
604106,10
604107,10
604110,10
604111,10
604112,10
604113,10
604114,10
604115,10
604116,10
604117,10
604120,10
604121,10
604122,10
604123,10
604124,10
604125,10
604126,10
604130,10
604131,10
604132,10
604133,10
604134,10
604135,10
604136,10
604140,10
604141,10
604142,10
604143,10
604144,10
604145,10
604146,10
604150,10
604151,10
604152,10
604153,10
604154,10
604155,10
604160,10
604161,10
604162,10
604163,10
604164,10
604170,10
604171,10
604172,10
604173,10
613907,10
614000,10
614001,10
614002,10
614003,10
614004,10
614005,10
614006,10
614007,10
614010,10
614011,10
614012,10
614013,10
614014,10
614015,10
614016,10
614017,10
614022,10
614023,10
614024,10
614025,10
614026,10
614027,10
614032,10
614033,10
614034,10
614035,10
614036,10
614037,10
614042,10
614043,10
614044,10
614045,10
614046,10
614047,10
614051,10
614052,10
614053,10
614054,10
614055,10
614056,10
614057,10
614062,10
614063,10
614064,10
614065,10
614066,10
614067,10
614072,10
614076,10
614077,10
614100,10
614101,10
614102,10
614103,10
614110,10
614111,10
614112,10
614113,10
614120,10
614121,10
614122,10
614123,10
614130,10
614131,10
614132,10
614133,10
614141,10
614142,10
614143,10
614151,10
614152,10
614153,10
614160,10
614161,10
614162,10
614163,10
614170,10
614171,10
614172,10
614173,10
623906,11
623912,11
623922,11
623923,11
623927,11
623937,11
624000,11
624001,11
624006,10
624007,10
624010,11
624011,11
624012,11
624016,10
624017,10
624020,11
624021,11
624022,11
624023,11
624027,10
624030,11
624031,11
624032,11
624033,11
624040,11
624041,11
624042,11
624043,11
624044,11
624045,11
624047,11
624050,11
624051,11
624052,11
624053,11
624054,11
624055,11
624056,11
624057,11
624060,11
624061,11
624062,11
624063,11
624064,11
624065,11
624066,11
624067,11
624070,11
624071,11
624072,11
624073,11
624074,11
624075,11
624076,11
624077,11
624100,10
624101,10
624102,10
624103,10
624110,10
624111,10
624113,10
624140,11
624150,11
624151,11
624160,11
624161,11
624362,12
624371,12
624372,12
633903,11
633913,11
633914,11
633917,11
633923,11
633924,11
633926,11
633927,11
633934,11
633936,11
633937,11
633946,11
633947,11
633956,11
633957,11
633966,11
633967,11
633976,11
633977,11
634000,11
634001,11
634002,11
634003,11
634004,11
634005,11
634006,11
634007,11
634010,11
634011,11
634012,11
634013,11
634014,11
634015,11
634016,11
634020,11
634021,11
634022,11
634023,11
634030,11
634031,11
634032,11
634037,12
634040,11
634041,11
634042,11
63404704,12
63404705,12
63404706,12
63404707,12
63404708,12
63404709,12
63404713,12
63404714,12
63404715,12
63404716,12
63404718,12
63404719,12
63404723,12
63404724,12
63404725,12
63404726,12
63404727,12
63404728,12
63404729,12
63404733,12
63404734,12
63404735,12
63404736,12
63404737,12
63404738,12
63404739,12
63404743,12
63404744,12
63404745,12
63404746,12
63404747,12
63404748,12
63404749,12
63404752,11|12
63404753,11|12
63404754,12
63404755,12
63404756,12
63404757,12
63404758,12
63404759,12
63404762,11
63404763,11|12
63404764,11|12
63404765,11|12
63404766,11|12
63404767,12
63404768,12
63404769,12
63404772,11
63404773,11
63404774,11
63404775,11
63404776,11|12
63404777,11|12
63404778,12
63404779,12
63404782,11
63404783,11
63404784,11
63404785,11
63404786,11
63404787,11|12
63404788,11|12
63404789,12
63404792,11
63404793,11
63404794,11
63404795,11
63404796,11
63404797,11
63404798,11|12
63404799,12
634050,11
634051,11
634052,11
634056,11
63405701,11
63405702,11
63405703,11
63405704,11
63405705,11
63405706,11
63405707,11
63405708,11|12
63405709,12
63405711,11
63405712,11
63405713,11
63405714,11
63405715,11
63405716,11
63405717,11
63405718,11|12
63405719,12
63405720,11
63405721,11
63405722,11
63405723,11
63405724,11
63405725,11
63405726,11
63405727,11
63405728,11|12
63405729,11|12
63405730,11
63405731,11
63405732,11
63405733,11
63405734,11
63405735,11
63405736,11
63405737,11
63405738,11|12
63405739,12
63405740,11
63405741,11
63405742,11
63405743,11
63405744,11
63405745,11
63405746,11
63405747,11
63405748,11|12
63405749,12
63405750,11
63405751,11
63405752,11
63405753,11
63405754,11
63405755,11
63405756,11
63405757,11
63405758,11|12
63405759,11|12
63405760,11
63405761,11
63405762,11
63405763,11
63405764,11
63405765,11
63405766,11
63405767,11|12
63405768,11|12
63405769,12
63405770,11
63405771,11
63405772,11
63405773,11
63405774,11
63405775,11
63405776,11
63405777,11|12
63405778,12
63405779,12
63405780,11
63405781,11
63405782,11
63405783,11
63405784,11
63405785,11
63405786,11
63405787,11|12
63405788,12
63405789,12
63405790,11
63405791,11
63405792,11
63405793,11
63405794,11
63405795,11
63405796,11
63405797,11|12
63405798,12
63405799,12
634060,11
634061,11
634062,11
634063,11
634064,11
634065,11
634066,11
63406700,11
63406701,11
63406702,11
63406703,11
63406704,11
63406705,11
63406706,11
63406707,11|12
63406708,11|12
63406709,11|12
63406710,11
63406711,11
63406712,11
63406713,11
63406714,11
63406715,11
63406716,11
63406717,11
63406718,11
63406719,11|12
63406720,11
63406721,11
63406722,11
63406723,11
63406724,11
63406725,11
63406726,11
63406727,11
63406728,11
63406729,11
63406730,11
63406731,11
63406732,11
63406733,11
63406734,11
63406735,11
63406736,11
63406737,11
63406738,11
63406739,11
63406740,11
63406741,11
63406742,11
63406743,11
63406744,11
63406745,11
63406746,11
63406747,11
63406748,11
63406749,11
63406750,11
63406751,11
63406752,11
63406753,11
63406754,11
63406755,11
63406756,11
63406757,11
63406758,11
63406759,11
63406760,11
63406761,11
63406762,11
63406763,11
63406764,11
63406765,11
63406766,11
63406767,11
63406768,11
63406769,11
63406770,11
63406771,11
63406772,11
63406773,11
63406774,11
63406775,11
63406776,11
63406777,11
63406778,11
63406779,11
63406780,11
63406781,11
63406782,11
63406783,11
63406784,11
63406785,11
63406786,11
63406787,11
63406788,11
63406789,11
63406790,11
63406791,11
63406792,11
63406793,11
63406794,11
63406795,11
63406796,11
63406797,11
63406798,11
63406799,11
634070,11
634071,11
634072,11
634073,11
634074,11
634075,11
634076,11
634077,11
634130,12
634140,12
634150,12
634151,12
634152,12
63416000,12
63416001,12
63416002,12
63416003,12
63416004,12
63416005,12
63416006,12
63416007,12
63416008,12
63416009,12
63416010,11|12
63416011,11|12
63416012,11|12
63416013,12
63416014,12
63416015,12
63416016,12
63416017,12
63416018,12
63416019,12
63416020,11
63416021,11
63416022,11|12
63416023,11|12
63416024,12
63416025,12
63416026,12
63416027,12
63416028,12
63416029,12
63416030,11
63416031,11
63416032,11
63416033,11|12
63416034,11|12
63416035,11|12
63416036,12
63416037,12
63416038,12
63416039,12
63416040,11
63416041,11
63416042,11
63416043,11
63416044,11
63416045,11|12
63416046,12
63416047,12
63416048,12
63416049,12
63416050,11
63416051,11
63416052,11
63416053,11
63416054,11
63416055,11|12
63416056,12
63416057,12
63416058,12
63416059,12
63416060,11
63416061,11
63416062,11
63416063,11
63416064,11
63416065,11|12
63416066,11|12
63416067,12
63416068,12
63416069,12
63416070,11
63416071,11
63416072,11
63416073,11
63416074,11
63416075,11
63416076,11|12
63416077,11|12
63416078,12
63416079,12
63416080,11
63416081,11
63416082,11
63416083,11
63416084,11
63416085,11
63416086,11|12
63416087,12
63416088,12
63416089,12
63416090,11
63416091,11
63416092,11
63416093,11
63416094,11
63416095,11
63416096,11|12
63416097,12
63416098,12
63416099,12
634161,12
634162,12
634163,12
634166,12
634167,12
63417000,11
63417001,11
63417002,11
63417003,11
63417004,11
63417005,11
63417006,11|12
63417007,11|12
63417008,12
63417009,12
63417010,11
63417011,11
63417012,11
63417013,11
63417014,11
63417015,11
63417016,11
63417017,11|12
63417018,11|12
63417019,12
63417020,11
63417021,11
63417022,11
63417023,11
63417024,11
63417025,11
63417026,11
63417027,11
63417028,11|12
63417029,11|12
63417030,11
63417031,11
63417032,11
63417033,11
63417034,11
63417035,11
63417036,11
63417037,11
63417038,11
63417039,11|12
63417040,11
63417041,11
63417042,11
63417043,11
63417044,11
63417045,11
63417046,11
63417047,11
63417048,11
63417049,11
63417050,11
63417051,11
63417052,11
63417053,11
63417054,11
63417055,11
63417056,11
63417057,11
63417058,11
63417059,11
63417060,11
63417061,11
63417062,11
63417063,11
63417064,11
63417065,11
63417066,11
63417067,11
63417068,11
63417069,11
63417070,11
63417071,11
63417072,11
63417073,11
63417074,11
63417075,11
63417076,11
63417077,11
63417078,11
63417079,11
63417080,11
63417081,11
63417082,11
63417083,11
63417084,11
63417085,11
63417086,11
63417087,11
63417088,11
63417089,11
63417090,11
63417091,11
63417092,11
63417093,11
63417094,11
63417095,11
63417096,11
63417097,11
63417098,11
63417099,11
63417100,12
63417101,12
63417102,12
63417103,12
63417104,12
63417105,12
63417106,12
63417107,12
63417108,12
63417109,12
63417110,12
63417111,12
63417112,12
63417113,12
63417114,12
63417115,12
63417116,12
63417117,12
63417118,12
63417119,12
63417120,12
63417121,12
63417122,12
63417123,12
63417124,12
63417125,12
63417126,12
63417127,12
63417128,12
63417129,12
63417130,11|12
63417131,12
63417132,12
63417133,12
63417134,12
63417135,12
63417136,12
63417137,12
63417138,12
63417139,12
63417140,11|12
63417141,11|12
63417142,12
63417143,12
63417144,12
63417145,12
63417146,12
63417147,12
63417148,12
63417149,12
63417150,11
63417151,11|12
63417152,12
63417153,12
63417154,12
63417155,12
63417156,12
63417157,12
63417158,12
63417159,12
63417160,11
63417161,11|12
63417162,11|12
63417163,12
63417164,12
63417165,12
63417166,12
63417167,12
63417168,12
63417169,12
63417170,11
63417171,11
63417172,11|12
63417173,12
63417174,12
63417175,12
63417176,12
63417177,12
63417178,12
63417179,12
63417180,11
63417181,11
63417182,11|12
63417183,12
63417184,12
63417185,12
63417186,12
63417187,12
63417188,12
63417189,12
63417190,11
63417191,11
63417192,11|12
63417193,11|12
63417194,12
63417195,12
63417196,12
63417197,12
63417198,12
63417199,12
634172,12
634173,12
634174,12
634175,12
634176,12
634177,12
634216,12
634217,12
634224,12
634225,12
634226,12
634227,12
634232,12
634233,12
634234,12
634235,12
634236,12
634237,12
634241,12
634242,12
634243,12
634244,12
634245,12
634246,12
63424700,12
63424701,12
63424702,12
63424703,12
63424704,12
63424705,12
63424706,12
63424707,12
63424708,12
63424709,12
63424710,12
63424711,12
63424712,12
63424713,12
63424714,12
63424715,12
63424716,12
63424717,12
63424718,12
63424719,12
63424720,12
63424721,12
63424722,12
63424723,12
63424724,12
63424725,12
63424726,12
63424727,12
63424728,12
63424729,12
63424730,12
63424731,12
63424732,12
63424733,12
63424734,12
63424735,12
63424736,12
63424737,12
63424738,12
63424739,12
63424740,12
63424741,12
63424742,12
63424743,12
63424744,12
63424745,12
63424746,12
63424747,12
63424748,12
63424749,12|13
63424750,12
63424751,12
63424752,12
63424753,12
63424754,12
63424755,12
63424756,12
63424757,12
63424758,12|13
63424759,12|13
63424760,12
63424761,12
63424762,12
63424763,12
63424764,12
63424765,12
63424766,12
63424767,12|13
63424768,12|13
63424769,13
63424770,12
63424771,12
63424772,12
63424773,12
63424774,12
63424775,12
63424776,12
63424777,12|13
63424778,13
63424779,13
63424780,12
63424781,12
63424782,12
63424783,12
63424784,12
63424785,12
63424786,12|13
63424787,12|13
63424788,13
63424789,13
63424790,12
63424791,12
63424792,12
63424793,12
63424794,12
63424795,12
63424796,12|13
63424797,13
63424798,13
63424799,13
634250,12
634251,12
634252,12
634253,12
634254,12
634255,12
63425600,12
63425601,12
63425602,12
63425603,12
63425604,12
63425605,12
63425606,12
63425607,12
63425608,12
63425609,12
63425610,12
63425611,12
63425612,12
63425613,12
63425614,12
63425615,12
63425616,12
63425617,12
63425618,12
63425619,12
63425620,12
63425621,12
63425622,12
63425623,12
63425624,12
63425625,12
63425626,12
63425627,12
63425628,12
63425629,12
63425630,12
63425631,12
63425632,12
63425633,12
63425634,12
63425635,12
63425636,12
63425637,12
63425638,12
63425639,12
63425640,12
63425641,12
63425642,12
63425643,12
63425644,12
63425645,12
63425646,12
63425647,12
63425648,12
63425649,12
63425650,12
63425651,12
63425652,12
63425653,12
63425654,12
63425655,12
63425656,12
63425657,12
63425658,12
63425659,12
63425660,12
63425661,12
63425662,12
63425663,12
63425664,12
63425665,12
63425666,12
63425667,12
63425668,12
63425669,12
63425670,12
63425671,12
63425672,12
63425673,12
63425674,12
63425675,12
63425676,12
63425677,12
63425678,12
63425679,12
63425680,12
63425681,12
63425682,12
63425683,12
63425684,12
63425685,12
63425686,12
63425687,12
63425688,12
63425689,12
63425690,12
63425691,12
63425692,12
63425693,12
63425694,12
63425695,12
63425696,12
63425697,12
63425698,12
63425699,12|13
63425700,12
63425701,12
63425702,12
63425703,12
63425704,12
63425705,12|13
63425706,12|13
63425707,13
63425708,13
63425709,13
63425710,12
63425711,12
63425712,12|13
63425713,12|13
63425714,12|13
63425715,12|13
63425716,13
63425717,13
63425718,13
63425719,13
63425720,12
63425721,12
63425722,12|13
63425723,12|13
63425724,12|13
63425725,13
63425726,13
63425727,13
63425728,13
63425729,13
63425730,12
63425731,12|13
63425732,12|13
63425733,13
63425734,13
63425735,13
63425736,13
63425737,13
63425738,13
63425739,13
63425740,12|13
63425741,12|13
63425742,13
63425743,13
63425744,13
63425745,13
63425746,13
63425747,13
63425748,13
63425749,13
63425750,12|13
63425751,13
63425752,13
63425753,13
63425754,13
63425755,13
63425756,13
63425757,13
63425758,13
63425759,13
63425760,12|13
63425761,13
63425762,13
63425763,13
63425764,13
63425765,13
63425766,13
63425767,13
63425768,13
63425769,13
63425770,12|13
63425771,12|13
63425772,13
63425773,13
63425774,13
63425775,13
63425776,13
63425777,13
63425778,13
63425779,13
63425780,12
63425781,12|13
63425782,13
63425783,13
63425784,13
63425785,13
63425786,13
63425787,13
63425788,13
63425789,13
63425790,12|13
63425791,12|13
63425792,13
63425793,13
63425794,13
63425795,13
63425796,13
63425797,13
63425798,13
63425799,13
634260,12
634261,12
634262,12
634263,12
634264,12
634265,12
63426600,12
63426601,12
63426602,12
63426603,12
63426604,12
63426605,12
63426606,12
63426607,12
63426608,12
63426609,12|13
63426610,12
63426611,12
63426612,12
63426613,12
63426614,12
63426615,12
63426616,12
63426617,12
63426618,12|13
63426619,12|13
63426620,12
63426621,12
63426622,12
63426623,12
63426624,12
63426625,12
63426626,12
63426627,12
63426628,12|13
63426629,13
63426630,12
63426631,12
63426632,12
63426633,12
63426634,12
63426635,12
63426636,12
63426637,12
63426638,12|13
63426639,12|13
63426640,12
63426641,12
63426642,12
63426643,12
63426644,12
63426645,12
63426646,12
63426647,12
63426648,12|13
63426649,12|13
63426650,12
63426651,12
63426652,12
63426653,12
63426654,12
63426655,12
63426656,12|13
63426657,12|13
63426658,12|13
63426659,12|13
63426660,12
63426661,12
63426662,12
63426663,12
63426664,12
63426665,12
63426666,12|13
63426667,13
63426668,13
63426669,13
63426670,12
63426671,12
63426672,12
63426673,12
63426674,12
63426675,12
63426676,12|13
63426677,13
63426678,13
63426679,13
63426680,12
63426681,12
63426682,12
63426683,12
63426684,12
63426685,12|13
63426686,12|13
63426687,13
63426688,13
63426689,13
63426690,12
63426691,12
63426692,12
63426693,12
63426694,12|13
63426695,12|13
63426696,13
63426697,13
63426698,13
63426699,13
634267,13
634270,12
634271,12
634272,12
634273,12
634274,12
634275,12
63427600,12
63427601,12
63427602,12
63427603,12
63427604,12|13
63427605,13
63427606,13
63427607,13
63427608,13
63427609,13
63427610,12
63427611,12
63427612,12
63427613,12|13
63427614,12|13
63427615,13
63427616,13
63427617,13
63427618,13
63427619,13
63427620,12
63427621,12
63427622,12
63427623,12|13
63427624,13
63427625,13
63427626,13
63427627,13
63427628,13
63427629,13
63427630,12
63427631,12
63427632,12
63427633,12|13
63427634,13
63427635,13
63427636,13
63427637,13
63427638,13
63427639,13
63427640,12
63427641,12|13
63427642,12|13
63427643,12|13
63427644,13
63427645,13
63427646,13
63427647,13
63427648,13
63427649,13
63427650,12
63427651,12|13
63427652,13
63427653,13
63427654,13
63427655,13
63427656,13
63427657,13
63427658,13
63427659,13
63427660,12|13
63427661,12|13
63427662,13
63427663,13
63427664,13
63427665,13
63427666,13
63427667,13
63427668,13
63427669,13
63427670,12|13
63427671,13
63427672,13
63427673,13
63427674,13
63427675,13
63427676,13
63427677,13
63427678,13
63427679,13
63427680,12|13
63427681,13
63427682,13
63427683,13
63427684,13
63427685,13
63427686,13
63427687,13
63427688,13
63427689,13
63427690,12|13
63427691,13
63427692,13
63427693,13
63427694,13
63427695,13
63427696,13
63427697,13
63427698,13
63427699,13
634277,13
634300,12
634301,12
634302,12
634310,12
634311,12
63431200,12
63431201,12
63431202,12
63431203,12
63431204,12
63431210,12
63431211,12
63431212,12
63431213,12
63431214,12
63431215,12
63431220,12
63431221,12
63431222,12
63431223,12
63431224,12
63431225,12
63431230,12
63431231,12
63431232,12
63431233,12
63431234,12
63431235,12
63431240,12
63431241,12
63431242,12
63431243,12
63431244,12
63431245,12
63431250,12
63431251,12
63431252,12
63431253,12
63431254,12
63431255,12
63431260,12
63431261,12
63431262,12
63431263,12
63431264,12
63431265,12
63431270,12
63431271,12
63431272,12
63431273,12
63431274,12
63431275,12
63431280,12
63431281,12
63431282,12
63431283,12
63431284,12
63431285,12
63431286,12
63431290,12
63431291,12|13
63431292,12|13
63431293,12|13
63431294,12|13
63431295,12|13
63431296,13
634320,12
63432100,12
63432101,12
63432102,12
63432103,12
63432104,12
63432105,12
63432106,12
63432107,12
63432108,12
63432109,12
63432110,12
63432111,12
63432112,12
63432113,12
63432114,12
63432115,12
63432116,12|13
63432117,12|13
63432118,12|13
63432119,12|13
63432120,12
63432121,12
63432122,12
63432123,12
63432124,12
63432125,12|13
63432126,12|13
63432127,13
63432128,13
63432129,13
63432130,12
63432131,12
63432132,12
63432133,12
63432134,12
63432135,12|13
63432136,13
63432137,13
63432138,13
63432139,13
63432140,12
63432141,12
63432142,12
63432143,12
63432144,12
63432145,12|13
63432146,13
63432147,13
63432148,13
63432149,13
63432150,12
63432151,12
63432152,12
63432153,12
63432154,12|13
63432155,12|13
63432156,13
63432157,13
63432158,13
63432159,13
63432160,12
63432161,12
63432162,12
63432163,12|13
63432164,12|13
63432165,13
63432166,13
63432167,13
63432168,13
63432169,13
63432170,12
63432171,12
63432172,12|13
63432173,12|13
63432174,13
63432175,13
63432176,13
63432177,13
63432178,13
63432179,13
63432180,12
63432181,12|13
63432182,12|13
63432183,13
63432184,13
63432185,13
63432186,13
63432187,13
63432188,13
63432189,13
63432190,12
63432191,12|13
63432192,13
63432193,13
63432194,13
63432195,13
63432196,13
63432197,13
63432198,13
63432199,13
63432200,12|13
63432201,12|13
63432202,13
63432203,12|13
63432204,13
63432205,13
63432206,13
63432210,12|13
63432211,13
63432212,13
63432213,13
63432214,13
63432215,13
63432216,13
63432217,13
63432220,13
63432221,13
63432222,13
63432223,13
63432224,13
63432225,13
63432226,13
63432227,13
63432230,13
63432231,13
63432232,13
63432233,13
63432234,13
63432235,13
63432236,13
63432240,13
63432241,13
63432242,13
63432243,13
63432244,13
63432245,13
63432246,13
63432247,13
63432250,13
63432251,13
63432252,13
63432253,13
63432254,13
63432255,13
63432260,13
63432261,13
63432262,13
63432263,13
63432264,13
63432265,13
63432270,13
63432271,13
63432272,13
63432273,13
63432274,13
63432275,13
63432280,13
63432281,13
63432282,13
63432283,13
63432284,13
63432285,13
63432290,13
63432291,13
63432292,13
63432293,13
63432294,13
63433000,12
63433001,12
63433002,12
63433003,12
63433004,12
63433005,12
63433006,12
63433007,12
63433008,12
63433009,12
63433010,12
63433011,12
63433012,12
63433013,12
63433014,12
63433015,12
63433016,12
63433017,12
63433018,12
63433019,12|13
63433020,12
63433021,12
63433022,12
63433023,12
63433024,12
63433025,12
63433026,12
63433027,12
63433028,12|13
63433029,12|13
63433030,12
63433031,12
63433032,12
63433033,12
63433034,12
63433035,12
63433036,12
63433037,12
63433038,12|13
63433039,12|13
63433040,12
63433041,12
63433042,12
63433043,12
63433044,12
63433045,12
63433046,12|13
63433047,12|13
63433048,12|13
63433049,13
63433050,12
63433051,12
63433052,12
63433053,12
63433054,12
63433055,12|13
63433056,12|13
63433057,13
63433058,13
63433059,13
63433060,12
63433061,12
63433062,12
63433063,12
63433064,12
63433065,12|13
63433066,12|13
63433067,13
63433068,13
63433069,13
63433070,12
63433071,12
63433072,12
63433073,12
63433074,12|13
63433075,12|13
63433076,13
63433077,13
63433078,13
63433079,13
63433080,12
63433081,12
63433082,12
63433083,12|13
63433084,12|13
63433085,13
63433086,13
63433087,13
63433088,13
63433089,13
63433090,12
63433091,12
63433092,12|13
63433093,12|13
63433094,13
63433095,13
63433096,13
63433097,13
63433098,13
63433099,13
63433100,12|13
63433101,12|13
63433102,13
63433103,13
63433104,13
63433105,13
63433106,13
63433107,13
63433108,13
63433109,13
63433110,12|13
63433111,13
63433112,13
63433113,13
63433114,13
63433115,13
63433116,13
63433117,13
63433118,13
63433119,13
63433120,13
63433121,13
63433122,13
63433123,13
63433124,13
63433125,13
63433126,13
63433127,13
63433128,13
63433129,13
63433130,13
63433131,13
63433132,13
63433133,13
63433134,13
63433135,13
63433136,13
63433137,13
63433138,13
63433139,13
63433140,13
63433141,13
63433142,13
63433143,13
63433144,13
63433145,13
63433146,13
63433147,13
63433148,13
63433149,13
63433150,13
63433151,13
63433152,13
63433153,13
63433154,13
63433155,13
63433156,13
63433157,13
63433158,13
63433159,13
63433160,13
63433161,13
63433162,13
63433163,13
63433164,13
63433165,13
63433166,13
63433167,13
63433168,13
63433169,13
63433170,13
63433171,13
63433172,13
63433173,13
63433174,13
63433175,13
63433176,13
63433177,13
63433178,13
63433179,13
63433180,13
63433181,13
63433182,13
63433183,13
63433184,13
63433185,13
63433186,13
63433187,13
63433188,13
63433189,13
63433190,13
63433191,13
63433192,13
63433193,13
63433194,13
63433195,13
63433196,13
63433197,13
63433198,13
63433199,13
634332,13
63434000,12
63434001,12
63434002,12|13
63434003,13
63434004,13
63434005,13
63434006,13
63434007,13
63434008,13
63434009,13
63434010,12
63434011,12|13
63434012,12|13
63434013,13
63434014,13
63434015,13
63434016,13
63434017,13
63434018,13
63434019,13
63434020,12|13
63434021,12|13
63434022,13
63434023,13
63434024,13
63434025,13
63434026,13
63434027,13
63434028,13
63434029,13
63434030,12|13
63434031,13
63434032,13
63434033,13
63434034,13
63434035,13
63434036,13
63434037,13
63434038,13
63434039,13
63434040,12|13
63434041,13
63434042,13
63434043,13
63434044,13
63434045,13
63434046,13
63434047,13
63434048,13
63434049,13
63434050,13
63434051,13
63434052,13
63434053,13
63434054,13
63434055,13
63434056,13
63434057,13
63434058,13
63434059,13
63434060,13
63434061,13
63434062,13
63434063,13
63434064,13
63434065,13
63434066,13
63434067,13
63434068,13
63434069,13
63434070,13
63434071,13
63434072,13
63434073,13
63434074,13
63434075,13
63434076,13
63434077,13
63434078,13
63434079,13
63434080,13
63434081,13
63434082,13
63434083,13
63434084,13
63434085,13
63434086,13
63434087,13
63434088,13
63434089,13
63434090,13
63434091,13
63434092,13
63434093,13
63434094,13
63434095,13
63434096,13
63434097,13
63434098,13
63434099,13
634341,13
634342,13
634343,13
634350,13
634351,13
634352,13
634353,13
634360,13
634361,13
634362,13
634363,13
634364,13
634370,13
634371,13
634372,13
634373,13
634374,13
634375,13
643906,11
643907,11
644000,11
644001,11
644002,11
644003,11
644004,11
644005,11
644006,11
644007,11
644011,11
644012,11
644013,11
644014,11
644015,11
644016,11
644017,11
644022,11
644023,11
644024,11
644025,11
644026,11
644027,11
644033,11
644034,11
644035,11
644036,11
64403700,11
64403701,11
64403702,11
64403703,11
64403704,11
64403705,11
64403706,11
64403707,11
64403708,11
64403709,11
64403710,11
64403711,11
64403712,11
64403713,11
64403714,11
64403715,11
64403716,11
64403717,11
64403718,11
64403719,11
64403720,11
64403721,11
64403722,11
64403723,11
64403724,11
64403725,11
64403726,11
64403727,11
64403728,11
64403729,11
64403730,11
64403731,11
64403732,11
64403733,11
64403734,11
64403735,11
64403736,11
64403737,11
64403738,11
64403739,11
64403740,11
64403741,11
64403742,11
64403743,11
64403744,11
64403745,11
64403746,11
64403747,11
64403748,11
64403749,11
64403750,11
64403751,11
64403752,11
64403753,11
64403754,11
64403755,11
64403756,11
64403757,11
64403758,11
64403759,11
64403760,11
64403761,11
64403762,11
64403763,11
64403764,11
64403765,11
64403766,11
64403767,11
64403768,11
64403769,11
64403770,11
64403771,11
64403772,11
64403773,11
64403774,11
64403775,11
64403776,11
64403777,11
64403778,11
64403779,11
64403780,11
64403781,11
64403782,11
64403783,11
64403784,11
64403785,11
64403786,11
64403787,11
64403788,11
64403789,11|12
64403790,11
64403791,11
64403792,11
64403793,11
64403794,11
64403795,11
64403796,11
64403797,11
64403798,11
64403799,11|12
644043,11
644044,11
644045,11
644046,11
64404700,11
64404701,11
64404702,11
64404703,11
64404704,11
64404705,11
64404706,11
64404707,11
64404708,11
64404709,11|12
64404710,11
64404711,11
64404712,11
64404713,11
64404714,11
64404715,11
64404716,11
64404717,11
64404718,11
64404719,11|12
64404720,11
64404721,11
64404722,11
64404723,11
64404724,11
64404725,11
64404726,11
64404727,11
64404728,11
64404729,11|12
64404730,11
64404731,11
64404732,11
64404733,11
64404734,11
64404735,11
64404736,11
64404737,11
64404738,11
64404739,11|12
64404740,11
64404741,11
64404742,11
64404743,11
64404744,11
64404745,11
64404746,11
64404747,11
64404748,11
64404749,11
64404750,11
64404751,11
64404752,11
64404753,11
64404754,11
64404755,11
64404756,11
64404757,11
64404758,11
64404759,11
64404760,11
64404761,11
64404762,11
64404763,11
64404764,11
64404765,11
64404766,11
64404767,11
64404768,11
64404769,11
64404770,11
64404771,11
64404772,11
64404773,11
64404774,11
64404775,11
64404776,11
64404777,11
64404778,11
64404779,11
64404780,11
64404781,11
64404782,11
64404783,11
64404784,11
64404785,11
64404786,11
64404787,11
64404788,11
64404789,11
64404790,11
64404791,11
64404792,11
64404793,11
64404794,11
64404795,11
64404796,11
64404797,11
64404798,11
64404799,11
644053,11
644054,11
644055,11
644056,11
644057,11
644062,11
644063,11
644064,11
644065,11
644066,11
644067,11
644072,11
644073,11
644074,11
644075,11
644100,11
64410100,11
64410101,11
64410102,11
64410103,11|12
64410104,11|12
64410105,12
64410106,12
64410107,12
64410108,12
64410109,12
64410110,11
64410111,11
64410112,11
64410113,11
64410114,11|12
64410115,12
64410116,12
64410117,12
64410118,12
64410119,12
64410120,11
64410121,11
64410122,11
64410123,11
64410124,11|12
64410125,11|12
64410126,12
64410127,12
64410128,12
64410129,12
64410130,11
64410131,11
64410132,11
64410133,11
64410134,11
64410135,11|12
64410136,12
64410137,12
64410138,12
64410139,12
64410140,11
64410141,11
64410142,11
64410143,11
64410144,11
64410145,11|12
64410146,12
64410147,12
64410148,12
64410149,12
64410150,11
64410151,11
64410152,11
64410153,11
64410154,11|12
64410155,11|12
64410156,12
64410157,12
64410158,12
64410159,12
64410160,11
64410161,11
64410162,11
64410163,11
64410164,11|12
64410165,12
64410166,12
64410167,12
64410168,12
64410169,12
64410170,11
64410171,11
64410172,11
64410173,11|12
64410174,11|12
64410175,12
64410176,12
64410177,12
64410178,12
64410179,12
64410180,11
64410181,11
64410182,11
64410183,11|12
64410184,11|12
64410185,12
64410186,12
64410187,12
64410188,12
64410189,12
64410190,11
64410191,11
64410192,11
64410193,11|12
64410194,12
64410195,12
64410196,12
64410197,12
64410198,12
64410199,12
644102,12
644103,12
644104,12
644105,12
644106,12
644107,12
64411000,11
64411001,11
64411002,11
64411003,11
64411004,11
64411005,11
64411006,11
64411007,11
64411008,11
64411009,11
64411010,11
64411011,11
64411012,11
64411013,11
64411014,11
64411015,11
64411016,11
64411017,11
64411018,11
64411019,11
64411020,11
64411021,11
64411022,11
64411023,11
64411024,11
64411025,11
64411026,11
64411027,11
64411028,11
64411029,11
64411030,11
64411031,11
64411032,11
64411033,11
64411034,11
64411035,11
64411036,11
64411037,11
64411038,11
64411039,11
64411040,11
64411041,11
64411042,11
64411043,11
64411044,11
64411045,11
64411046,11
64411047,11
64411048,11
64411049,11
64411050,11
64411051,11
64411052,11
64411053,11
64411054,11
64411055,11
64411056,11
64411057,11
64411058,11
64411059,11
64411060,11
64411061,11
64411062,11
64411063,11
64411064,11
64411065,11
64411066,11
64411067,11
64411068,11
64411069,11|12
64411070,11
64411071,11
64411072,11
64411073,11
64411074,11
64411075,11
64411076,11
64411077,11
64411078,11|12
64411079,11|12
64411080,11
64411081,11
64411082,11
64411083,11
64411084,11
64411085,11
64411086,11
64411087,11|12
64411088,11|12
64411089,12
64411090,11
64411091,11
64411092,11
64411093,11
64411094,11
64411095,11
64411096,11
64411097,11|12
64411098,11|12
64411099,12
64411100,11
64411101,11
64411102,11
64411103,11|12
64411104,11|12
64411105,12
64411106,12
64411107,12
64411108,12
64411109,12
64411110,11
64411111,11
64411112,11
64411113,11
64411114,11|12
64411115,11|12
64411116,12
64411117,12
64411118,12
64411119,12
64411120,11
64411121,11
64411122,11
64411123,11
64411124,11
64411125,11|12
64411126,12
64411127,12
64411128,12
64411129,12
64411130,11
64411131,11
64411132,11|12
64411133,11|12
64411134,11
64411135,11|12
64411136,12
64411137,12
64411138,12
64411139,12
64411140,11
64411141,11|12
64411142,11|12
64411143,11|12
64411144,11|12
64411145,11|12
64411146,12
64411147,12
64411148,12
64411149,12
64411150,11|12
64411151,11|12
64411152,12
64411153,12
64411154,12
64411155,12
64411156,12
64411157,12
64411158,12
64411159,12
64411160,11|12
64411161,12
64411162,12
64411163,12
64411164,12
64411165,12
64411166,12
64411167,12
64411168,12
64411169,12
64411170,12
64411171,12
64411172,12
64411173,12
64411174,12
64411175,12
64411176,12
64411177,12
64411178,12
64411179,12
64411180,12
64411181,12
64411182,12
64411183,12
64411184,12
64411185,12
64411186,12
64411187,12
64411188,12
64411189,12
64411190,12
64411191,12
64411192,12
64411193,12
64411194,12
64411195,12
64411196,12
64411197,12
64411198,12
64411199,12
644112,12
644113,12
644114,12
644115,12
644116,12
644117,12
64412000,11
64412001,11
64412002,11
64412003,11
64412004,11
64412005,11
64412006,11
64412007,11|12
64412008,12
64412009,12
64412010,11
64412011,11
64412012,11
64412013,11
64412014,11
64412015,11
64412016,11
64412017,11|12
64412018,11|12
64412019,12
64412020,11
64412021,11
64412022,11
64412023,11
64412024,11
64412025,11
64412026,11
64412027,11|12
64412028,11|12
64412029,12
64412030,11
64412031,11
64412032,11
64412033,11
64412034,11
64412035,11
64412036,11
64412037,11|12
64412038,11|12
64412039,12
64412040,11
64412041,11
64412042,11
64412043,11
64412044,11
64412045,11
64412046,11
64412047,11
64412048,11|12
64412049,12
64412050,11
64412051,11
64412052,11
64412053,11
64412054,11
64412055,11
64412056,11|12
64412057,11|12
64412058,11|12
64412059,12
64412060,11
64412061,11
64412062,11|12
64412063,11|12
64412064,11|12
64412065,11|12
64412066,11|12
64412067,11|12
64412068,11|12
64412069,12
64412070,11
64412071,11
64412072,11|12
64412073,11|12
64412074,12
64412075,12
64412076,12
64412077,12
64412078,12
64412079,12
64412080,11
64412081,11
64412082,11|12
64412083,12
64412084,12
64412085,12
64412086,12
64412087,12
64412088,12
64412089,12
64412090,11
64412091,11
64412092,11|12
64412093,12
64412094,12
64412095,12
64412096,12
64412097,12
64412098,12
64412099,12
644121,12
644122,12
644123,12
644124,12
644125,12
644126,12
644127,12
64413000,11
64413001,11
64413002,11|12
64413003,12
64413004,12
64413005,12
64413006,12
64413007,12
64413008,12
64413009,12
64413010,11
64413011,11
64413012,11|12
64413013,11|12
64413014,12
64413015,12
64413016,12
64413017,12
64413018,12
64413019,12
64413020,11
64413021,11
64413022,11
64413023,11|12
64413024,12
64413025,12
64413026,12
64413027,12
64413028,12
64413029,12
64413030,11
64413031,11
64413032,11
64413033,11|12
64413034,11|12
64413035,12
64413036,12
64413037,12
64413038,12
64413039,12
64413040,11
64413041,11
64413042,11|12
64413043,11|12
64413044,11|12
64413045,12
64413046,12
64413047,12
64413048,12
64413049,12
64413050,11|12
64413051,11|12
64413052,11|12
64413053,11|12
64413054,12
64413055,12
64413056,12
64413057,12
64413058,12
64413059,12
64413060,11|12
64413061,12
64413062,12
64413063,12
64413064,12
64413065,12
64413066,12
64413067,12
64413068,12
64413069,12
64413070,11|12
64413071,12
64413072,12
64413073,12
64413074,12
64413075,12
64413076,12
64413077,12
64413078,12
64413079,12
64413080,11|12
64413081,12
64413082,12
64413083,12
64413084,12
64413085,12
64413086,12
64413087,12
64413088,12
64413089,12
64413090,12
64413091,12
64413092,12
64413093,12
64413094,12
64413095,12
64413096,12
64413097,12
64413098,12
64413099,12
644131,12
644132,12
644133,12
644134,12
644135,12
644136,12
644137,12
64414000,12
64414001,12
64414002,12
64414003,12
64414004,12
64414005,12
64414006,12
64414007,12
64414008,12
64414009,12
64414010,12
64414011,12
64414012,12
64414013,12
64414014,12
64414015,12
64414016,12
64414017,12
64414018,12
64414019,12
64414020,12
64414021,12
64414022,12
64414023,12
64414024,12
64414025,12
64414026,12
64414027,12
64414028,12
64414029,12
64414030,11|12
64414031,11|12
64414032,12
64414033,12
64414034,12
64414035,12
64414036,12
64414037,12
64414038,12
64414039,12
64414040,11|12
64414041,11|12
64414042,11|12
64414043,12
64414044,12
64414045,12
64414046,12
64414047,12
64414048,12
64414049,12
64414050,11
64414051,11
64414052,11|12
64414053,11|12
64414054,12
64414055,12
64414056,12
64414057,12
64414058,12
64414059,12
64414060,11
64414061,11
64414062,11
64414063,11|12
64414064,12
64414065,12
64414066,12
64414067,12
64414068,12
64414069,12
64414070,11
64414071,11
64414072,11
64414073,11|12
64414074,12
64414075,12
64414076,12
64414077,12
64414078,12
64414079,12
64414080,11
64414081,11
64414082,11
64414083,11|12
64414084,11|12
64414085,12
64414086,12
64414087,12
64414088,12
64414089,12
64414090,11
64414091,11
64414092,11
64414093,11
64414094,11|12
64414095,11|12
64414096,12
64414097,12
64414098,12
64414099,12
644141,12
644142,12
644143,12
644144,12
644145,12
644146,12
644147,12
64415000,11
64415001,11
64415002,11
64415003,11
64415004,11|12
64415005,11|12
64415006,12
64415007,12
64415008,12
64415009,12
64415010,11
64415011,11
64415012,11
64415013,11
64415014,11
64415015,11|12
64415016,12
64415017,12
64415018,12
64415019,12
64415020,11
64415021,11
64415022,11
64415023,11
64415024,11|12
64415025,11|12
64415026,12
64415027,12
64415028,12
64415029,11|12
64415030,11
64415031,11
64415032,11
64415033,11
64415034,11
64415035,11|12
64415036,11|12
64415037,11|12
64415038,11|12
64415039,11|12
64415040,11
64415041,11
64415042,11
64415043,11
64415044,11
64415045,11|12
64415046,11|12
64415047,11|12
64415048,11|12
64415049,11
64415050,11
64415051,11
64415052,11
64415053,11
64415054,11
64415055,11
64415056,11
64415057,11
64415058,11
64415059,11
64415060,11
64415061,11
64415062,11
64415063,11
64415064,11
64415065,11
64415066,11
64415067,11
64415068,11
64415069,11
64415070,11
64415071,11
64415072,11
64415073,11
64415074,11
64415075,11
64415076,11
64415077,11
64415078,11
64415079,11
64415080,11
64415081,11
64415082,11
64415083,11
64415084,11
64415085,11
64415086,11
64415087,11
64415088,11
64415089,11
64415090,11
64415091,11
64415092,11
64415093,11
64415094,11
64415095,11
64415096,11
64415097,11
64415098,11
64415099,11
64415100,12
64415101,12
64415102,11|12
64415103,12
64415104,12
64415105,12
64415106,12
64415107,12
64415108,12
64415109,12
64415110,11|12
64415111,11|12
64415112,11|12
64415113,11|12
64415114,12
64415115,12
64415116,12
64415117,12
64415118,12
64415119,12
64415120,11|12
64415121,11
64415122,11
64415123,11|12
64415124,11|12
64415125,12
64415126,12
64415127,12
64415128,12
64415129,12
64415130,11
64415131,11
64415132,11
64415133,11
64415134,11|12
64415135,12
64415136,12
64415137,12
64415138,12
64415139,12
64415140,11
64415141,11
64415142,11
64415143,11
64415144,11|12
64415145,11|12
64415146,11|12
64415147,12
64415148,12
64415149,12
64415150,11
64415151,11
64415152,11
64415153,11
64415154,11
64415155,11|12
64415156,11|12
64415157,12
64415158,12
64415159,12
64415160,11
64415161,11
64415162,11
64415163,11
64415164,11|12
64415165,11|12
64415166,12
64415167,12
64415168,12
64415169,12
64415170,11
64415171,11
64415172,11
64415173,11
64415174,11
64415175,11|12
64415176,11|12
64415177,12
64415178,12
64415179,12
64415180,11
64415181,11
64415184,11
64415185,11
64415186,11|12
64415187,11|12
64415188,11|12
64415189,11|12
64415196,11
64415197,11|12
64415198,11|12
64415199,11|12
64415200,12
64415201,12
64415202,12
64415203,12
64415204,12
64415205,12
64415206,12
64415207,12
64415208,12
64415209,12
64415210,12
64415211,12
64415212,12
64415213,12
64415214,12
64415215,12
64415216,12
64415217,12
64415218,12
64415219,12
64415220,12
64415221,12
64415222,12
64415223,12
64415224,12
64415225,12
64415226,12
64415227,12
64415228,12
64415229,12
64415230,12
64415231,12
64415232,12
64415233,12
64415234,12
64415235,12
64415236,12
64415237,12
64415238,12
64415239,12
64415240,12
64415241,12
64415242,12
64415243,12
64415244,12
64415245,12
64415246,12
64415247,12
64415248,12
64415249,12
64415250,12
64415251,12
64415252,12
64415253,12
64415254,12
64415255,12
64415256,12
64415257,12
64415258,12
64415259,12
64415260,12
64415261,12
64415262,12
64415263,12
64415264,12
64415265,12
64415266,12
64415267,12
64415268,12
64415269,12
64415270,12
64415271,12
64415272,12
64415273,12
64415274,12
64415275,12
64415276,12
64415277,12
64415278,12
64415279,12
64415280,12
64415281,12
64415282,12
64415283,12
64415284,12
64415285,12
64415286,12
64415287,12
64415288,12
64415289,12
64415290,11|12
64415291,12
64415292,12
64415293,12
64415294,12
64415295,12
64415296,12
64415297,12
64415298,12
64415299,12
644153,12
644154,12
644155,12
644156,12
644157,12
644160,11
644161,11
64416200,11|12
64416201,11|12
64416202,11|12
64416203,12
64416204,12
64416205,12
64416206,12
64416207,12
64416208,12
64416209,12
64416210,11
64416211,11
64416212,11|12
64416213,11|12
64416214,12
64416215,12
64416216,12
64416217,12
64416218,12
64416219,12
64416220,11
64416221,11
64416222,11
64416223,11|12
64416224,12
64416225,12
64416226,12
64416227,12
64416228,12
64416229,12
64416230,11|12
64416231,11
64416232,11
64416233,12
64416234,12
64416235,12
64416236,12
64416237,12
64416238,12
64416239,12
64416240,12
64416241,12
64416242,11
64416243,12
64416244,12
64416245,12
64416246,12
64416247,12
64416248,12
64416249,12
64416251,12
64416252,12
64416253,12
64416254,12
64416255,12
64416256,12
64416257,12
64416258,12
64416259,12
64416262,12
64416263,12
64416264,12
64416265,12
64416266,12
64416267,12
64416268,12
64416269,12
64416273,12
64416275,12
64416276,12
64416277,12
64416278,12
64416279,12
64416286,12
64416287,12
64416288,12
64416289,12
64416297,12
64416298,12
64416299,12
644163,12
644164,12
644165,12
644166,12
644167,12
644172,12
644173,12
644174,12
644175,12
644176,12
644177,12
644200,12
644201,12
644202,12
644203,12
644204,12
64420500,12
64420501,12
64420502,12
64420503,12
64420504,12
64420505,12
64420506,12
64420507,12
64420508,12
64420509,12
64420510,12
64420511,12
64420512,12
64420513,12
64420514,12
64420515,12
64420516,12
64420517,12
64420518,12
64420519,12
64420520,12
64420521,12
64420522,12
64420523,12
64420524,12
64420525,12
64420526,12
64420527,12
64420528,12
64420529,12
64420530,12
64420531,12
64420532,12
64420533,12
64420534,12
64420535,12
64420536,12
64420537,12
64420538,12
64420539,12
64420540,12
64420541,12
64420542,12
64420543,12
64420544,12
64420545,12
64420546,12
64420547,12
64420548,12
64420549,12
64420550,12
64420551,12
64420552,12
64420553,12
64420554,12
64420555,12
64420556,12
64420557,12
64420558,12
64420559,12
64420560,12
64420561,12
64420562,12
64420563,12
64420564,12
64420565,12
64420566,12
64420567,12
64420568,12|13
64420569,12|13
64420570,12
64420571,12
64420572,12
64420573,12
64420574,12
64420575,12
64420576,12
64420577,12|13
64420578,12|13
64420579,13
64420580,12
64420581,12
64420582,12
64420583,12
64420584,12
64420585,12|13
64420586,12|13
64420587,12|13
64420588,13
64420589,13
64420590,12
64420591,12
64420592,12
64420593,12
64420594,12|13
64420595,12|13
64420596,13
64420597,13
64420598,13
64420599,13
64420600,12|13
64420601,13
64420602,13
64420603,13
64420604,13
64420605,13
64420606,13
64420607,13
64420608,13
64420609,13
64420610,12|13
64420611,12|13
64420612,13
64420613,13
64420614,13
64420615,13
64420616,13
64420617,13
64420618,13
64420619,13
64420620,12|13
64420621,12|13
64420622,13
64420623,13
64420624,13
64420625,13
64420626,13
64420627,13
64420628,13
64420629,13
64420630,12|13
64420631,13
64420632,13
64420633,13
64420634,13
64420635,13
64420636,13
64420637,13
64420638,13
64420639,13
64420640,12|13
64420641,13
64420642,13
64420643,13
64420644,13
64420645,13
64420646,13
64420647,13
64420648,13
64420649,13
64420650,12|13
64420651,13
64420652,13
64420653,13
64420654,13
64420655,13
64420656,13
64420657,13
64420658,13
64420659,13
64420660,12|13
64420661,13
64420662,13
64420663,13
64420664,13
64420665,13
64420666,13
64420667,13
64420668,13
64420669,13
64420670,13
64420671,13
64420672,13
64420673,13
64420674,13
64420675,13
64420676,13
64420677,13
64420678,13
64420679,13
64420680,13
64420681,13
64420682,13
64420683,13
64420684,13
64420685,13
64420686,13
64420687,13
64420688,13
64420689,13
64420690,13
64420691,13
64420692,13
64420693,13
64420694,13
64420695,13
64420696,13
64420697,13
64420698,13
64420699,13
644207,13
644210,12
644211,12
644212,12
644213,12
644214,12
64421500,12
64421501,12
64421502,12
64421503,12
64421504,12|13
64421505,12|13
64421506,13
64421507,13
64421508,13
64421509,13
64421510,12
64421511,12
64421512,12
64421513,12
64421514,12
64421515,12|13
64421516,13
64421517,13
64421518,13
64421519,13
64421520,12
64421521,12
64421522,12
64421523,12
64421524,12
64421525,12|13
64421526,12|13
64421527,12|13
64421528,13
64421529,13
64421530,12
64421531,12
64421532,12
64421533,12
64421534,12
64421535,12
64421536,12
64421537,12|13
64421538,13
64421539,13
64421540,12
64421541,12
64421542,12
64421543,12
64421544,12
64421545,12
64421546,12
64421547,12|13
64421548,13
64421549,13
64421550,12
64421551,12
64421552,12
64421553,12
64421554,12
64421555,12
64421556,12
64421557,12|13
64421558,13
64421559,13
64421560,12
64421561,12
64421562,12
64421563,12
64421564,12
64421565,12
64421566,12
64421567,12|13
64421568,13
64421569,13
64421570,12
64421571,12
64421572,12
64421573,12
64421574,12
64421575,12
64421576,12
64421577,12|13
64421578,12|13
64421579,13
64421580,12
64421581,12
64421582,12
64421583,12
64421584,12
64421585,12
64421586,12
64421587,12
64421588,12|13
64421589,13
64421590,12
64421591,12
64421592,12
64421593,12
64421594,12
64421595,12
64421596,12
64421597,12
64421598,12|13
64421599,13
644216,13
644217,13
644220,12
644221,12
644222,12
644223,12
644224,12
64422500,12
64422501,12
64422502,12
64422503,12
64422504,12
64422505,12
64422506,12
64422507,12
64422508,12|13
64422509,12|13
64422510,12
64422511,12
64422512,12
64422513,12
64422514,12
64422515,12
64422516,12
64422517,12
64422518,12
64422519,12|13
64422520,12
64422521,12
64422522,12
64422523,12
64422524,12
64422525,12
64422526,12
64422527,12
64422528,12
64422529,12
64422530,12
64422531,12
64422532,12
64422533,12
64422534,12
64422535,12
64422536,12
64422537,12
64422538,12
64422539,12
64422540,12
64422541,12
64422542,12
64422543,12
64422544,12
64422545,12
64422546,12
64422547,12
64422548,12
64422549,12
64422550,12
64422551,12
64422552,12
64422553,12
64422554,12
64422555,12
64422556,12
64422557,12
64422558,12
64422559,12
64422560,12
64422561,12
64422562,12
64422563,12
64422564,12
64422565,12
64422566,12
64422567,12
64422568,12
64422569,12
64422570,12
64422571,12
64422572,12
64422573,12
64422574,12
64422575,12
64422576,12
64422577,12
64422578,12
64422579,12
64422580,12
64422581,12
64422582,12
64422583,12
64422584,12
64422585,12
64422586,12
64422587,12
64422588,12
64422589,12
64422590,12
64422591,12
64422592,12
64422593,12
64422594,12
64422595,12
64422596,12
64422597,12
64422598,12
64422599,12
64422600,13
64422601,13
64422602,13
64422603,13
64422604,13
64422605,13
64422606,13
64422607,13
64422608,13
64422609,13
64422610,12|13
64422611,13
64422612,13
64422613,13
64422614,13
64422615,13
64422616,13
64422617,13
64422618,13
64422619,13
64422620,12|13
64422621,12|13
64422622,12|13
64422623,13
64422624,13
64422625,13
64422626,13
64422627,13
64422628,13
64422629,13
64422630,12
64422631,12
64422632,12|13
64422633,12|13
64422634,13
64422635,13
64422636,13
64422637,13
64422638,13
64422639,13
64422640,12
64422641,12|13
64422642,12|13
64422643,13
64422644,13
64422645,13
64422646,13
64422647,13
64422648,13
64422649,13
64422650,12
64422651,12|13
64422652,13
64422653,13
64422654,13
64422655,13
64422656,13
64422657,13
64422658,13
64422659,13
64422660,12
64422661,12|13
64422662,13
64422663,13
64422664,13
64422665,13
64422666,13
64422667,13
64422668,13
64422669,13
64422670,12|13
64422671,12|13
64422672,13
64422673,13
64422674,13
64422675,13
64422676,13
64422677,13
64422678,13
64422679,13
64422680,12|13
64422681,12|13
64422682,13
64422683,13
64422684,13
64422685,13
64422686,13
64422687,13
64422688,13
64422689,13
64422690,12
64422691,12|13
64422692,13
64422693,13
64422694,13
64422695,13
64422696,13
64422697,13
64422698,13
64422699,13
644227,13
644230,12
644231,12
644232,12
644233,12
644234,12
64423500,12
64423501,12
64423502,12
64423503,12
64423504,12
64423505,12
64423506,12
64423507,12
64423508,12
64423509,12
64423510,12
64423511,12
64423512,12
64423513,12
64423514,12
64423515,12
64423516,12
64423517,12
64423518,12
64423519,12
64423520,12
64423521,12
64423522,12
64423523,12
64423524,12
64423525,12
64423526,12
64423527,12
64423528,12
64423529,12
64423530,12
64423531,12
64423532,12
64423533,12
64423534,12
64423535,12
64423536,12
64423537,12
64423538,12
64423539,12
64423540,12
64423541,12
64423542,12
64423543,12
64423544,12
64423545,12
64423546,12
64423547,12
64423548,12
64423549,12
64423550,12
64423551,12
64423552,12
64423553,12
64423554,12
64423555,12
64423556,12
64423557,12
64423558,12
64423559,12|13
64423560,12
64423561,12
64423562,12
64423563,12
64423564,12
64423565,12
64423566,12
64423567,12
64423568,12
64423569,12
64423570,12
64423571,12
64423572,12
64423573,12
64423574,12
64423575,12
64423576,12
64423577,12
64423578,12
64423579,12
64423580,12
64423581,12
64423582,12
64423583,12
64423584,12
64423585,12
64423586,12
64423587,12
64423588,12
64423589,12
64423590,12
64423591,12
64423592,12
64423593,12
64423594,12
64423595,12
64423596,12
64423597,12
64423598,12
64423599,12|13
64423600,12
64423601,12|13
64423602,12|13
64423603,13
64423604,13
64423605,13
64423606,13
64423607,13
64423608,13
64423609,13
64423610,12
64423611,12|13
64423612,12|13
64423613,13
64423614,13
64423615,13
64423616,13
64423617,13
64423618,13
64423619,13
64423620,12|13
64423621,12|13
64423622,13
64423623,13
64423624,13
64423625,13
64423626,13
64423627,13
64423628,13
64423629,13
64423630,12|13
64423631,13
64423632,13
64423633,13
64423634,13
64423635,13
64423636,13
64423637,13
64423638,13
64423639,13
64423640,12|13
64423641,13
64423642,13
64423643,13
64423644,13
64423645,13
64423646,13
64423647,13
64423648,13
64423649,13
64423650,12|13
64423651,13
64423652,13
64423653,13
64423654,13
64423655,13
64423656,13
64423657,13
64423658,13
64423659,13
64423660,12|13
64423661,13
64423662,13
64423663,13
64423664,13
64423665,13
64423666,13
64423667,13
64423668,13
64423669,13
64423670,12|13
64423671,12|13
64423672,13
64423673,13
64423674,13
64423675,13
64423676,13
64423677,13
64423678,13
64423679,13
64423680,12|13
64423681,12|13
64423682,13
64423683,13
64423684,13
64423685,13
64423686,13
64423687,13
64423688,13
64423689,13
64423690,12|13
64423691,13
64423692,13
64423693,13
64423694,13
64423695,13
64423696,13
64423697,13
64423698,13
64423699,13
644237,13
644240,12
644241,12
644242,12
644243,12
644244,12
64424500,12
64424501,12
64424502,12
64424503,12
64424504,12
64424505,12
64424506,12
64424507,12
64424508,12
64424509,12|13
64424510,12
64424511,12
64424512,12
64424513,12
64424514,12
64424515,12
64424516,12
64424517,12
64424518,12
64424519,12|13
64424520,12
64424521,12
64424522,12
64424523,12
64424524,12
64424525,12
64424526,12
64424527,12
64424528,12
64424529,12
64424530,12
64424531,12
64424532,12
64424533,12
64424534,12
64424535,12
64424536,12
64424537,12
64424538,12
64424539,12
64424540,12
64424541,12
64424542,12
64424543,12
64424544,12
64424545,12
64424546,12
64424547,12
64424548,12
64424549,12|13
64424550,12
64424551,12
64424552,12
64424553,12
64424554,12
64424555,12
64424556,12
64424557,12
64424558,12
64424559,12|13
64424560,12
64424561,12
64424562,12
64424563,12
64424564,12
64424565,12
64424566,12
64424567,12
64424568,12
64424569,12|13
64424570,12
64424571,12
64424572,12
64424573,12
64424574,12
64424575,12
64424576,12
64424577,12
64424578,12
64424579,12|13
64424580,12
64424581,12
64424582,12
64424583,12
64424584,12
64424585,12
64424586,12
64424587,12
64424588,12|13
64424589,12|13
64424590,12
64424591,12
64424592,12
64424593,12
64424594,12
64424595,12
64424596,12
64424597,12
64424598,12|13
64424599,12|13
64424600,13
64424601,13
64424602,13
64424603,13
64424604,13
64424605,13
64424606,13
64424607,13
64424608,13
64424609,13
64424610,12|13
64424611,13
64424612,13
64424613,13
64424614,13
64424615,13
64424616,13
64424617,13
64424618,13
64424619,13
64424620,12|13
64424621,13
64424622,13
64424623,13
64424624,13
64424625,13
64424626,13
64424627,13
64424628,13
64424629,13
64424630,12|13
64424631,13
64424632,13
64424633,13
64424634,13
64424635,13
64424636,13
64424637,13
64424638,13
64424639,13
64424640,12|13
64424641,13
64424642,13
64424643,13
64424644,13
64424645,13
64424646,13
64424647,13
64424648,13
64424649,13
64424650,13
64424651,13
64424652,13
64424653,13
64424654,13
64424655,13
64424656,13
64424657,13
64424658,13
64424659,13
64424660,13
64424661,13
64424662,13
64424663,13
64424664,13
64424665,13
64424666,13
64424667,13
64424668,13
64424669,13
64424670,13
64424671,13
64424672,13
64424673,13
64424674,13
64424675,13
64424676,13
64424677,13
64424678,13
64424679,13
64424680,13
64424681,13
64424682,13
64424683,13
64424684,13
64424685,13
64424686,13
64424687,13
64424688,13
64424689,13
64424690,13
64424691,13
64424692,13
64424693,13
64424694,13
64424695,13
64424696,13
64424697,13
64424698,13
64424699,13
644247,13
644250,12
644251,12
644252,12
644253,12
644254,12
64425500,12
64425501,12
64425502,12
64425503,12
64425504,12
64425505,12
64425506,12
64425507,12
64425508,12|13
64425509,12|13
64425510,12
64425511,12
64425512,12
64425513,12
64425514,12
64425515,12
64425516,12
64425517,12
64425518,12|13
64425519,12|13
64425520,12
64425521,12
64425522,12
64425523,12
64425524,12
64425525,12
64425526,12
64425527,12
64425528,12
64425529,12|13
64425530,12
64425531,12
64425532,12
64425533,12
64425534,12
64425535,12
64425536,12
64425537,12
64425538,12
64425539,12|13
64425540,12
64425541,12
64425542,12
64425543,12
64425544,12
64425545,12
64425546,12
64425547,12
64425548,12
64425549,12|13
64425550,12
64425551,12
64425552,12
64425553,12
64425554,12
64425555,12
64425556,12
64425557,12
64425558,12
64425559,12
64425560,12
64425561,12
64425562,12
64425563,12
64425564,12
64425565,12
64425566,12
64425567,12
64425568,12
64425569,12
64425570,12
64425571,12
64425572,12
64425573,12
64425574,12
64425575,12
64425576,12
64425577,12
64425578,12
64425579,12
64425580,12
64425581,12
64425582,12
64425583,12
64425584,12
64425585,12
64425586,12
64425587,12
64425588,12
64425589,12
64425590,12
64425591,12
64425592,12
64425593,12
64425594,12
64425595,12
64425596,12
64425597,12
64425598,12
64425599,12
64425600,13
64425601,13
64425602,13
64425603,13
64425604,13
64425605,13
64425606,13
64425607,13
64425608,13
64425609,13
64425610,13
64425611,13
64425612,13
64425613,13
64425614,13
64425615,13
64425616,13
64425617,13
64425618,13
64425619,13
64425620,13
64425621,13
64425622,13
64425623,13
64425624,13
64425625,13
64425626,13
64425627,13
64425628,13
64425629,13
64425630,12|13
64425631,13
64425632,13
64425633,13
64425634,13
64425635,13
64425636,13
64425637,13
64425638,13
64425639,13
64425640,12|13
64425641,12|13
64425642,13
64425643,13
64425644,13
64425645,13
64425646,13
64425647,13
64425648,13
64425649,13
64425650,12
64425651,12|13
64425652,13
64425653,13
64425654,13
64425655,13
64425656,13
64425657,13
64425658,13
64425659,13
64425660,12
64425661,12|13
64425662,13
64425663,13
64425664,13
64425665,13
64425666,13
64425667,13
64425668,13
64425669,13
64425670,12
64425671,12|13
64425672,13
64425673,13
64425674,13
64425675,13
64425676,13
64425677,13
64425678,13
64425679,13
64425680,12
64425681,12|13
64425682,13
64425683,13
64425684,13
64425685,13
64425686,13
64425687,13
64425688,13
64425689,13
64425690,12
64425691,12|13
64425692,13
64425693,13
64425694,13
64425695,13
64425696,13
64425697,13
64425698,13
64425699,13
644257,13
644260,12
644261,12
644262,12
644263,12
644264,12
64426500,12
64426501,12
64426502,12
64426503,12
64426504,12
64426505,12
64426506,12
64426507,12
64426508,12
64426509,12
64426510,12
64426511,12
64426512,12
64426513,12
64426514,12
64426515,12
64426516,12
64426517,12
64426518,12
64426519,12
64426520,12
64426521,12
64426522,12
64426523,12
64426524,12
64426525,12
64426526,12
64426527,12
64426528,12
64426529,12
64426530,12
64426531,12
64426532,12
64426533,12
64426534,12
64426535,12
64426536,12
64426537,12
64426538,12
64426539,12
64426540,12
64426541,12
64426542,12
64426543,12
64426544,12
64426545,12
64426546,12
64426547,12
64426548,12
64426549,12
64426550,12
64426551,12
64426552,12
64426553,12
64426554,12
64426555,12
64426556,12
64426557,12
64426558,12
64426559,12|13
64426560,12
64426561,12
64426562,12
64426563,12
64426564,12
64426565,12
64426566,12
64426567,12
64426568,12|13
64426569,12|13
64426570,12
64426571,12
64426572,12
64426573,12
64426574,12
64426575,12
64426576,12
64426577,12
64426578,12|13
64426579,13
64426580,12
64426581,12
64426582,12
64426583,12
64426584,12
64426585,12
64426586,12
64426587,12
64426588,12|13
64426589,12|13
64426590,12
64426591,12
64426592,12
64426593,12
64426594,12
64426595,12
64426596,12
64426597,12
64426598,12|13
64426599,12|13
64426600,12
64426601,12|13
64426602,12|13
64426603,13
64426604,13
64426605,13
64426606,13
64426607,13
64426608,13
64426609,13
64426610,12
64426611,12|13
64426612,12|13
64426613,13
64426614,13
64426615,13
64426616,13
64426617,13
64426618,13
64426619,13
64426620,12
64426621,12|13
64426622,13
64426623,13
64426624,13
64426625,13
64426626,13
64426627,13
64426628,13
64426629,13
64426630,12|13
64426631,12|13
64426632,13
64426633,13
64426634,13
64426635,13
64426636,13
64426637,13
64426638,13
64426639,13
64426640,12|13
64426641,12|13
64426642,13
64426643,13
64426644,13
64426645,13
64426646,13
64426647,13
64426648,13
64426649,13
64426650,12|13
64426651,13
64426652,13
64426653,13
64426654,13
64426655,13
64426656,13
64426657,13
64426658,13
64426659,13
64426660,13
64426661,13
64426662,13
64426663,13
64426664,13
64426665,13
64426666,13
64426667,13
64426668,13
64426669,13
64426670,13
64426671,13
64426672,13
64426673,13
64426674,13
64426675,13
64426676,13
64426677,13
64426678,13
64426679,13
64426680,13
64426681,13
64426682,13
64426683,13
64426684,13
64426685,13
64426686,13
64426687,13
64426688,13
64426689,13
64426690,13
64426691,13
64426692,13
64426693,13
64426694,13
64426695,13
64426696,13
64426697,13
64426698,13
64426699,13
644267,13
644270,12
644271,12
644272,12
644273,12
644274,12
64427500,12
64427501,12
64427502,12
64427503,12
64427504,12
64427505,12
64427506,12
64427507,12
64427508,12|13
64427509,12|13
64427510,12
64427511,12
64427512,12
64427513,12
64427514,12
64427515,12
64427516,12
64427517,12
64427518,12
64427519,12|13
64427520,12
64427521,12
64427522,12
64427523,12
64427524,12
64427525,12
64427526,12
64427527,12
64427528,12
64427529,12|13
64427530,12
64427531,12
64427532,12
64427533,12
64427534,12
64427535,12
64427536,12
64427537,12
64427538,12
64427539,12|13
64427540,12
64427541,12
64427542,12
64427543,12
64427544,12
64427545,12
64427546,12
64427547,12
64427548,12|13
64427549,12|13
64427550,12
64427551,12
64427552,12
64427553,12
64427554,12
64427555,12
64427556,12
64427557,12
64427558,12|13
64427559,13
64427560,12
64427561,12
64427562,12
64427563,12
64427564,12
64427565,12
64427566,12
64427567,12
64427568,12|13
64427569,12|13
64427570,12
64427571,12
64427572,12
64427573,12
64427574,12
64427575,12
64427576,12
64427577,12
64427578,12
64427579,12|13
64427580,12
64427581,12
64427582,12
64427583,12
64427584,12
64427585,12
64427586,12
64427587,12
64427588,12|13
64427589,12|13
64427590,12
64427591,12
64427592,12
64427593,12
64427594,12
64427595,12
64427596,12
64427597,12
64427598,12
64427599,12|13
644276,13
644277,13
644300,13
644301,13
644302,13
644303,13
644304,13
644305,13
644310,13
644311,13
644312,13
644313,13
644314,13
644315,13
644316,13
644320,13
644321,13
644322,13
644323,13
644324,13
644325,13
644326,13
644327,13
644330,13
644331,13
644332,13
644333,13
644334,13
644335,13
644336,13
644337,13
644340,13
644341,13
644342,13
644343,13
644344,13
644345,13
644346,13
644347,13
644350,13
644351,13
644352,13
644353,13
644354,13
644355,13
644356,13
644357,13
644360,13
644361,13
644362,13
644363,13
644364,13
644365,13
644366,13
644367,13
644370,13
644371,13
644372,13
644373,13
644374,13
644375,13
644376,13
644377,13
644430,13
644431,13
644432,13
644433,13
644434,13
644435,13
644436,13
644437,13
644440,13
644441,13
644442,13
644443,13
644444,13
644445,13
644446,13
644447,13
644450,13
644451,13
644452,13
644453,13
644454,13
644455,13
644456,13
644457,13
644460,13
644461,13
644462,13
644463,13
644464,13
644465,13
644466,13
644467,13
644470,13
644471,13
644472,13
644473,13
644474,13
644475,13
644476,13
644477,13
644530,13
644540,13
644541,13
644550,13
644551,13
644552,13
644553,13
644554,13
644560,13
644561,13
644562,13
644563,13
644564,13
644570,13
644571,13
644572,13
644573,13
644574,13
644575,13
644576,13
654002,11
654003,11
654004,11
654103,12
654104,12
654105,12
654106,12
654107,12
654112,12
654113,12
654114,12
654115,12
654116,12
654117,12
654122,12
654123,12
654124,12
654125,12
654126,12
654127,12
654132,12
654133,12
654134,12
654135,12
654136,12
654137,12
654142,12
654143,12
654144,12
654145,12
654146,12
654147,12
654152,12
654153,12
654154,12
654155,12
654156,12
654157,12
654163,12
654164,12
654165,12
654166,12
654167,12
654174,12
654175,12
654176,12
654177,12
654200,12
654201,12
654202,12
654203,12
654204,12
65420500,12
65420501,12
65420502,12
65420503,12
65420504,12
65420505,12
65420506,12
65420507,12
65420508,12
65420509,12|13
65420510,12
65420511,12
65420512,12
65420513,12
65420514,12
65420515,12
65420516,12
65420517,12
65420518,12
65420519,12
65420520,12
65420521,12
65420522,12
65420523,12
65420524,12
65420525,12
65420526,12
65420527,12
65420528,12|13
65420529,12|13
65420530,12
65420531,12
65420532,12
65420533,12
65420534,12
65420535,12
65420536,12
65420537,12|13
65420538,12|13
65420539,13
65420540,12
65420541,12
65420542,12
65420543,12
65420544,12
65420545,12
65420546,12|13
65420547,12|13
65420548,13
65420549,13
65420550,12
65420551,12
65420552,12
65420553,12
65420554,12
65420555,12|13
65420556,12|13
65420557,13
65420558,13
65420559,13
65420560,12
65420561,12
65420562,12
65420563,12
65420564,12
65420565,12|13
65420566,13
65420567,13
65420568,13
65420569,13
65420570,12
65420571,12
65420572,12
65420573,12
65420574,12|13
65420575,12|13
65420576,13
65420577,13
65420578,13
65420579,13
65420580,12
65420581,12
65420582,12
65420583,12|13
65420584,12|13
65420585,13
65420586,13
65420587,13
65420588,13
65420589,13
65420590,12
65420591,12
65420592,12
65420593,12
65420594,12|13
65420595,13
65420596,13
65420597,13
65420598,13
65420599,13
65420600,12|13
65420601,13
65420602,13
65420603,13
65420604,13
65420605,13
65420606,13
65420607,13
65420608,13
65420609,13
65420610,12|13
65420611,12|13
65420612,13
65420613,13
65420614,13
65420615,13
65420616,13
65420617,13
65420618,13
65420619,13
65420620,12|13
65420621,12|13
65420622,13
65420623,13
65420624,13
65420625,13
65420626,13
65420627,13
65420628,13
65420629,13
65420630,13
65420631,13
65420632,13
65420633,13
65420634,13
65420635,13
65420636,13
65420637,13
65420638,13
65420639,13
65420640,13
65420641,13
65420642,13
65420643,13
65420644,13
65420645,13
65420646,13
65420647,13
65420648,13
65420649,13
65420650,13
65420651,13
65420652,13
65420653,13
65420654,13
65420655,13
65420656,13
65420657,13
65420658,13
65420659,13
65420660,13
65420661,13
65420662,13
65420663,13
65420664,13
65420665,13
65420666,13
65420667,13
65420668,13
65420669,13
65420670,13
65420671,13
65420672,13
65420673,13
65420674,13
65420675,13
65420676,13
65420677,13
65420678,13
65420679,13
65420680,13
65420681,13
65420682,13
65420683,13
65420684,13
65420685,13
65420686,13
65420687,13
65420688,13
65420689,13
65420690,13
65420691,13
65420692,13
65420693,13
65420694,13
65420695,13
65420696,13
65420697,13
65420698,13
65420699,13
654207,13
654210,12
654211,12
654212,12
654213,12
654214,12
65421500,12
65421501,12
65421502,12
65421503,12
65421504,12|13
65421505,12|13
65421506,13
65421507,13
65421508,13
65421509,13
65421510,12
65421511,12
65421512,12
65421513,12
65421514,12
65421515,12|13
65421516,12|13
65421517,13
65421518,13
65421519,13
65421520,12
65421521,12
65421522,12
65421523,12
65421524,12
65421525,12
65421526,12|13
65421527,12|13
65421528,13
65421529,13
65421530,12
65421531,12
65421532,12
65421533,12
65421534,12
65421535,12
65421536,12|13
65421537,12|13
65421538,13
65421539,13
65421540,12
65421541,12
65421542,12
65421543,12
65421544,12
65421545,12
65421546,12
65421547,12|13
65421548,12|13
65421549,13
65421550,12
65421551,12
65421552,12
65421553,12
65421554,12
65421555,12
65421556,12
65421557,12
65421558,12|13
65421559,12|13
65421560,12
65421561,12
65421562,12
65421563,12
65421564,12
65421565,12
65421566,12
65421567,12
65421568,12
65421569,12|13
65421570,12
65421571,12
65421572,12
65421573,12
65421574,12
65421575,12
65421576,12
65421577,12
65421578,12
65421579,12
65421580,12
65421581,12
65421582,12
65421583,12
65421584,12
65421585,12
65421586,12
65421587,12
65421588,12
65421589,12
65421590,12
65421591,12
65421592,12
65421593,12
65421594,12
65421595,12
65421596,12
65421597,12
65421598,12
65421599,12
65421600,13
65421601,13
65421602,13
65421603,13
65421604,13
65421605,13
65421606,13
65421607,13
65421608,13
65421609,13
65421610,13
65421611,13
65421612,13
65421613,13
65421614,13
65421615,13
65421616,13
65421617,13
65421618,13
65421619,13
65421620,13
65421621,13
65421622,13
65421623,13
65421624,13
65421625,13
65421626,13
65421627,13
65421628,13
65421629,13
65421630,13
65421631,13
65421632,13
65421633,13
65421634,13
65421635,13
65421636,13
65421637,13
65421638,13
65421639,13
65421640,13
65421641,13
65421642,13
65421643,13
65421644,13
65421645,13
65421646,13
65421647,13
65421648,13
65421649,13
65421650,13
65421651,13
65421652,13
65421653,13
65421654,13
65421655,13
65421656,13
65421657,13
65421658,13
65421659,13
65421660,12|13
65421661,13
65421662,13
65421663,13
65421664,13
65421665,13
65421666,13
65421667,13
65421668,13
65421669,13
65421670,12|13
65421671,12|13
65421672,13
65421673,13
65421674,13
65421675,13
65421676,13
65421677,13
65421678,13
65421679,13
65421680,12
65421681,12|13
65421682,12|13
65421683,13
65421684,13
65421685,13
65421686,13
65421687,13
65421688,13
65421689,13
65421690,12
65421691,12
65421692,12|13
65421693,12|13
65421694,13
65421695,13
65421696,13
65421697,13
65421698,13
65421699,13
654217,13
654220,12
654221,12
654222,12
654223,12
654224,12
654225,12
65422600,12
65422601,12
65422602,12
65422603,12|13
65422604,12|13
65422605,13
65422606,13
65422607,13
65422608,13
65422609,13
65422610,12
65422611,12
65422612,12
65422613,12
65422614,12|13
65422615,12|13
65422616,13
65422617,13
65422618,13
65422619,13
65422620,12
65422621,12
65422622,12
65422623,12
65422624,12|13
65422625,12|13
65422626,12|13
65422627,12|13
65422628,13
65422629,13
65422630,12
65422631,12
65422632,12
65422633,12
65422634,12|13
65422635,12|13
65422636,12|13
65422637,12|13
65422638,12|13
65422639,13
65422640,12
65422641,12
65422642,12
65422643,12
65422644,12
65422645,12
65422646,12
65422647,12
65422648,12|13
65422649,13
65422650,12
65422651,12
65422652,12
65422653,12
65422654,12
65422655,12
65422656,12
65422657,12
65422658,12|13
65422659,13
65422660,12
65422661,12
65422662,12
65422663,12
65422664,12
65422665,12
65422666,12
65422667,12
65422668,12|13
65422669,13
65422670,12
65422671,12
65422672,12
65422673,12
65422674,12
65422675,12
65422676,12
65422677,12
65422678,12|13
65422679,12|13
65422680,12
65422681,12
65422682,12
65422683,12
65422684,12
65422685,12
65422686,12
65422687,12
65422688,12
65422689,12|13
65422690,12
65422691,12
65422692,12
65422693,12
65422694,12
65422695,12
65422696,12
65422697,12
65422698,12
65422699,12
65422700,13
65422701,13
65422702,13
65422703,13
65422704,13
65422705,13
65422706,13
65422707,13
65422708,13
65422709,13
65422710,13
65422711,13
65422712,13
65422713,13
65422714,13
65422715,13
65422716,13
65422717,13
65422718,13
65422719,13
65422720,13
65422721,13
65422722,13
65422723,13
65422724,13
65422725,13
65422726,13
65422727,13
65422728,13
65422729,13
65422730,13
65422731,13
65422732,13
65422733,13
65422734,13
65422735,12|13
65422736,12|13
65422737,12|13
65422738,13
65422739,12|13
65422740,13
65422741,13
65422742,13
65422743,13
65422744,13
65422745,12|13
65422746,12
65422747,12|13
65422748,12|13
65422749,12|13
65422750,13
65422751,13
65422752,13
65422753,13
65422754,12|13
65422755,12|13
65422756,12
65422757,12
65422758,12
65422759,12
65422760,13
65422761,13
65422762,13
65422763,12|13
65422764,12|13
65422765,12
65422766,12
65422767,12
65422768,12
65422769,12
65422770,12|13
65422771,12|13
65422772,12|13
65422773,12|13
65422774,12
65422775,12
65422776,12
65422777,12
65422778,12
65422779,12
65422780,12|13
65422781,12
65422782,12
65422783,12
65422784,12
65422785,12
65422786,12
65422787,12
65422788,12
65422789,12
65422790,12
65422791,12
65422792,12
65422793,12
65422794,12
65422795,12
65422796,12
65422797,12
65422798,12
65422799,12
654230,12
654231,12
654232,12
654233,12
654234,12
654235,12
654236,12
654237,12
654240,12
654241,12
654242,12
654243,12
654244,12
654245,12
654246,12
654247,12
654250,12
654251,12
654252,12
654253,12
654254,12
654255,12
654256,12
654257,12
654260,12
654261,12
654262,12
654263,12
654264,12
654265,12
654266,12
654267,12
654270,12
654271,12
654272,12
654273,12
654274,12
654275,12
654276,12
654277,12
654300,13
654301,13
654302,13
654303,13
654304,13
654305,13
654306,13
654307,13
654310,13
654311,13
654312,13
654313,13
654314,13
654315,13
654316,13
654317,13
65432000,13
65432001,13
65432002,13
65432003,13
65432004,13
65432005,13
65432006,13
65432007,13
65432008,13
65432009,13
65432010,13
65432011,13
65432012,13
65432013,13
65432014,13
65432015,13
65432016,13
65432017,13
65432018,13
65432019,13
65432020,13
65432021,13
65432022,13
65432023,13
65432024,13
65432025,13
65432026,13
65432027,13
65432028,13
65432029,13
65432030,12|13
65432031,12|13
65432032,13
65432033,13
65432034,13
65432035,13
65432036,13
65432037,13
65432038,13
65432039,13
65432040,12
65432041,12|13
65432042,13
65432043,13
65432044,13
65432045,13
65432046,13
65432047,13
65432048,13
65432049,13
65432050,12
65432051,12|13
65432052,12|13
65432053,13
65432054,13
65432055,13
65432056,13
65432057,13
65432058,13
65432059,13
65432060,12
65432061,12
65432062,12|13
65432063,13
65432064,12|13
65432065,12|13
65432066,13
65432067,13
65432068,13
65432069,13
65432070,12
65432071,12
65432072,12|13
65432073,12|13
65432074,12|13
65432075,12|13
65432076,12|13
65432077,12|13
65432078,13
65432079,13
65432080,12
65432081,12
65432082,12
65432083,12
65432084,12
65432085,12
65432086,12
65432087,12|13
65432088,12|13
65432089,13
65432090,12
65432091,12
65432092,12
65432093,12
65432094,12
65432095,12
65432096,12
65432097,12
65432098,12|13
65432099,12|13
654321,13
654322,13
654323,13
654324,13
654325,13
654326,13
654327,13
65433000,12
65433001,12
65433002,12
65433003,12
65433004,12
65433005,12
65433006,12
65433007,12
65433008,12
65433009,12|13
65433010,12
65433011,12
65433012,12
65433013,12
65433014,12
65433015,12
65433016,12
65433017,12
65433018,12
65433019,12
65433020,12
65433021,12
65433022,12
65433023,12
65433024,12
65433025,12
65433026,12
65433027,12
65433028,12
65433029,12
65433030,12
65433031,12
65433032,12
65433033,12
65433034,12
65433035,12
65433036,12
65433037,12
65433038,12
65433039,12
65433040,12
65433041,12
65433042,12
65433043,12
65433044,12
65433045,12
65433046,12
65433047,12
65433048,12
65433049,12
65433050,12
65433051,12
65433052,12
65433053,12
65433054,12
65433055,12
65433056,12
65433057,12
65433058,12
65433059,12
65433060,12
65433061,12
65433062,12
65433063,12
65433064,12
65433065,12
65433066,12
65433067,12
65433068,12
65433069,12
65433070,12
65433071,12
65433072,12
65433073,12
65433074,12
65433075,12
65433076,12
65433077,12
65433078,12
65433079,12
65433080,12
65433081,12
65433082,12
65433083,12
65433084,12
65433085,12
65433086,12
65433087,12
65433088,12
65433089,12
65433090,12
65433091,12
65433092,12
65433093,12
65433094,12
65433095,12
65433096,12
65433097,12
65433098,12
65433099,12
65433100,12|13
65433101,12|13
65433102,13
65433103,13
65433104,13
65433105,13
65433106,13
65433107,13
65433108,13
65433109,13
65433110,12|13
65433111,12|13
65433112,13
65433113,13
65433114,13
65433115,13
65433116,13
65433117,13
65433118,13
65433119,13
65433120,12|13
65433121,13
65433122,13
65433123,13
65433124,13
65433125,13
65433126,13
65433127,13
65433128,13
65433129,13
65433130,12|13
65433131,12|13
65433132,13
65433133,13
65433134,13
65433135,13
65433136,13
65433137,13
65433138,13
65433139,13
65433140,12
65433141,12|13
65433142,12|13
65433143,13
65433144,13
65433145,13
65433146,13
65433147,13
65433148,13
65433149,13
65433150,12
65433151,12
65433152,12|13
65433153,12|13
65433154,13
65433155,13
65433156,13
65433157,13
65433158,13
65433159,13
65433160,12
65433161,12
65433162,12
65433163,12|13
65433164,13
65433165,13
65433166,13
65433167,13
65433168,13
65433169,13
65433170,12
65433171,12
65433172,12
65433173,12|13
65433174,13
65433175,13
65433176,13
65433177,13
65433178,13
65433179,13
65433180,12
65433181,12
65433182,12|13
65433183,12|13
65433184,13
65433185,13
65433186,13
65433187,13
65433188,13
65433189,13
65433190,12
65433191,12|13
65433192,12|13
65433193,13
65433194,13
65433195,13
65433196,13
65433197,13
65433198,13
65433199,13
654332,13
654333,13
654334,13
654335,13
654336,13
654337,13
654340,12
65434100,12
65434101,12|13
65434102,13
65434103,13
65434104,13
65434105,13
65434106,13
65434107,13
65434108,13
65434109,13
65434110,12
65434111,12|13
65434112,13
65434113,13
65434114,13
65434115,13
65434116,13
65434117,13
65434118,13
65434119,13
65434120,12
65434121,12|13
65434122,13
65434123,13
65434124,13
65434125,13
65434126,13
65434127,13
65434128,13
65434129,13
65434130,12
65434131,12|13
65434132,12|13
65434133,13
65434134,13
65434135,13
65434136,12|13
65434137,12|13
65434138,12|13
65434139,13
65434140,12
65434141,12
65434142,12|13
65434143,12|13
65434144,12|13
65434145,12|13
65434146,12|13
65434147,12
65434148,12|13
65434149,12|13
65434150,12
65434151,12
65434152,12
65434153,12
65434154,12
65434155,12
65434156,12
65434157,12
65434158,12
65434159,12
65434160,12
65434161,12
65434162,12
65434163,12
65434164,12
65434165,12
65434166,12
65434167,12
65434168,12
65434169,12
65434170,12
65434171,12
65434172,12
65434173,12
65434174,12
65434175,12
65434176,12
65434177,12
65434178,12
65434179,12|13
65434180,12
65434181,12
65434182,12
65434183,12
65434184,12
65434185,12
65434186,12
65434187,12
65434188,12
65434189,12|13
65434190,12
65434191,12
65434192,12
65434193,12
65434194,12
65434195,12
65434196,12
65434197,12
65434198,12
65434199,12
65434200,13
65434201,13
65434202,13
65434203,13
65434204,13
65434205,13
65434206,13
65434207,13
65434208,13
65434209,13
65434210,13
65434211,13
65434212,13
65434213,13
65434214,13
65434215,13
65434216,13
65434217,13
65434218,13
65434219,13
65434220,13
65434221,13
65434222,13
65434223,13
65434224,13
65434225,13
65434226,13
65434227,13
65434228,13
65434229,13
65434230,13
65434231,13
65434232,13
65434233,13
65434234,13
65434235,13
65434236,13
65434237,13
65434238,13
65434239,13
65434240,12|13
65434241,13
65434242,13
65434243,13
65434244,13
65434245,13
65434246,13
65434247,13
65434248,13
65434249,13
65434250,12|13
65434251,13
65434252,13
65434253,13
65434254,13
65434255,13
65434256,13
65434257,13
65434258,13
65434259,13
65434260,12|13
65434261,13
65434262,13
65434263,13
65434264,13
65434265,13
65434266,13
65434267,13
65434268,13
65434269,13
65434270,12|13
65434271,13
65434272,13
65434273,13
65434274,13
65434275,13
65434276,13
65434277,13
65434278,13
65434279,13
65434280,12|13
65434281,13
65434282,13
65434283,13
65434284,13
65434285,13
65434286,13
65434287,13
65434288,13
65434289,13
65434290,12|13
65434291,12|13
65434292,13
65434293,13
65434294,13
65434295,13
65434296,13
65434297,13
65434298,13
65434299,13
654343,13
654344,13
654345,13
654346,13
654347,13
654350,12
654351,12
65435200,12
65435201,12|13
65435202,12|13
65435203,13
65435204,13
65435205,13
65435206,13
65435207,13
65435208,13
65435209,13
65435210,12
65435211,12
65435212,12|13
65435213,12|13
65435214,12|13
65435215,12|13
65435216,12|13
65435217,13
65435218,13
65435219,13
65435220,12
65435221,12
65435222,12
65435223,12
65435224,12|13
65435225,12|13
65435226,12|13
65435227,12|13
65435228,12|13
65435229,13
65435230,12
65435231,12
65435232,12
65435233,12
65435234,12
65435235,12
65435236,12
65435237,12
65435238,12|13
65435239,12|13
65435240,12
65435241,12
65435242,12
65435243,12
65435244,12
65435245,12
65435246,12
65435247,12
65435248,12|13
65435249,12|13
65435250,12
65435251,12
65435252,12
65435253,12
65435254,12
65435255,12
65435256,12
65435257,12
65435258,12
65435259,12
65435260,12
65435261,12
65435262,12
65435263,12
65435264,12
65435265,12
65435266,12
65435267,12
65435268,12
65435269,12
65435270,12
65435271,12
65435272,12
65435273,12
65435274,12
65435275,12
65435276,12
65435277,12
65435278,12
65435279,12
65435280,12
65435281,12
65435282,12
65435283,12
65435284,12
65435285,12
65435286,12
65435287,12
65435288,12
65435289,12
65435290,12
65435291,12
65435292,12
65435293,12
65435294,12
65435295,12
65435296,12
65435297,12
65435298,12
65435299,12
65435300,13
65435301,13
65435302,13
65435303,13
65435304,13
65435305,13
65435306,13
65435307,13
65435308,13
65435309,13
65435310,13
65435311,13
65435312,13
65435313,13
65435314,13
65435315,13
65435316,13
65435317,13
65435318,13
65435319,13
65435320,13
65435321,13
65435322,13
65435323,13
65435324,13
65435325,13
65435326,13
65435327,13
65435328,13
65435329,13
65435330,13
65435331,13
65435332,13
65435333,13
65435334,13
65435335,13
65435336,13
65435337,13
65435338,13
65435339,13
65435340,12|13
65435341,13
65435342,13
65435343,13
65435344,13
65435345,13
65435346,13
65435347,13
65435348,13
65435349,13
65435350,12|13
65435351,12|13
65435352,12|13
65435353,12|13
65435354,12|13
65435355,13
65435356,13
65435357,13
65435358,13
65435359,13
65435360,12
65435361,12
65435362,12
65435363,12
65435364,12|13
65435365,12|13
65435366,13
65435367,13
65435368,13
65435369,13
65435370,12
65435371,12
65435372,12
65435373,12
65435374,12
65435375,12|13
65435376,12|13
65435377,12|13
65435378,12|13
65435379,12|13
65435380,12
65435381,12
65435382,12
65435383,12
65435384,12
65435385,12
65435386,12
65435387,12
65435388,12
65435389,12
65435390,12
65435391,12
65435392,12
65435393,12
65435394,12
65435395,12
65435396,12
65435397,12
65435398,12
65435399,12
65435400,13
65435401,13
65435402,13
65435403,13
65435404,13
65435405,13
65435406,13
65435407,13
65435408,13
65435409,13
65435410,13
65435411,13
65435412,13
65435413,13
65435414,13
65435415,13
65435416,13
65435417,13
65435418,13
65435419,13
65435420,13
65435421,13
65435422,13
65435423,13
65435424,13
65435425,13
65435426,13
65435427,13
65435428,13
65435429,13
65435430,13
65435431,13
65435432,13
65435433,13
65435434,13
65435435,13
65435436,13
65435437,13
65435438,13
65435439,13
65435440,13
65435441,13
65435442,13
65435443,13
65435444,13
65435445,13
65435446,13
65435447,13
65435448,13
65435449,13
65435450,13
65435451,13
65435452,13
65435453,13
65435454,13
65435455,13
65435456,13
65435457,13
65435458,13
65435459,13
65435460,13
65435461,13
65435462,13
65435463,13
65435464,13
65435465,13
65435466,13
65435467,13
65435468,13
65435469,13
65435470,12|13
65435471,12|13
65435472,13
65435473,13
65435474,13
65435475,13
65435476,13
65435477,13
65435478,13
65435479,13
65435480,12
65435481,12|13
65435482,12|13
65435483,13
65435484,13
65435485,13
65435486,13
65435487,13
65435488,13
65435489,13
65435490,12
65435491,12
65435492,12|13
65435493,13
65435494,13
65435495,13
65435496,13
65435497,13
65435498,13
65435499,13
654355,13
654356,13
654357,13
654360,12
654361,12
654362,12
654363,12
65436400,12
65436401,12
65436402,12|13
65436403,12|13
65436404,12|13
65436405,12|13
65436406,13
65436407,13
65436408,13
65436409,13
65436410,12
65436411,12
65436412,12
65436413,12|13
65436414,12|13
65436415,12|13
65436416,13
65436417,13
65436418,13
65436419,13
65436420,12
65436421,12
65436422,12
65436423,12
65436424,12
65436425,12|13
65436426,13
65436427,13
65436428,13
65436429,13
65436430,12
65436431,12
65436432,12
65436433,12
65436434,12
65436435,12|13
65436436,13
65436437,13
65436438,13
65436439,13
65436440,12
65436441,12
65436442,12
65436443,12
65436444,12
65436445,12|13
65436446,13
65436447,13
65436448,13
65436449,13
65436450,12
65436451,12
65436452,12
65436453,12
65436454,12
65436455,12|13
65436456,12|13
65436457,13
65436458,13
65436459,13
65436460,12
65436461,12
65436462,12
65436463,12
65436464,12
65436465,12
65436466,12|13
65436467,13
65436468,13
65436469,13
65436470,12
65436471,12
65436472,12
65436473,12
65436474,12
65436475,12
65436476,12|13
65436477,13
65436478,13
65436479,13
65436480,12
65436481,12
65436482,12
65436483,12
65436484,12
65436485,12
65436486,12|13
65436487,13
65436488,13
65436489,13
65436490,12
65436491,12
65436492,12
65436493,12
65436494,12
65436495,12
65436496,12|13
65436497,13
65436498,13
65436499,13
654365,13
654366,13
654367,13
654370,12
654371,12
654372,12
654373,12
65437400,12
65437401,12
65437402,12
65437403,12
65437404,12
65437405,12
65437406,12|13
65437407,12|13
65437408,13
65437409,13
65437410,12
65437411,12
65437412,12
65437413,12
65437414,12
65437415,12
65437416,12|13
65437417,12|13
65437418,13
65437419,13
65437420,12
65437421,12
65437422,12
65437423,12
65437424,12
65437425,12
65437426,12
65437427,12|13
65437428,13
65437429,13
65437430,12
65437431,12
65437432,12
65437433,12
65437434,12
65437435,12|13
65437436,12|13
65437437,12|13
65437438,13
65437439,13
65437440,12
65437441,12
65437442,12
65437443,12
65437444,12
65437445,12|13
65437446,13
65437447,13
65437448,13
65437449,13
65437450,12
65437451,12
65437452,12
65437453,12
65437454,12
65437455,12|13
65437456,12|13
65437457,13
65437458,13
65437459,13
65437460,12
65437461,12
65437462,12
65437463,12
65437464,12
65437465,12
65437466,12|13
65437467,12|13
65437468,13
65437469,13
65437470,12
65437471,12
65437472,12
65437473,12
65437474,12
65437475,12
65437476,12|13
65437477,12|13
65437478,13
65437479,13
65437480,12
65437481,12
65437482,12
65437483,12
65437484,12
65437485,12
65437486,12|13
65437487,12|13
65437488,13
65437489,13
65437490,12
65437491,12
65437492,12
65437493,12
65437494,12
65437495,12
65437496,12
65437497,12|13
65437498,12|13
65437499,12|13
65437500,13
65437501,13
65437502,13
65437503,13
65437504,13
65437505,13
65437506,13
65437507,13
65437508,13
65437509,13
65437510,13
65437511,13
65437512,13
65437513,13
65437514,13
65437515,13
65437516,13
65437517,13
65437518,13
65437519,13
65437520,13
65437521,13
65437522,13
65437523,13
65437524,13
65437525,13
65437526,13
65437527,13
65437528,13
65437529,13
65437530,13
65437531,13
65437532,13
65437533,13
65437534,13
65437535,13
65437536,13
65437537,13
65437538,13
65437539,13
65437540,13
65437541,13
65437542,13
65437543,13
65437544,13
65437545,13
65437546,13
65437547,13
65437548,13
65437549,13
65437550,13
65437551,13
65437552,13
65437553,13
65437554,13
65437555,13
65437556,13
65437557,13
65437558,13
65437559,13
65437560,13
65437561,13
65437562,13
65437563,13
65437564,13
65437565,13
65437566,13
65437567,13
65437568,13
65437569,13
65437570,13
65437571,13
65437572,13
65437573,13
65437574,13
65437575,13
65437576,13
65437577,13
65437578,13
65437579,13
65437580,12|13
65437581,12|13
65437582,12|13
65437583,13
65437584,13
65437585,13
65437586,13
65437587,13
65437588,13
65437589,13
65437590,12|13
65437591,12|13
65437592,12|13
65437593,13
65437594,13
65437595,13
65437596,13
65437597,13
65437598,13
65437599,13
654376,13
654377,13
654400,13
654401,13
654402,13
654403,13
654404,13
654405,13
654406,13
654407,13
654410,13
654411,13
654412,13
654413,13
654414,13
654415,13
654416,13
654417,13
654420,13
654421,13
654422,13
654423,13
654424,13
654425,13
654426,13
654427,13
654430,13
654431,13
654432,13
654433,13
654434,13
654435,13
654436,13
654437,13
654440,13
654441,13
654442,13
654443,13
654444,13
654445,13
654446,13
654447,13
654450,13
654451,13
654452,13
654453,13
654454,13
654455,13
654456,13
654457,13
654460,13
654461,13
654462,13
654463,13
654464,13
654465,13
654466,13
654467,13
654470,13
654471,13
654472,13
654473,13
654474,13
654475,13
654476,13
654477,13
654500,13
654501,13
654502,13
654504,13
654505,13
654506,13
654507,13
654510,13
654511,13
654512,13
654516,13
654517,13
654520,13
654521,13
654522,13
654530,13
654531,13
654532,13
654534,13
654540,13
654541,13
654543,13
654544,13
654550,13
654553,13
654554,13
654560,13
654563,13
654564,13
654565,13
654570,13
654571,13
654574,13
654575,13
654576,13
654600,13
654601,13
654610,13
654611,13
654620,13
654621,13
654623,13
654632,13
654633,13
654644,13
654645,13
654646,13
654654,13
654655,13
654656,13
654657,13
654665,13
654666,13
654667,13
664105,12
664106,12
664107,12
664115,12
664116,12
664117,12
664125,12
664126,12
664127,12
664135,12
664136,12
664137,12
664142,12
664145,12
664146,12
664147,12
664152,12
664153,12
664155,12
664156,12
664157,12
664166,12
664167,12
664176,12
664177,12
664200,12
664201,12
664202,12
664203,12
664204,12
664205,12
664206,12
664207,12
664210,12
664211,12
664212,12
664213,12
664214,12
664215,12
664216,12
664217,12
664220,12
664221,12
664222,12
664223,12
664224,12
664225,12
664226,12
664227,12
664230,12
664231,12
664232,12
664233,12
664234,12
664235,12
664236,12
664237,12
664240,12
664241,12
664242,12
664243,12
664244,12
664245,12
664246,12
664247,12
664250,12
664251,12
664252,12
664253,12
664254,12
664255,12
664256,12
664257,12
664260,12
664261,12
664262,12
664263,12
664264,12
664265,12
664266,12
664267,12
664270,12
664271,12
664272,12
664273,12
664274,12
664275,12
664276,12
664277,12
664300,12
664301,12
664302,12
664303,12
664304,12
66430500,12
66430501,12
66430502,12|13
66430503,12|13
66430504,13
66430505,13
66430506,12|13
66430507,12|13
66430508,13
66430509,13
66430510,12
66430511,12
66430512,12
66430513,12|13
66430514,12|13
66430515,12|13
66430516,12|13
66430517,12|13
66430518,13
66430519,13
66430520,12
66430521,12
66430522,12
66430523,12
66430524,12|13
66430525,12|13
66430526,12
66430527,12|13
66430528,13
66430529,13
66430530,12
66430531,12
66430532,12
66430533,12
66430534,12
66430535,12
66430536,12
66430537,12|13
66430538,13
66430539,13
66430540,12
66430541,12
66430542,12
66430543,12
66430544,12
66430545,12
66430546,12
66430547,12|13
66430548,12|13
66430549,13
66430550,12
66430551,12
66430552,12
66430553,12
66430554,12
66430555,12
66430556,12
66430557,12
66430558,12|13
66430559,13
66430560,12
66430561,12
66430562,12
66430563,12
66430564,12
66430565,12
66430566,12
66430567,12
66430568,12|13
66430569,13
66430570,12
66430571,12
66430572,12
66430573,12
66430574,12
66430575,12
66430576,12
66430577,12
66430578,12|13
66430579,12|13
66430580,12
66430581,12
66430582,12
66430583,12
66430584,12
66430585,12
66430586,12
66430587,12
66430588,12
66430589,12|13
66430590,12
66430591,12
66430592,12
66430593,12
66430594,12
66430595,12
66430596,12
66430597,12
66430598,12
66430599,12|13
664306,13
664307,13
664310,12
664311,12
664312,12
664313,12
664314,12
66431500,12
66431501,12
66431502,12
66431503,12
66431504,12
66431505,12
66431506,12
66431507,12
66431508,12
66431509,12|13
66431510,12
66431511,12
66431512,12
66431513,12
66431514,12
66431515,12
66431516,12
66431517,12
66431518,12
66431519,12|13
66431520,12
66431521,12
66431522,12
66431523,12
66431524,12
66431525,12
66431526,12
66431527,12
66431528,12
66431529,12|13
66431530,12
66431531,12
66431532,12
66431533,12
66431534,12
66431535,12
66431536,12
66431537,12
66431538,12
66431539,12|13
66431540,12
66431541,12
66431542,12
66431543,12
66431544,12
66431545,12
66431546,12
66431547,12
66431548,12
66431549,12|13
66431550,12
66431551,12
66431552,12
66431553,12
66431554,12
66431555,12
66431556,12
66431557,12
66431558,12
66431559,12|13
66431560,12
66431561,12
66431562,12
66431563,12
66431564,12
66431565,12
66431566,12
66431567,12
66431568,12
66431569,12
66431570,12
66431571,12
66431572,12
66431573,12
66431574,12
66431575,12
66431576,12
66431577,12
66431578,12
66431579,12
66431580,12
66431581,12
66431582,12
66431583,12
66431584,12
66431585,12
66431586,12
66431587,12
66431588,12
66431589,12
66431590,12
66431591,12
66431592,12
66431593,12
66431594,12
66431595,12
66431596,12
66431597,12
66431598,12
66431599,12
66431600,13
66431601,13
66431602,13
66431603,13
66431604,13
66431605,13
66431606,13
66431607,13
66431608,13
66431609,13
66431610,13
66431611,13
66431612,13
66431613,13
66431614,13
66431615,13
66431616,13
66431617,13
66431618,13
66431619,13
66431620,13
66431621,13
66431622,13
66431623,13
66431624,13
66431625,13
66431626,13
66431627,13
66431628,13
66431629,13
66431630,13
66431631,13
66431632,13
66431633,13
66431634,13
66431635,13
66431636,13
66431637,13
66431638,13
66431639,13
66431640,13
66431641,13
66431642,13
66431643,13
66431644,13
66431645,13
66431646,13
66431647,13
66431648,13
66431649,13
66431650,12|13
66431651,13
66431652,13
66431653,13
66431654,13
66431655,13
66431656,13
66431657,13
66431658,13
66431659,13
66431660,12|13
66431661,12|13
66431662,13
66431663,13
66431664,13
66431665,13
66431666,13
66431667,13
66431668,13
66431669,13
66431670,12
66431671,12|13
66431672,12|13
66431673,13
66431674,13
66431675,13
66431676,13
66431677,13
66431678,13
66431679,13
66431680,12
66431681,12
66431682,12|13
66431683,13
66431684,13
66431685,13
66431686,13
66431687,13
66431688,13
66431689,13
66431690,12
66431691,12
66431692,12|13
66431693,13
66431694,13
66431695,13
66431696,13
66431697,13
66431698,13
66431699,13
664317,13
664320,12
664321,12
664322,12
664323,12
664324,12
664325,12
66432600,12
66432601,12
66432602,12|13
66432603,13
66432604,13
66432605,13
66432606,13
66432607,13
66432610,12
66432611,12
66432612,12|13
66432613,13
66432614,13
66432620,12
66432621,12
66432622,12|13
664330,12
664331,12
664332,12
664333,12
664334,12
664340,12
664341,12
664342,12
664343,12
664350,12
664351,12
664360,12
664400,13
664401,13
664402,13
664407,13
664410,13
664411,13
664412,13
664500,13
664501,13
664505,13
664506,13
664507,13
664510,13
664511,13
664512,13
664515,13
664516,13
664517,13
664521,13
664522,13
664526,13
664527,13
664531,13
664532,13
664537,13
664542,13
664547,13
664620,13
664630,13
664631,13
664632,13
664640,13
664641,13
664642,13
664643,13
664644,13
664650,13
664651,13
664652,13
664653,13
664654,13
664656,13
664657,13
664660,13
664661,13
664667,13
664677,13
664750,13
664760,13
664761,13
664770,13
664771,13
664772,13
674077,12
674106,12
674107,12
674116,12
674117,12
674125,12
674126,12
674127,12
674135,12
674136,12
674137,12
674145,12
674146,12
674147,12
674151,12
674152,12
674154,12
674155,12
674156,12
674157,12
674161,12
674162,12
674164,12
674165,12
674166,12
674167,12
674170,12
674171,12
674174,12
674175,12
674176,12
674177,12
674200,12
674201,12
674202,12
674203,12
674204,12
674205,12
674206,12
674210,12
674211,12
674212,12
674213,12
674214,12
674215,12
674216,12
674220,12
674221,12
674222,12
674223,12
674224,12
674225,12
674230,12
674231,12
674232,12
674233,12
674234,12
674240,12
674241,12
674242,12
674243,12
674244,12
674250,12
674251,12
674252,12
674253,12
674260,12
674261,12
674262,12
674270,12
674271,12
674272,12
674701,13
674702,13
674703,13
674710,13
674711,13
674712,13
674713,13
674714,13
674722,13
674723,13
674724,13
674725,13
674733,13
674734,13
674735,13
674736,13
674737,13
674744,13
674745,13
674746,13
674747,13
674753,13
674754,13
674755,13
674756,13
674757,13
674765,13
674766,13
674767,13
674776,13
674777,13
674840,13
674850,13
674851,13
674860,13
674861,13
674862,13
674863,13
674870,13
674871,13
674872,13
674873,13
674874,13
674875,13
674876,13
684007,12
684017,12
684027,12
684100,12
684105,12
684106,12
684107,12
684110,12
684115,12
684116,12
684117,12
684127,12
684200,12
684201,12
684210,12
684706,13
684707,13
684717,13
684800,13
684803,13
684804,13
684805,13
684806,13
684807,13
684813,13
684814,13
684815,13
684816,13
684817,13
684824,13
684825,13
684826,13
684827,13
